date,platform,author,text,engagement,url,type,query
2026-10-07T15:04:47Z,Mastodon,w2tch,"#Top10 #Movies #today — October 7, 2026 1 #Digger 2 #SpiderManBrandNewDay 3 #Backrooms 4 #Obsession 5 #ResidentEvil 6 #Verity 7 #TheOdyssey 8 #EvilDeadBurn 9 #Primetime 10 #TeenageSexAndDeathAtCampMiasma More movies: https://w2tch.com/popular-movies/ #movies #Top10 #w2tch #what2watch #whattowatch #tonight #popularmovies",0,https://mastodon.social/@w2tch/117400239308075125,post,#SpiderManBrandNewDay
2026-10-07T13:55:09Z,Mastodon,TheMovieBlog@c.im,"Spider-Man: Brand New Day Digital Release Date Confirmed After Record Run The wait is finally over for fans looking to bring the latest web-slinging adventure into their living rooms. Spider-Man: Brand New Day has officially secured its digital streaming release date, marking the next chapter for the record-breaking blockbuster.... #Disney+ #netflix #sonypictures #SpiderManBrandNewDay #Superhero https://www.themovieblog.com/2026/10/spider-man-brand-new-day-digital-release-date/",0,https://c.im/@TheMovieBlog/117399965473736839,post,#SpiderManBrandNewDay
2026-10-06T21:29:29Z,Mastodon,silverkey.social@bsky.brid.gy,“it's okay. i've already made 4 movies.” 😂😂 #Spider-ManBrandNewDay #bloopers #Spider-Man,1,https://fed.brid.gy/r/https://bsky.app/profile/did:plc:cbt4hxk53fhh3e6zjeq7m46l/post/3mxaestbmvc2p,post,#SpiderManBrandNewDay
2026-10-06T17:55:09Z,Mastodon,comingsoon.net@web.brid.gy,Mark Ruffalo Hints Hulk & Spider-Man’s MCU Story Is Just Getting Started https://fed.brid.gy/r/https://www.comingsoon.net/movies/news/2202711-mark-ruffalo-hints-hulk-spider-man-mcu-story-just-getting-started,2,https://fed.brid.gy/r/https://www.comingsoon.net/movies/news/2202711-mark-ruffalo-hints-hulk-spider-man-mcu-story-just-getting-started,post,#SpiderManBrandNewDay
2026-10-06T16:01:22Z,Mastodon,comingsoon.net@web.brid.gy,Marvel’s Secret X-Men Movie Arrives on Digital Streaming Today https://fed.brid.gy/r/https://www.comingsoon.net/movies/news/2202479-spider-man-brand-new-day-digital-release-date,1,https://fed.brid.gy/r/https://www.comingsoon.net/movies/news/2202479-spider-man-brand-new-day-digital-release-date,post,#SpiderManBrandNewDay
2026-10-06T15:52:30Z,Mastodon,comingsoon.net@web.brid.gy,Spider-Man: Brand New Day Deleted Scene Reveals Peter Parker Unmasked in the Hospital https://fed.brid.gy/r/https://www.comingsoon.net/movies/news/2202573-spider-man-brand-new-day-deleted-scene-peter-parker-unmasked-hospital,1,https://fed.brid.gy/r/https://www.comingsoon.net/movies/news/2202573-spider-man-brand-new-day-deleted-scene-peter-parker-unmasked-hospital,post,#SpiderManBrandNewDay
2026-10-06T15:24:38Z,Mastodon,w2tch,"#Top10 #Movies #today — October 6, 2026 1 #SpiderManBrandNewDay 2 #Digger 3 #Backrooms 4 #Obsession 5 #ResidentEvil 6 #Verity 7 #TeenageSexAndDeathAtCampMiasma 8 #EvilDeadBurn 9 #Primetime 10 #TheOdyssey More movies: https://w2tch.com/popular-movies/ #movies #Top10 #w2tch #what2watch #whattowatch #tonight #popularmovies",0,https://mastodon.social/@w2tch/117394655075825649,post,#SpiderManBrandNewDay
2026-10-06T07:46:40Z,Mastodon,comingsoon.net@web.brid.gy,Spider-Man: Brand New Day Just Made Its Way To Your Home After $2.5B Haul https://fed.brid.gy/r/https://www.comingsoon.net/movies/news/2202370-spider-man-brand-new-day-digital-streaming-release-date,1,https://fed.brid.gy/r/https://www.comingsoon.net/movies/news/2202370-spider-man-brand-new-day-digital-streaming-release-date,post,#SpiderManBrandNewDay
2026-10-05T23:40:08Z,Mastodon,hollywoodreporter,‘Spider-Man: Brand New Day’ Heads to Streaming: Where to Watch the 2026 Blockbuster Online #TV #TVNews #Howtowatch #SpiderManBrandNewDay #SpiderMan https://www.hollywoodreporter.com/tv/tv-news/watch-spider-man-brand-new-day-streaming-release-date-2026-1236722722/,0,https://mastodon.social/@hollywoodreporter/117390941133585545,post,#SpiderManBrandNewDay
2026-10-05T21:24:17Z,Mastodon,indiegenius,Movie TV Tech Geeks #Movie #SpiderManBrandNewDay #Marvel #MCU 8 Marvel Films That Are Perfect From Start to Finish http://dlvr.it/TVndZ9,0,https://mastodon.social/@indiegenius/117390406922728652,post,#SpiderManBrandNewDay
2026-10-05T20:39:02Z,Mastodon,dmtalkies,"‘SPIDER-MAN: BRAND NEW DAY’ Crosses $2.5 Billion Worldwide! 🕷️🔥 Spider-Man: Brand New Day has officially passed $2.5 billion worldwide, becoming only the third film in history to reach the milestone. 🌎💰 Spider-Man continues to dominate the global box office! 🕸️🏆 #SpiderManBrandNewDay #SpiderMan",1,https://mastodon.social/@dmtalkies/117390228991573233,post,#SpiderManBrandNewDay
2026-10-05T16:40:33Z,Mastodon,luisbermejo,Acabo de ver Spider-Man: Brand New Day (2026) https://trakt.tv/movies/spider-man-brand-new-day-2026 #SpiderManBrandNewDay #trakt,0,https://mastodon.social/@luisbermejo/117389291280649879,post,#SpiderManBrandNewDay
2026-10-05T16:37:13Z,Mastodon,movizark@mastodon.world,"'Verity' Takes Top Spot with Solid $32 Million Debut, While 'Digger' Bombs With $8 Million at the BO!! #Verity, #Digger, #Primetime, #ResidentEvil, #HeartoftheBeast, #SpiderManBrandNewDay, #boxoffice",0,https://mastodon.world/@movizark/117389278142357283,post,#SpiderManBrandNewDay
2026-10-05T14:08:11Z,Mastodon,luisbermejo,Viendo Spider-Man: Brand New Day (2026) https://trakt.tv/movies/spider-man-brand-new-day-2026 #SpiderManBrandNewDay #trakt,0,https://mastodon.social/@luisbermejo/117388692111466648,post,#SpiderManBrandNewDay
2026-10-04T09:37:19Z,Mastodon,mrulity,The Post Credits Scene: Spoilers... Zi Ding Xiang survived and controlled her powers and now she will join the Avengers to fight Dr Doom!!! Hype for Doomsday? anyone? #Marvel #AvengersDoomsday #SpiderManBrandNewDay #MCU,0,https://mastodon.social/@mrulity/117381964752672599,post,#SpiderManBrandNewDay
2026-10-02T23:03:34Z,Mastodon,indiegenius,"Movie TV Tech Geeks #Movie #Superhero #SpiderManBrandNewDay #Superman The 6 Best Superhero Movies Released Since 2020, Ranked http://dlvr.it/TVljqZ",0,https://mastodon.social/@indiegenius/117373810382417998,post,#SpiderManBrandNewDay
2026-10-01T07:48:28Z,Mastodon,mcnita,"Cositas que hemos visto: #SpiderManBrandNewDay, #TheLoveHypothesis (meh, esperaba más pero también podría haber sido peor), #LoveisBlindUK S3 (sorprendida con los resultados) y #ElProblemaFinal (enganchadísima pero decepcionó el final, de un señoro tenía que ser). Cositas que he leído: #LaFuriaYElLaberinto, #ElHombreQueMatóaLopedeVega (vaya vibes de movida que podría haber salido en el Ministerio del Tiempo) y #PercyJacksonylaDiosadeTresCabezas.",0,https://mastodon.social/@mcnita/117364549769889853,post,#SpiderManBrandNewDay
2026-09-30T19:25:19Z,Mastodon,hollywoodreporter,Florence Pugh Thanks Tom Holland for Her ‘Spider-Man: Brand New Day’ Casting: “This All Happened Because of Tom” #MovieNews #Movies #FlorencePugh #Marvel #SpiderManBrandNewDay #TomHolland https://www.hollywoodreporter.com/movies/movie-news/florence-pugh-thanks-tom-holland-spider-man-brand-new-day-1236717379/,0,https://mastodon.social/@hollywoodreporter/117361627587947765,post,#SpiderManBrandNewDay
2026-09-30T12:28:02Z,Mastodon,dmtalkies,"SPIDER-MAN: BRAND NEW DAY’ Gets Digital Release Date! 🕷️🔥 Sony Pictures has officially announced that Spider-Man: Brand New Day will arrive on Digital October 6! 🎬 The film will then debut on 4K UHD, Blu-ray and DVD on December 15. 👀🍿 #SpiderManBrandNewDay",0,https://mastodon.social/@dmtalkies/117359986739684240,post,#SpiderManBrandNewDay
2026-09-30T05:00:06Z,Mastodon,variety_feed,Florence Pugh Credits Tom Holland for ‘Spider-Man: Brand New Day’ Role: ‘This All Happened Because of Tom’ #Variety #News #FlorencePugh #SpiderManBrandNewDay #TomHolland https://variety.com/2026/film/news/florence-pugh-credits-tom-holland-spider-man-brand-new-day-1236887794/,1,https://mastodon.social/@variety_feed/117358225390969862,post,#SpiderManBrandNewDay
2026-09-30T04:47:53Z,Mastodon,phantastiknews,YouTube Tipp ▶️ #SPIDERMANBRANDNEWDAY - Meet #JeanGrey https://youtu.be/1NcjsnEpfbw?is=jjhW8fcBo7ppUKrw,0,https://mastodon.social/@phantastiknews/117358177379032565,post,#SpiderManBrandNewDay
2026-09-29T22:09:06Z,Mastodon,AniM71,#SpiderMan #SpiderManBrandNewDay #PeterParker #TomHolland #marvel #MovieReview #FilmReview #MovieBlogger #FilmCritic #MovieRecommendation #MCUFans #MarvelCinematicUniverse #MarvelComics #ThePunisher #StreetLevelHeroes #SpiderMan4 #BrandNewDay #MCUPhase5 #CinemaTok #moviegram,0,https://mastodon.social/@AniM71/117356609310257746,post,#SpiderManBrandNewDay
2026-09-29T18:04:09Z,Mastodon,movizark@mastodon.world,"'Spider-Man: Brand New Day' to Reportedly Re-Release with New Footage!! #JacobBatalon, #JonBernthal, #LizaColonZayas, #MarkRuffalo, #Marvel, #MarvinJonesIII, #MelanieScrofano, #MichaelMando, #SadieSink, #Sony, #SpiderMan4, #SpiderManBrandNewDay, #TomHolland, #TramellTillman, #Zendaya",0,https://mastodon.world/@movizark/117355646091203895,post,#SpiderManBrandNewDay
2026-09-29T16:21:55Z,Mastodon,comingsoon.net@web.brid.gy,Spider-Man: Brand New Day Update Confirms Cut Daredevil Character Scene Is in Rerelease https://fed.brid.gy/r/https://www.comingsoon.net/movies/news/2199118-spider-man-brand-new-day-update-daredevil-character-rerelease,1,https://fed.brid.gy/r/https://www.comingsoon.net/movies/news/2199118-spider-man-brand-new-day-update-daredevil-character-rerelease,post,#SpiderManBrandNewDay
2026-09-29T13:46:50Z,Mastodon,comingsoon.net@web.brid.gy,Florence Pugh’s Spider-Man: Brand New Day Cameo Has a Surprising Tom Holland Origin Story https://fed.brid.gy/r/https://www.comingsoon.net/movies/news/2199014-florence-pugh-credits-tom-holland-for-spider-man-brand-new-day-cameo,1,https://fed.brid.gy/r/https://www.comingsoon.net/movies/news/2199014-florence-pugh-credits-tom-holland-for-spider-man-brand-new-day-cameo,post,#SpiderManBrandNewDay
2026-09-29T13:38:40Z,Mastodon,Mathrubhumi_English,Tom Holland’s ‘Spider-Man: Brand New Day’ is set to re-release with new footage. The makers have not yet announced the re-release date. https://english.mathrubhumi.com/movies-music/hollywood/tom-holland-spider-man-brand-new-day-re-release-new-footage-rl3t13su?utm_source=dlvr.it&utm_medium=mastodon #TomHolland #SpiderManBrandNewDay #MovieRerelease #MarvelMovies,0,https://mastodon.social/@Mathrubhumi_English/117354602215538106,post,#SpiderManBrandNewDay
2026-09-29T00:55:30Z,Mastodon,indiegenius,Movie TV Tech Geeks #MovieNews #SpiderManBrandNewDay #SpiderMan 'Spider-Man: Brand New Day' Officially Sets Digital Release in October http://dlvr.it/TVhH0b,1,https://mastodon.social/@indiegenius/117351601304796030,post,#SpiderManBrandNewDay
2026-09-29T00:02:15Z,Mastodon,charlietvgeek@mast.lat,#BreakingNews #SonyPictures y #Marvel confirman el reestreno en cines de #SpiderManBrandNewDay con metraje extendido y escenas eliminadas que incluye el regreso Rosario Dawson como Claire Temple. Todavía no se sabe cuánto tiempo durará la nueva versión ni en qué fecha estrenará.,0,https://mast.lat/@charlietvgeek/117351391920998681,post,#SpiderManBrandNewDay
2026-09-28T23:00:42Z,Mastodon,indiegenius,Movie TV Tech Geeks #MovieNews #SpiderManBrandNewDay #TomHolland 'Spider-Man: Brand New Day' Officially Returns With Major New Marvel Footage http://dlvr.it/TVhDvC,1,https://mastodon.social/@indiegenius/117351149909952634,post,#SpiderManBrandNewDay
2026-09-28T22:20:10Z,Mastodon,hollywoodreporter,‘Spider-Man: Brand New Day’ Eyes Rerelease With Unseen Footage #MovieNews #Movies #AvengersDoomsday #AvengersEndgame #Boxoffice #DestinDanielCretton #MarvelStudios #RosarioDawson #SonyPictures #SpiderManBrandNewDay #TomHolland https://www.hollywoodreporter.com/movies/movie-news/spider-man-brand-new-rerelease-new-footage-rosario-dawson-1236713895/,0,https://mastodon.social/@hollywoodreporter/117350990526289038,post,#SpiderManBrandNewDay
2026-09-28T22:00:04Z,Mastodon,variety_feed,‘Spider-Man: Brand New Day’ Re-Release in the Works With New Footage #Variety #News #SpiderManBrandNewDay #TomHolland #Zendaya https://variety.com/2026/film/news/spider-man-brand-new-day-re-release-new-footage-tom-holland-1236877741/,1,https://mastodon.social/@variety_feed/117350911491961916,post,#SpiderManBrandNewDay
2026-09-28T21:20:05Z,Mastodon,deadline,‘Spider-Man: Brand New Day’ Re-Release In Works With Extra Footage – The Dish #News #SpiderManBrandNewDay #TheDish https://deadline.com/2026/09/spider-man-brand-new-day-re-release-1237115619/,0,https://mastodon.social/@deadline/117350754284690703,post,#SpiderManBrandNewDay
2026-09-28T05:04:03Z,Mastodon,digitalworldshq,Spider-Man: Brand New Day Knocked Off its Perch. --- FULL ARTICLE AT SCREEN RANT https://screenrant.com/spider-man-brand-new-day-box-office-week-9-domestic-chart-report/ --- #spidermanbrandnewday #screenrant #spiderman #spidermanbrandnewday #sbnd #boxoffice,0,https://mastodon.social/@digitalworldshq/117346916362899664,post,#SpiderManBrandNewDay
2026-09-27T22:17:48Z,Mastodon,indiegenius,"Movie TV Tech Geeks #Movie #Blockbuster #SpiderManBrandNewDay The 7 Best Blockbuster Films of the 2020s So Far, Ranked http://dlvr.it/TVgQvm",1,https://mastodon.social/@indiegenius/117345318897682984,post,#SpiderManBrandNewDay
2026-09-27T20:34:38Z,Mastodon,TheMovieBlog@c.im,"Documentary The History of Concrete Smashes Box Office Record A surprising new challenger has emerged in the world of theatrical performance. The documentary The History of Concrete has officially broken a Spider-Man: Brand New Day box office record, marking a notable achievement for the non-fiction project.... #Documentary #JohnWilson #MagnoliaPictures #SpiderManBrandNewDay #TheHistoryofConcrete https://www.themovieblog.com/2026/09/the-history-of-concrete-box-office-record/",0,https://c.im/@TheMovieBlog/117344913202489881,post,#SpiderManBrandNewDay
2026-09-27T13:18:09Z,Mastodon,ClayAdventuresontheShelf@mastodon.uno,"Ciao Mondo. Sono andato al #cinema a vedere #spidermanbrandnewday - #domenica mattina il cinema è #staypovero - ed ecco una recensione onesta. Partiamo dal voto: 7 ma solo per le scene di volteggio e un inizio che ho trovato ben scritto. Il resto: una storia che sembra fungere più da raccordo che da storia a sé. Ah, #spoiler: Spidey fa a cazzotti co' #hulk. Fine",0,https://mastodon.uno/@ClayAdventuresontheShelf/117343196933119414,post,#SpiderManBrandNewDay
2026-09-26T20:34:39Z,Mastodon,TheMovieBlog@c.im,"Documentary The History of Concrete Smashes Box Office Record A surprising new challenger has emerged in the world of theatrical performance. The documentary The History of Concrete has officially broken a Spider-Man: Brand New Day box office record, marking a notable achievement for the non-fiction project.... #Documentary #JohnWilson #MagnoliaPictures #SpiderManBrandNewDay #TheHistoryofConcrete https://www.themovieblog.com/2026/09/the-history-of-concrete-box-office-record/",0,https://c.im/@TheMovieBlog/117339250991184895,post,#SpiderManBrandNewDay
2026-09-25T20:34:40Z,Mastodon,TheMovieBlog@c.im,"Documentary The History of Concrete Smashes Box Office Record A surprising new challenger has emerged in the world of theatrical performance. The documentary The History of Concrete has officially broken a Spider-Man: Brand New Day box office record, marking a notable achievement for the non-fiction project.... #Documentary #JohnWilson #MagnoliaPictures #SpiderManBrandNewDay #TheHistoryofConcrete https://www.themovieblog.com/2026/09/the-history-of-concrete-box-office-record/",0,https://c.im/@TheMovieBlog/117333588730785978,post,#SpiderManBrandNewDay
2026-09-24T17:25:30Z,Mastodon,movizark@mastodon.world,"'Spider-Man: Brand New Day' Director Scores New Sony Deal!! #DestinDanielCretton, #SpiderManBrandNewDay, #SpiderMan5, #Naruto, #Sony",0,https://mastodon.world/@movizark/117327182611221902,post,#SpiderManBrandNewDay
2026-09-24T11:42:19Z,Mastodon,Cboy13@mamot.fr,Ma note : Spider-Man: Brand New Day (2026) ★★★★★★★★☆☆ #EnRegardant https://trakt.tv/movies/spider-man-brand-new-day-2026 #SpiderManBrandNewDay #trakt,0,https://mamot.fr/@Cboy13/117325833152062174,post,#SpiderManBrandNewDay
2026-09-23T22:04:41Z,Mastodon,TheMovieBlog@c.im,"Spider-Man: Brand New Day Story Evolved Through Multiple Scrapped Concepts The development of Spider-Man: Brand New Day was a winding road of creative exploration. As the project took shape, the writing team navigated numerous discarded concepts, including alternate villains and drastically different plot directions.... #ChrisMcKenna #Marvel #Sony #SpiderManBrandNewDay #Superhero https://www.themovieblog.com/2026/09/spider-man-brand-new-day-story-evolved-through-multiple-scrapped-concepts/",0,https://c.im/@TheMovieBlog/117322618053858846,post,#SpiderManBrandNewDay
2026-09-23T16:15:45Z,Mastodon,TheMovieBlog@c.im,Spider-Man: Brand New Day Breaks Box Office Records The box office landscape has officially shifted. Spider-Man: Brand New Day has officially overtaken 2015's Star Wars: The Force Awakens to become the highest-grossing domestic release of all time.... #DestinDanielCretton #Disney #MarvelStudios #SpiderManBrandNewDay #TomHolland https://www.themovieblog.com/2026/09/spider-man-brand-new-day-breaks-box-office-records/,0,https://c.im/@TheMovieBlog/117321246016138794,post,#SpiderManBrandNewDay
2026-09-22T22:04:47Z,Mastodon,TheMovieBlog@c.im,"Spider-Man: Brand New Day Story Evolved Through Multiple Scrapped Concepts The development of Spider-Man: Brand New Day was a winding road of creative exploration. As the project took shape, the writing team navigated numerous discarded concepts, including alternate villains and drastically different plot directions.... #ChrisMcKenna #Marvel #Sony #SpiderManBrandNewDay #Superhero https://www.themovieblog.com/2026/09/spider-man-brand-new-day-story-evolved-through-multiple-scrapped-concepts/",0,https://c.im/@TheMovieBlog/117316956132893703,post,#SpiderManBrandNewDay
2026-09-22T21:01:13Z,Mastodon,justpastemovies,"What to Know About ‘Spider-Man: Brand New Day’ Hits No. 1 on All-Time Domestic Chart, Topping ‘Force Awakens’ https://justpaste.in/movies/what-to-know-about-spider-man-brand-new-day-hits-no-1-on-all-time-domestic-chart-topping-force-awakens/ #boxoffice #MarvelStudios #sonypictures #SpiderManBrandNewDay #StarWarsEpisodeVIITheForceAwakens",0,https://mastodon.social/@justpastemovies/117316706211587313,post,#SpiderManBrandNewDay
2026-09-22T17:45:15Z,Mastodon,hollywoodreporter,‘Spider-Man: Brand New Day’ Filmmaker Destin Daniel Cretton Signs Overall Deal with Sony Pictures (Exclusive) #MovieNews #Movies #DestinDanielCretton #SpiderManBrandNewDay https://www.hollywoodreporter.com/movies/movie-news/spider-man-brand-new-day-destin-daniel-cretton-1236707646/,0,https://mastodon.social/@hollywoodreporter/117315935654142138,post,#SpiderManBrandNewDay
2026-09-22T16:15:41Z,Mastodon,TheMovieBlog@c.im,Spider-Man: Brand New Day Breaks Box Office Records The box office landscape has officially shifted. Spider-Man: Brand New Day has officially overtaken 2015's Star Wars: The Force Awakens to become the highest-grossing domestic release of all time.... #DestinDanielCretton #Disney #MarvelStudios #SpiderManBrandNewDay #TomHolland https://www.themovieblog.com/2026/09/spider-man-brand-new-day-breaks-box-office-records/,0,https://c.im/@TheMovieBlog/117315583463534460,post,#SpiderManBrandNewDay
2026-09-21T22:04:51Z,Mastodon,TheMovieBlog@c.im,"Spider-Man: Brand New Day Story Evolved Through Multiple Scrapped Concepts The development of Spider-Man: Brand New Day was a winding road of creative exploration. As the project took shape, the writing team navigated numerous discarded concepts, including alternate villains and drastically different plot directions.... #ChrisMcKenna #Marvel #Sony #SpiderManBrandNewDay #Superhero https://www.themovieblog.com/2026/09/spider-man-brand-new-day-story-evolved-through-multiple-scrapped-concepts/",0,https://c.im/@TheMovieBlog/117311294083255715,post,#SpiderManBrandNewDay
2026-09-21T19:54:12Z,Mastodon,comingsoon.net@web.brid.gy,Spider-Man: Brand New Day’s Scrapped Black Suit Surfaces at Auction https://fed.brid.gy/r/https://www.comingsoon.net/movies/news/2194635-spider-man-brand-new-day-scrapped-black-suit-auction,1,https://fed.brid.gy/r/https://www.comingsoon.net/movies/news/2194635-spider-man-brand-new-day-scrapped-black-suit-auction,post,#SpiderManBrandNewDay
2026-09-21T16:49:00Z,Mastodon,movizark@mastodon.world,"Zach Cregger's 'Resident Evil' Reboot Surpasses Expectations with $60M & $108.3M Worldwide Opening at the BO!! #ResidentEvil, #TheWeight, #TheHistoryofConcrete, #SpiderManBrandNewDay, #PracticalMagic2, #TheOdyssey, #CoyoteVsAcme, #boxoffice",0,https://mastodon.world/@movizark/117310052151058467,post,#SpiderManBrandNewDay
2026-09-21T16:15:42Z,Mastodon,TheMovieBlog@c.im,Spider-Man: Brand New Day Breaks Box Office Records The box office landscape has officially shifted. Spider-Man: Brand New Day has officially overtaken 2015's Star Wars: The Force Awakens to become the highest-grossing domestic release of all time.... #DestinDanielCretton #Disney #MarvelStudios #SpiderManBrandNewDay #TomHolland https://www.themovieblog.com/2026/09/spider-man-brand-new-day-breaks-box-office-records/,0,https://c.im/@TheMovieBlog/117309921206091716,post,#SpiderManBrandNewDay
2026-09-21T11:15:00Z,Mastodon,comingsoon.net@web.brid.gy,Practical Magic 2 Still Beats Spider-Man 4 Despite Huge Box Office Drop https://fed.brid.gy/r/https://www.comingsoon.net/movies/news/2194254-practical-magic-2-box-office-beat-spider-man-4-brand-new-day,0,https://fed.brid.gy/r/https://www.comingsoon.net/movies/news/2194254-practical-magic-2-box-office-beat-spider-man-4-brand-new-day,post,#SpiderManBrandNewDay
2026-09-21T02:40:36Z,Mastodon,variety_feed,China Box Office: ‘Once Upon a Time in the Middle East’ Secures Sixth Weekend at No. 1 in Sluggish Frame #Variety #Asia #BoxOffice #Global #News #AllWishesComeTrue #OnceUponaTimeintheMiddleEast #SpiderManBrandNewDay #TheOdyssey https://variety.com/2026/film/box-office/china-box-office-once-upon-a-time-in-the-middle-east-all-wishes-come-true-1236870720/,0,https://mastodon.social/@variety_feed/117306716109988951,post,#SpiderManBrandNewDay
2026-09-19T16:10:03Z,Mastodon,variety_feed,Box Office: Zach Cregger’s ‘Resident Evil’ Scares Up $26 Million on Opening Day #Variety #BoxOffice #PracticalMagic2 #ResidentEvil #SpiderManBrandNewDay #TheWeight https://variety.com/2026/film/box-office/box-office-resident-evil-zach-cregger-1236869586/,0,https://mastodon.social/@variety_feed/117298574369365239,post,#SpiderManBrandNewDay
2026-09-19T15:25:07Z,Mastodon,hollywoodreporter,‘Resident Evil’ Feasting at Box Office as Zach Cregger’s Reboot Races Toward $55M Opening #MovieNews #Movies #AustinAbrams #Boxoffice #PracticalMagic2 #ResidentEvil #SonyPictures #SpiderManBrandNewDay #ZachCregger https://www.hollywoodreporter.com/movies/movie-news/resident-evil-box-office-zach-cregger-reboot-1236706041/,0,https://mastodon.social/@hollywoodreporter/117298397693088080,post,#SpiderManBrandNewDay
2026-09-18T02:51:45Z,Mastodon,justpastemovies,Spider-Man: Brand New Day Box Office Reign Expected to End You Should Know https://justpaste.in/movies/spider-man-brand-new-day-box-office-reign-expected-to-end-you-should-know/ #Marvel #NicoleKidman #PracticalMagic2 #SandraBullock #SpiderManBrandNewDay,0,https://mastodon.social/@justpastemovies/117289772983685963,post,#SpiderManBrandNewDay
2026-09-17T20:40:06Z,Mastodon,videos@wakoka.com,https://www.wacoca.com/videos/3401596/global-beauties/ Jean Grey Then vs Now🔥| Sophie Turner x Sadie Sink Edit | #edit #jeangrey #Edit #JeanGrey #JeanGreyEdit #Sadie #SadieEdit #SadieSink #SadieSinkEdit #SophieTurner #SophieTurnerEdit #SpidermanBrandNewDay #YouTubeShorts #ソフィー・ターナー,0,https://wakoka.com/@videos/117288311590355066,post,#SpiderManBrandNewDay
2026-09-17T15:40:44Z,Mastodon,movizark@mastodon.world,"'Spider-Man: Brand New Day' Officially Becomes Highest Grossing Domestic Release at the BO!! #SpiderManBrandNewDay, #StarWars, #StarWarsTheForceAwakens, #Avatar, #AvengersEndgame",2,https://mastodon.world/@movizark/117287134440770439,post,#SpiderManBrandNewDay
2026-09-17T14:21:09Z,Mastodon,justpastemovies,What to Know About summer Box Office Hits All-Time Record of $4.76 Billion https://justpaste.in/movies/what-to-know-about-summer-box-office-hits-all-time-record-of-4-76-billion/ #boxoffice #Disney #Sony #SpiderManBrandNewDay #Universal,0,https://mastodon.social/@justpastemovies/117286821554852448,post,#SpiderManBrandNewDay
2026-09-17T10:32:37Z,Mastodon,fumettologica.it@web.brid.gy,Spider-Man: Brand New Day supera Star Wars e diventa il film con il maggiore incasso di sempre in Nord America https://fed.brid.gy/r/https://fumettologica.it/2026/09/spider-man-brand-new-day-incassi-nord-america/,0,https://fed.brid.gy/r/https://fumettologica.it/2026/09/spider-man-brand-new-day-incassi-nord-america/,post,#SpiderManBrandNewDay
2026-09-17T08:59:58Z,Mastodon,donporque,¿Cómo ha logrado Spider-Man el récord histórico de taquilla en EE.UU.? #SpiderManBrandNewDay #SpiderMan #TomHolland #Zendaya #Marvel #SonyPictures #Cine #Taquilla #Estrenos2026 #StarWars #Peliculas #felizjueves #17deseptiembre https://donporque.com/spider-man-pelicula-mas-taquillera-de-estados-unidos-2/,1,https://mastodon.social/@donporque/117285558564083952,post,#SpiderManBrandNewDay
2026-09-17T06:51:25Z,Mastodon,justpastemovies,Spider-Man: Brand New Day Dominates U.K. and Ireland Box Office You Should Know https://justpaste.in/movies/spider-man-brand-new-day-dominates-u-k-and-ireland-box-office-you-should-know/ #AlanRitchson #ChristopherNolan #OwenWilson #Sony #SpiderManBrandNewDay,0,https://mastodon.social/@justpastemovies/117285053124119438,post,#SpiderManBrandNewDay
2026-09-17T04:02:43Z,Mastodon,comingsoon.net@web.brid.gy,Will Spider-Man: Brand New Day Cross $1 Billion Now? Sony Boss Has Answered https://fed.brid.gy/r/https://www.comingsoon.net/movies/news/2192593-spider-man-brand-new-day-1-billion-box-office-domestic,1,https://fed.brid.gy/r/https://www.comingsoon.net/movies/news/2192593-spider-man-brand-new-day-1-billion-box-office-domestic,post,#SpiderManBrandNewDay
2026-09-17T01:01:23Z,Mastodon,justpastemovies,Spider-Man: Brand New Day Box Office Reign Nears End You Should Know https://justpaste.in/movies/spider-man-brand-new-day-box-office-reign-nears-end-you-should-know/ #Marvel #SpiderManBrandNewDay #Superhero #TomHolland #MovieNewsChat,0,https://mastodon.social/@justpastemovies/117283676683697615,post,#SpiderManBrandNewDay
2026-09-16T20:35:16Z,Mastodon,deadline,Sony Motion Picture Boss Tom Rothman Celebrates ‘Spider-Man: Brand New Day’ All-Time U.S. Box Office Record: “Moments That Make History” #News #Sony #SpiderManBrandNewDay #TomRothman https://deadline.com/2026/09/spider-man-brand-new-day-box-office-record-tom-rothman-1237105672/,0,https://mastodon.social/@deadline/117282630271551368,post,#SpiderManBrandNewDay
2026-09-16T20:14:59Z,Mastodon,nerdist.com@web.brid.gy,BRAND NEW DAY Tops THE FORCE AWAKENS as Domestic Box Office Champ https://fed.brid.gy/r/https://nerdist.com/article/spider-man-brand-new-day-highest-grossing-domestic-box-office-beats-the-force-awakens/,0,https://fed.brid.gy/r/https://nerdist.com/article/spider-man-brand-new-day-highest-grossing-domestic-box-office-beats-the-force-awakens/,post,#SpiderManBrandNewDay
2026-09-16T19:04:09Z,Mastodon,Kraken17,Lo de esta película es digno de estudio. Alucinante #SpiderManBrandNewDay https://www.reddit.com/r/boxoffice/comments/1whz2wb/with_an_estimated_total_domestic_gross_of_93677m/,2,https://mastodon.social/@Kraken17/117282272029377006,post,#SpiderManBrandNewDay
2026-09-16T16:23:39Z,Mastodon,top_news,"‘Spider-Man: Brand New Day’ Overtakes ‘Star Wars: Force Awakens’ as Highest-Grossing Movie of All Time at Domestic Box Office ""Spider-Man: Brand New Day"" has overtaken 2015's ""Star Wars: The Force Awakens"" as the highest-grossing movie of all time at the domestic box office. https://variety.com/2026/film/box-office/spider-man-beats-star-wars-biggest-movie-domestic-box-office-1236836593/ #TopNews #News #SpiderManBrandNewDay #PeterParker #Marvel",0,https://mastodon.social/@top_news/117281640924120755,post,#SpiderManBrandNewDay
2026-09-16T16:19:09Z,Mastodon,indiegenius,Movie TV Tech Geeks #MovieNews #SpiderManBrandNewDay ‘Spider-Man: Brand New Day’ Officially Becomes the Highest-Grossing Movie Ever in America http://dlvr.it/TVW7jt,0,https://mastodon.social/@indiegenius/117281623197057386,post,#SpiderManBrandNewDay
2026-09-16T14:55:24Z,Mastodon,hollywoodreporter,"‘Spider-Man: Brand New Day’ Hits No. 1 on All-Time Domestic Chart, Topping ‘Force Awakens’ #MovieNews #Movies #Boxoffice #SonyPictures #SpiderManBrandNewDay #StarWarsEpisodeVIITheForceAwakens https://www.hollywoodreporter.com/movies/movie-news/spider-man-brand-new-day-domestic-box-office-force-awakens-1236703398/",0,https://mastodon.social/@hollywoodreporter/117281293888472331,post,#SpiderManBrandNewDay
2026-09-16T14:55:12Z,Mastodon,deadline,Kapow! ‘Spider-Man: Brand New Day’ Beats ‘Star Wars: Force Awakens’ As Highest Grossing Movie Ever At Domestic Box Office With $936.7M #News #SpiderManBrandNewDay #StarWarsTheForceAwakens https://deadline.com/2026/09/box-office-spider-man-brand-new-day-all-time-record-1237105183/,0,https://mastodon.social/@deadline/117281293100929271,post,#SpiderManBrandNewDay
2026-09-16T14:50:03Z,Mastodon,variety_feed,‘Spider-Man: Brand New Day’ Overtakes ‘Star Wars: Force Awakens’ as Highest-Grossing Movie of All Time at Domestic Box Office #Variety #BoxOffice #SpiderManBrandNewDay https://variety.com/2026/film/box-office/spider-man-beats-star-wars-biggest-movie-domestic-box-office-1236836593/,2,https://mastodon.social/@variety_feed/117281272886132661,post,#SpiderManBrandNewDay
2026-09-15T05:55:36Z,Mastodon,FilmBook,"Box Office – September 11-13, 2026: PRACTICAL MAGIC 2, SPIDER-MAN: BRAND NEW DAY, THE ODYSSEY, & More Link: https://film-book.com/box-office-september-11-13-2026-practical-magic-2-spider-man-brand-new-day-the-odyssey-more/?fsp_sid=253348 #BoxOffice #Buddy #ByAnyMeans #Coyotevs.Acme #Hope #InsidiousOutoftheFurther #MovieNews #PracticalMagic2 #Runner #SpiderManBrandNewDay #TheOdyssey #TheUprising",0,https://mastodon.social/@FilmBook/117273509000557348,post,#SpiderManBrandNewDay
2026-09-14T14:00:39Z,Mastodon,top_news,"‘Practical Magic 2’ conjures a No. 1 box office debut with $30 million The Warner Bros. sequel starring Sandra Bullock and Nicole Kidman earned an estimated $30 million from 4,146 theaters, according to estimates Sunday from Rentrak. https://www.nbcnews.com/pop-culture/movies/practical-magic-2-conjures-no-1-box-office-debut-30-million-rcna597647 #TopNews #News #SpiderManBrandNewDay #NorthAmerican #Dergarabedian",0,https://mastodon.social/@top_news/117269753961000092,post,#SpiderManBrandNewDay
2026-09-14T12:53:17Z,Mastodon,movizark@mastodon.world,"'Practical Magic 2' Takes Top Spot From 'Spider-Man' With Low $30 Million Debut As All New Releases Flop at the BO!! #PracticalMagic2, #SpiderManBrandNewDay, #TheUprising, #Runner, #TheOdyssey, #CoyoteVsAcme, #Hope, #TheFix, #Oasis, #DontLookBackInAnger, #boxoffice",2,https://mastodon.world/@movizark/117269489101776466,post,#SpiderManBrandNewDay
2026-09-14T09:37:14Z,Mastodon,nekotsukistudio.bsky.social@bsky.brid.gy,"#PracticalMagic2 en lead qui déboulonne #SpiderManBrandNewDay aux USA. Fallait bien que ça arrive à un moment, mais il faut souligner que ça arrive quand même très très tard après sa sortie, alors qu'il fait encore 8 millions ce weekend, et un total de 935+ millions de $ sur ce seul marché. 👀 RE: https://bsky.app/profile/did:plc:gecergrexhnl5pwn4itwss3y/post/3mvgilvubik2x",2,https://fed.brid.gy/r/https://bsky.app/profile/did:plc:skpzh4aoocs7t7dsyxissbqi/post/3mvhsqy7fzc2a,post,#SpiderManBrandNewDay
2026-09-14T06:40:05Z,Mastodon,variety_feed,Korea Box Office: ‘The Odyssey’ Secures Sixth Weekend Crown as ‘Obsession’ Ascends #Variety #Asia #BoxOffice #Global #News #Obsession #SpiderManBrandNewDay #TheOdyssey https://variety.com/2026/film/box-office/korea-box-office-the-odyssey-obsession-1236860949/,1,https://mastodon.social/@variety_feed/117268021601028788,post,#SpiderManBrandNewDay
2026-09-14T04:45:53Z,Mastodon,phantastiknews,"YouTube tipp ▶️ #BoxOffice - #SpiderManBrandNewDay vs #StarWars, #TheOdyssey vs #JurassicWorld https://youtu.be/pdg0kSGPlQM?is=iYe5LZNBl-93FOjF",1,https://mastodon.social/@phantastiknews/117267572541346180,post,#SpiderManBrandNewDay
2026-09-14T04:01:05Z,Mastodon,comingsoon.net@web.brid.gy,"Spider-Man: Brand New Day Finally Loses, but It’s $1 Million Away From Doing the Unthinkable https://fed.brid.gy/r/https://www.comingsoon.net/movies/news/2190428-spider-man-brand-new-day-box-office-no-2-total",1,https://fed.brid.gy/r/https://www.comingsoon.net/movies/news/2190428-spider-man-brand-new-day-box-office-no-2-total,post,#SpiderManBrandNewDay
2026-09-13T17:59:21Z,Mastodon,indiegenius,Movie TV Tech Geeks #MovieNews #SpiderManBrandNewDay ‘Spider-Man: Brand New Day’ Officially Crosses the Biggest Domestic Box Office Milestone Ever http://dlvr.it/TVSb4g,0,https://mastodon.social/@indiegenius/117265030294073767,post,#SpiderManBrandNewDay
2026-09-13T14:26:47Z,Mastodon,dusty101287,Runde 2 🎉 #SpiderManBrandNewDay 🤩 #Kinofest2026,1,https://mastodon.social/@dusty101287/117264194411022938,post,#SpiderManBrandNewDay
2026-09-13T08:50:04Z,Mastodon,dusty101287@fedihood.social,Guten Morgen #fediverse 👋😌☕ Zwei schöne Tage #h4 sind geschafft. Heute passend zum #Kinofest2026 stimmt sich das #Herbstwetter ein 🍂🍁 Heute stehen zwei #Kinofilme auf dem Programm: - #CoyotevsAcme - #SpiderManBrandNewDay Wird 'nen entspannter Sonntag 😊 Ich wünsch' euch nen ebenso entspannten und schönen Sonntag. Genießt den Tag und machts Beste draus 💪,0,https://fedihood.social/notes/y7n81ki4xhu29g0v1y6n5erg,post,#SpiderManBrandNewDay
2026-09-13T08:48:06Z,Mastodon,dusty101287,Guten Morgen #fediverse 👋😌☕ Zwei schöne Tage #h4 sind geschafft. Heute passend zum #Kinofest2026 stimmt sich das #Herbstwetter ein 🍂🍁 Heute stehen zwei #Kinofilme auf dem Programm: - #CoyotevsAcme - #SpiderManBrandNewDay Wird 'nen entspannter Sonntag 😊 Ich wünsch' euch nen ebenso entspannten und schönen Sonntag. Genießt den Tag und machts Beste draus 💪,3,https://mastodon.social/@dusty101287/117262862677170494,post,#SpiderManBrandNewDay
2026-09-13T08:41:44Z,Mastodon,justpastemovies,"Understanding after Spider-Man: Brand New Day’s $2 Billion Box Office, the Director’s Next Project Is a Reboot of a Classic TV Show https://justpaste.in/movies/understanding-after-spider-man-brand-new-days-2-billion-box-office-the-directors-next-project-is-a-reboot-of-a-classic-tv-show/ #DestinDanielCretton #HawaiiFive0 #RegularNews #SpiderManBrandNewDay #Movies",0,https://mastodon.social/@justpastemovies/117262837641713817,post,#SpiderManBrandNewDay
2026-09-12T17:00:55Z,Mastodon,top_news,"Box Office: ‘Practical Magic 2’ Conjures Up $13 Million on Friday as ‘Spider-Man: Brand New Day’ Nears All-Time Domestic Box Office Record 'Practical Magic 2' conjured up $13 million on Friday, which was good enough for a first place finish. https://variety.com/2026/film/box-office/box-office-practical-magic-2-spider-man-brand-new-day-1236856659/ #TopNews #News #SpiderManBrandNewDay #Magic2 #NorthAmerican",0,https://mastodon.social/@top_news/117259138182911997,post,#SpiderManBrandNewDay
2026-09-12T16:30:21Z,Mastodon,hollywoodreporter,‘Practical Magic 2’ Leads Box Office as ‘Spider-Man’ Eyes All-Time Domestic Record #MovieNews #Movies #AlanRitchson #AndrewGarfield #Boxoffice #CoyoteVsAcme #LiamNeeson #NicoleKidman #OwenWilson #Paulgreengrass #PracticalMagic2 #Runner #SandraBullock #SpiderManBrandNewDay #TheFix #TheOdyssey #TheUprising #TomHolland https://www.hollywoodreporter.com/movies/movie-news/practical-magic-2-box-office-spider-man-domestic-record-1236698853/,0,https://mastodon.social/@hollywoodreporter/117259018013155174,post,#SpiderManBrandNewDay
2026-09-12T15:45:04Z,Mastodon,variety_feed,Box Office: ‘Practical Magic 2’ Conjures Up $13 Million on Friday as ‘Spider-Man: Brand New Day’ Nears All-Time Domestic Box Office Record #Variety #BoxOffice #News #PracticalMagic2 #SpiderManBrandNewDay #TheOdyssey https://variety.com/2026/film/box-office/box-office-practical-magic-2-spider-man-brand-new-day-1236856659/,0,https://mastodon.social/@variety_feed/117258839968897850,post,#SpiderManBrandNewDay
2026-09-11T23:34:51Z,Mastodon,charlietvgeek@mast.lat,"#BreakingNews Una película reboot de #HawaiiFive0 se encuentra en etapa inicial de desarrollo en #Paramount. Destin Daniel Cretton ( #SpiderManBrandNewDay ) ha sido contratado para dirigirla, con guion de Chris Bremner (Bad Boys for Life). Aún no se revelaron detalles de la trama.",0,https://mast.lat/@charlietvgeek/117255024911598535,post,#SpiderManBrandNewDay
2026-09-11T16:20:27Z,Mastodon,hollywoodreporter,‘Practical Magic 2’ Whips Up $4.7M in Box Office Previews #MovieNews #Movies #AlanRitchson #AndrewGarfield #Boxoffice #LiamNeeson #NicoleKidman #OwenWilson #PracticalMagic2 #Runner #SandraBullock #SpiderManBrandNewDay #TheFix #TheUprising https://www.hollywoodreporter.com/movies/movie-news/practical-magic-2-box-office-previews-spider-man-1236697428/,0,https://mastodon.social/@hollywoodreporter/117253316761856641,post,#SpiderManBrandNewDay
2026-09-11T04:40:05Z,Mastodon,hollywoodreporter,‘Practical Magic 2’ Aims to Make ‘Spider-Man’ Disappear From No. 1 at the Box Office #MovieNews #Movies #Boxoffice #NicoleKidman #PracticalMagic2 #Runner #SandraBullock #SpiderManBrandNewDay #SusanneBier #TheFix #TheUprising #WarnerBrosPictures https://www.hollywoodreporter.com/movies/movie-news/practical-magic-2-spider-man-brand-new-day-box-office-1236697368/,0,https://mastodon.social/@hollywoodreporter/117250562791659505,post,#SpiderManBrandNewDay
2026-09-10T19:57:21Z,Mastodon,comingsoon.net@web.brid.gy,Spider-Man: Brand New Day Director Developing Movie Remake of Beloved Crime TV Show https://fed.brid.gy/r/https://www.comingsoon.net/movies/news/2189299-destin-daniel-cretton-spider-man-brand-new-day-classic-crime-franchise,0,https://fed.brid.gy/r/https://www.comingsoon.net/movies/news/2189299-destin-daniel-cretton-spider-man-brand-new-day-classic-crime-franchise,post,#SpiderManBrandNewDay
2026-09-10T18:34:55Z,Mastodon,TheMovieBlog@c.im,"The Odyssey Dominates Korea Box Office as Admissions Top 10 Million The South Korean box office continues to be dominated by a single force as The Odyssey maintains its commanding lead. During the weekend of September 4 through 6, the Christopher Nolan-directed tentpole secured its fifth consecutive weekend victory.... #ChristopherNolan #KimMijo #LeeJiwon #SpiderManBrandNewDay #TheOdyssey https://www.themovieblog.com/2026/09/the-odyssey-dominates-korea-box-office-as-admissions-top-10-million/",1,https://c.im/@TheMovieBlog/117248183197814601,post,#SpiderManBrandNewDay
2026-09-10T17:30:15Z,Mastodon,hollywoodreporter,‘Hawaii Five-O’ Movie in the Works From Destin Daniel Cretton at Paramount #MovieNews #Movies #Cbs #DestinDanielCretton #HawaiiFive0 #ParamountPictures #SpiderManBrandNewDay https://www.hollywoodreporter.com/movies/movie-news/hawaii-five-o-movie-destin-daniel-cretton-paramount-1236696594/,0,https://mastodon.social/@hollywoodreporter/117247928930907322,post,#SpiderManBrandNewDay
2026-09-10T16:05:47Z,Mastodon,deadline,‘Hawaii Five-O’ Movie In Works At Paramount With ‘Spider-Man: Brand New Day’ Helmer Destin Daniel Cretton: The Dish #News #ChrisBremner #DestinDanielCretton #DonaldTrump #HawaiiFiveO #NoahOppenheim #Novid #SpiderManBrandNewDay #TheDish https://deadline.com/2026/09/hawaii-five-o-movie-destin-daniel-cretton-spider-man-1237073354/,0,https://mastodon.social/@deadline/117247596808014050,post,#SpiderManBrandNewDay
2026-09-10T15:29:58Z,Mastodon,theguardian_us_culture@halo.nu,The Odyssey and Spider-Man propel record-breaking summer box office worldwide https://www.theguardian.com/film/2026/sep/10/the-odyssey-and-spider-man-make-for-record-breaking-summer-box-office-worldwide #FilmIndustry #TheOdyssey #SpidermanBrandNewDay #Business #Film #Culture,1,https://halo.nu/@theguardian_us_culture/117247455924431278,post,#SpiderManBrandNewDay
2026-09-10T14:10:05Z,Mastodon,guardianfeeds@rssfeed.media,"The Odyssey and Spider-Man propel record-breaking summer box office worldwide By Catherine Shoard The biggest May to September of all time was recorded in US cinemas, with the UK enjoying a 56% rise in audiences, outstripped by an 88% lift in the Middle East and Africa https://www.theguardian.com/film/2026/sep/10/the-odyssey-and-spider-man-make-for-record-breaking-summer-box-office-worldwide #Filmindustry #TheOdyssey #SpiderManBrandNewDay #Business #Film #Culture #TheGuardian #CatherineShoard",0,https://rssfeed.media/@guardianfeeds/117247141866792730,post,#SpiderManBrandNewDay
2026-09-09T20:25:07Z,Mastodon,deadline,‘Avengers: Doomsday’ Ticket Pre-Sales Cross $50M Domestically Three Months Out #News #AvengersDoomsday #AvengersEndgameEncore #Marvel #SpiderManBrandNewDay https://deadline.com/2026/09/avengers-doomsday-ticket-pre-sales-50-million-3-months-out-1237072759/,0,https://mastodon.social/@deadline/117242954237947909,post,#SpiderManBrandNewDay
2026-09-09T18:34:41Z,Mastodon,TheMovieBlog@c.im,"The Odyssey Dominates Korea Box Office as Admissions Top 10 Million The South Korean box office continues to be dominated by a single force as The Odyssey maintains its commanding lead. During the weekend of September 4 through 6, the Christopher Nolan-directed tentpole secured its fifth consecutive weekend victory.... #ChristopherNolan #KimMijo #LeeJiwon #SpiderManBrandNewDay #TheOdyssey https://www.themovieblog.com/2026/09/the-odyssey-dominates-korea-box-office-as-admissions-top-10-million/",1,https://c.im/@TheMovieBlog/117242519949005635,post,#SpiderManBrandNewDay
2026-09-09T16:42:29Z,Mastodon,top_news,"Box Office: ‘Practical Magic 2’ Aims to Dethrone ‘Spider-Man: Brand New Day’ With $40 Million Debut ""Practical Magic 2"" looks to claim No. 1 at the domestic box office and topple the six weekend reign of ""Spider-Man: Brand New Day."" https://variety.com/2026/film/box-office/practical-magic-2-box-office-opening-weekend-projection-spiderman-brand-new-day-1236855513/ #TopNews #News #Magic2 #SpiderManBrandNewDay #Sally",1,https://mastodon.social/@top_news/117242078794926168,post,#SpiderManBrandNewDay
2026-09-09T14:25:03Z,Mastodon,variety_feed,Box Office: ‘Practical Magic 2’ Aims to Dethrone ‘Spider-Man: Brand New Day’ With $40 Million Debut #Variety #BoxOffice #News #PracticalMagic2 #SpiderManBrandNewDay https://variety.com/2026/film/box-office/practical-magic-2-box-office-opening-weekend-projection-spiderman-brand-new-day-1236855513/,0,https://mastodon.social/@variety_feed/117241538346739273,post,#SpiderManBrandNewDay
2026-09-09T14:05:32Z,Mastodon,variety_feed,Sony Pictures Entertainment CEO on Success of ‘Spider-Man: Brand New Day’: The Movie Is ‘Emotional’ and ‘Some People Come Away Crying’ #Variety #News #Netflix #RaviAhuja #SonyPicturesEntertainment #SpiderManBrandNewDay https://variety.com/2026/film/news/sony-pictures-ceo-spider-man-brand-new-day-emotional-people-crying-1236855666/,1,https://mastodon.social/@variety_feed/117241461635085804,post,#SpiderManBrandNewDay
2026-09-09T13:00:00Z,Mastodon,cinemagizmo.com@cinemagizmo.com,"¿Spiderman salva a Marvel? Spideman: Brand New Day se convierte en la cinta más taquillera de la historia La taquilla de Spider-Man: Brand New Day sigue haciendo historia más de un mes después de su estreno en cines. La cuarta película del arácnido de Tom Holland era uno de los lanzamientos más esperados del año, pero nadie se imaginaba cuál sería su verdadera magnitud. El filme gustó mucho a los críticos profesionales, lo que elevó las expectativas. Y cuando finalmente pudieron verla los fans, tampoco defraudó en absoluto. La bola de nieve se hizo cada vez más grande y reventó todas las previsiones. Así las cosas, tras este fin de semana, Spider-Man: Brand New Day se ha convertido en la tercera película más taquillera de la historia del cine con más 2.400 millones de dólares. Ha superado la recaudación de Avatar 2: El sentido del agua (2.334 millones). Ya solo queda por detrás de Avengers: Endgame (2.799 millones) y Avatar (2.923 millones). Es muy difícil que consiga alcanzar a esos d",7,https://cinemagizmo.com/2026/09/09/spiderman-salva-a-marvel/,post,#SpiderManBrandNewDay
2026-09-09T07:10:06Z,Mastodon,variety_feed,"‘Spider-Man: Brand New Day,’ ‘The Odyssey’ Continue U.K., Ireland Box Office Battle #Variety #BoxOffice #Global #News #Insidiousoutofthefurther #SpiderManBrandNewDay #TheEndofOakStreet #TheOdyssey https://variety.com/2026/film/box-office/spider-man-brand-new-day-the-odyssey-death-of-robin-hood-uk-ireland-box-office-1236855466/",0,https://mastodon.social/@variety_feed/117239828082800153,post,#SpiderManBrandNewDay
2026-09-08T22:15:03Z,Mastodon,indiewire,"Summer Box Office Hit an All-Time High in 2026 — We’re So Back, Right? And 4 Other Takeaways #IndieWire #BoxOffice #News #ChristopherNolan #Film #SpiderManBrandNewDay https://www.indiewire.com/news/box-office/summer-box-office-all-time-high-2026-takeaways-1235215694/",0,https://mastodon.social/@indiewire/117237724192871500,post,#SpiderManBrandNewDay
2026-09-08T22:10:26Z,Mastodon,indiewire.com@web.brid.gy,"Summer Box Office Hit an All-Time High in 2026 — We’re So Back, Right? And 4 Other Takeaways https://fed.brid.gy/r/https://www.indiewire.com/news/box-office/summer-box-office-all-time-high-2026-takeaways-1235215694/",0,https://fed.brid.gy/r/https://www.indiewire.com/news/box-office/summer-box-office-all-time-high-2026-takeaways-1235215694/,post,#SpiderManBrandNewDay
2026-09-08T21:11:30Z,Mastodon,justpastemovies,Hand-drawn Spooder-Man poster goes viral as Spider-Man: Brand New Day hits box office milestone https://justpaste.in/movies/hand-drawn-spooder-man-poster-goes-viral-spider-man-brand-new-day/ #MarvelStudios #Sony #SpiderMan #SpiderManBrandNewDay #MovieNewsChat,0,https://mastodon.social/@justpastemovies/117237474271249309,post,#SpiderManBrandNewDay
2026-09-08T21:00:16Z,Mastodon,hollywoodreporter,"All 65 Movies That Topped $1B at the Global Box Office, Ranked #MovieFeatures #Movies #Boxoffice #ChristopherNolan #SpiderManBrandNewDay #TheOdyssey #TomCruise https://www.hollywoodreporter.com/lists/highest-grossing-movies-all-time-worldwide-box-office/",0,https://mastodon.social/@hollywoodreporter/117237430115633704,post,#SpiderManBrandNewDay
2026-09-08T18:34:45Z,Mastodon,TheMovieBlog@c.im,"The Odyssey Dominates Korea Box Office as Admissions Top 10 Million The South Korean box office continues to be dominated by a single force as The Odyssey maintains its commanding lead. During the weekend of September 4 through 6, the Christopher Nolan-directed tentpole secured its fifth consecutive weekend victory.... #ChristopherNolan #KimMijo #LeeJiwon #SpiderManBrandNewDay #TheOdyssey https://www.themovieblog.com/2026/09/the-odyssey-dominates-korea-box-office-as-admissions-top-10-million/",1,https://c.im/@TheMovieBlog/117236857953597217,post,#SpiderManBrandNewDay
2026-09-08T17:12:56Z,Mastodon,movizark@mastodon.world,"Summer U.S. Box Office Hits All-Time $4.76B Record!! #TheOdyssey, #SpiderManBrandNewDay, #Backrooms, #Obsession, #Michael, #TheDevilWearsPrada2, #StarWarsMandalorianAndGrogu, #ToyStory5, #Supergirl, #Moana, #TheEndOfOakStreet, #MinionsAndMonsters, #TheRivalsOfAmziahKing, #ByAnyMeans, #TheInvite, #AvengersDoomsday, #DunePartThree",1,https://mastodon.world/@movizark/117236536206896087,post,#SpiderManBrandNewDay
2026-09-08T05:05:03Z,Mastodon,variety_feed,Korea Box Office: ‘The Odyssey’ Overwhelms ‘Spider-Man: Brand New Day’ as Admissions Top 10 Million #Variety #Asia #BoxOffice #Global #News #Obsession #SpiderManBrandNewDay #TheIntern #TheOdyssey https://variety.com/2026/film/box-office/korea-box-office-the-odyssey-spider-man-brand-new-day-the-intern-1236854398/,0,https://mastodon.social/@variety_feed/117233674049119592,post,#SpiderManBrandNewDay
2026-09-07T18:15:06Z,Mastodon,variety_feed,Summer Box Office Breaks All-Time Record With $4.67 Billion #Variety #BoxOffice #SpiderManBrandNewDay #TheOdyssey https://variety.com/2026/film/box-office/summer-box-office-breaks-all-time-record-1236854175/,2,https://mastodon.social/@variety_feed/117231118382492357,post,#SpiderManBrandNewDay
2026-09-07T15:06:43Z,Mastodon,movizark@mastodon.world,"'Spider-Man: Brand New Day' Stays No. 1 in Sixth Weekend, While New Releases Flop at the BO!! #SpiderManBrandNewDay, #Fall2, #Onslaught, #ByAnyMeans, #TheOdyssey, #CoyoteVsAcme, #Buddy, #boxoffice",1,https://mastodon.world/@movizark/117230377566787057,post,#SpiderManBrandNewDay
2026-09-07T13:03:15Z,Mastodon,cooperativa@mastodon.cl,"📰 ""Spider-Man: Brand New Day"" ya es la tercera película más taquillera de la historia 🔗 https://www.cooperativa.cl/noticias/magazine/cine/spider-man-brand-new-day-ya-es-la-tercera-pelicula-mas-taquillera-de/2026-09-07/081154.html #spidermanbrandnewday #peliculastaquilla #superheroscine",0,https://mastodon.cl/@cooperativa/117229892088665980,post,#SpiderManBrandNewDay
2026-09-07T11:54:02Z,Mastodon,justpastemovies,‘Insidious: Out Of The Further’ To Scare Up $50M+ WW; ‘Spider-Man: Brand New Day’ To Prevail With $85M+ WW In Fourth Frame – Box Office Preview https://justpaste.in/movies/spider-man-insidious-out-of-the-further-global-box-office/ #InsidiousOutoftheFurther #Mutiny #SpaWeekend #SpiderManBrandNewDay #TheMagicFarawayTree,0,https://mastodon.social/@justpastemovies/117229619952637964,post,#SpiderManBrandNewDay
2026-09-07T08:54:26Z,Mastodon,nekotsukistudio.bsky.social@bsky.brid.gy,"#SpiderManBrandNewDay : 2.4 milliards de $. #TheOdyssey : 1.6 milliards de $. #CoyoteVsACME : 57 millions de $, mais quand même 3ème du classement, malgré le fait qu'il a été très mal distribué (il n'est même pas passé en France. 😢). 33 pays seulement, mais c'est beaucoup pour Ketchup Entertainment. RE: https://bsky.app/profile/did:plc:gecergrexhnl5pwn4itwss3y/post/3muuyxytcr22i",2,https://fed.brid.gy/r/https://bsky.app/profile/did:plc:skpzh4aoocs7t7dsyxissbqi/post/3muw53z3xps2o,post,#SpiderManBrandNewDay
2026-09-07T08:21:34Z,Mastodon,nekotsukistudio.bsky.social@bsky.brid.gy,"#SpiderManBrandNewDay à 900+ millions de $ rien que sur les USA, éclipserait presque les quasi 600 millions de $ de #TheOdyssey. 😅 A noter quand même que #CoyoteVsAcme reste dans le Top 3, ce qui en fait un succès, quoi qu'on en dise ! 😛 RE: https://bsky.app/profile/did:plc:gecergrexhnl5pwn4itwss3y/post/3muuz2evn722m",1,https://fed.brid.gy/r/https://bsky.app/profile/did:plc:skpzh4aoocs7t7dsyxissbqi/post/3muw3b7pbw22y,post,#SpiderManBrandNewDay
2026-09-06T20:18:12Z,Mastodon,top_news,"Box Office: ‘Spider-Man: Brand New Day’ Remains No. 1 in Sixth Weekend, Nears ‘Avengers: Endgame’ All-Time Domestic Record ""Spider-Man: Brand New Day"" is the No. 1 movie for the sixth consecutive weekend, a rare feat. https://variety.com/2026/film/box-office/spiderman-brand-new-day-box-office-sixth-weekend-1236852435/ #TopNews #News #SpiderManBrandNewDay #NorthAmerica #WarnerBros",0,https://mastodon.social/@top_news/117225940062780033,post,#SpiderManBrandNewDay
2026-09-06T17:35:04Z,Mastodon,variety_feed,"Box Office: ‘Spider-Man: Brand New Day’ Remains No. 1 in Sixth Weekend, Nears ‘Avengers: Endgame’ All-Time Domestic Record #Variety #BoxOffice #News #ByAnyMeans #SpiderManBrandNewDay https://variety.com/2026/film/box-office/spiderman-brand-new-day-box-office-sixth-weekend-1236852435/",2,https://mastodon.social/@variety_feed/117225298611085816,post,#SpiderManBrandNewDay
2026-09-06T17:35:03Z,Mastodon,justpastemovies,"Amid ‘Spider-Man’ and ‘The Odyssey’ Leaks, Hollywood’s Battle Against Piracy Enters a Whole New Era https://justpaste.in/movies/movie-piracy-spider-man-odyssy-leak-online/ #ChristopherNolan #Piracy #SpiderManBrandNewDay #TheOdyssey #Features",0,https://mastodon.social/@justpastemovies/117225298529344177,post,#SpiderManBrandNewDay
2026-09-06T16:40:14Z,Mastodon,deadline,‘Odyssey’ Beats ‘Spider-Man: Brand New Day’ At Global Weekend Box Office As Web Slinger Remains No. 3 All-Time With $2.4B WW – Global Box Office #News #SpiderManBrandNewDay #TheOdyssey https://deadline.com/2026/09/box-office-global-odyssey-beats-spider-man-brand-new-day-1237069465/,0,https://mastodon.social/@deadline/117225082997851208,post,#SpiderManBrandNewDay
2026-09-06T08:26:12Z,Mastodon,fanthatracks,Spider-Man: Brand New Day closes in on The Force Awakens at the US domestic box office #TheForceAwakens #StarWars #FanthaTracks #spidermanbrandnewday #theforceawakens The Force Awakens is about to be passed as the US domestic box office king by Spider-Man: Brand New Day. Read the whole story at the below link: https://www.fanthatracks.com/news/film-music-tv/spider-man-brand-new-day-closes-in-on-the-force-awakens-at-the-us-domestic-box-office/,0,https://mastodon.social/@fanthatracks/117223140405892421,post,#SpiderManBrandNewDay
2026-09-06T07:35:03Z,Mastodon,justpastemovies,The End of Oak Street and PAW Patrol: The Dino Movie Box Office Update You Should Know https://justpaste.in/movies/the-end-of-oak-street-and-paw-patrol-the-dino-movie-box-office-update-you-should-know/ #Paramount #PAWPatrolTheDinoMovie #SpiderManBrandNewDay #TheEndofOakStreet #WarnerBros,0,https://mastodon.social/@justpastemovies/117222939231845032,post,#SpiderManBrandNewDay
2026-09-06T03:57:12Z,Mastodon,scifibr.wordpress.com@scifibr.wordpress.com,"Review de Filme Sessão Tripla: HOMEM-ARANHA: UM NOVO DIA – O FIM DA RUA – SUPERGIRL Spider-Man: Brand New Day, EUA, 2026 Gênero: Ação, Ficção Científica Duração: 145 min. Elenco: Scarlett Johansson, Jonathan Bailey, Manuel Garcia-Rulfo, Mahershala Ali, Rupert Friend, Luna Blaise Direção: Destin Daniel Cretton Cotação: 3,5/5,0 As mudanças que a Marvel está propondo para os filmes do MCU, depois de tanta tranqueira produzida nos últimos anos, estão surtindo algum efeito, embora eu continue achando que investir em cineastas não-autores ou investir em autores para cortar as asas deles (como fizeram com Sam Raimi e Chloé Zhao) seja um erro. De todo modo, compreendo a intenção de manter as produções nos trilhos e considero acertos filmes mais recentes, como THUNDERBOLTS* e QUARTETO FANTÁSTICO: PRIMEIROS PASSOS, que funcionam individualmente e não apenas como mais um tijolinho desse universo cinematográfico. Em HOMEM-ARANHA: UM NOVO DIA (2026), o Aranha/Peter Parker de Tom Holland finalmente",0,https://scifibr.wordpress.com/2026/09/06/review-de-filme-sessao-tripla-homem-aranha-um-novo-dia-o-fim-da-rua-supergirl/,post,#SpiderManBrandNewDay
2026-09-06T01:42:51Z,Mastodon,justpastemovies,2026 Domestic Box Office Soars Past $7 Billion Milestone You Should Know https://justpaste.in/movies/2026-domestic-box-office-soars-past-7-billion-milestone-you-should-know/ #2026DomesticBoxOffice #AvengersDoomsday #ChristopherNolan #Disney #SpiderManBrandNewDay,0,https://mastodon.social/@justpastemovies/117221554373256990,post,#SpiderManBrandNewDay
2026-09-05T22:25:02Z,Mastodon,justpastemovies,What to Know About spider-Man: Brand New Day Nearly Featured Chameleon as the Villain https://justpaste.in/movies/what-to-know-about-spider-man-brand-new-day-nearly-featured-chameleon-as-the-villain/ #KravenTheHunter #MarvelStudios #SpiderManBrandNewDay #TomHolland #MovieNewsChat,0,https://mastodon.social/@justpastemovies/117220776538921848,post,#SpiderManBrandNewDay
2026-09-05T20:42:05Z,Mastodon,justpastemovies,Regal Launches Rewards+ Loyalty Program Amid Company’s Record-Setting Summer (Exclusive): A Practical Look https://justpaste.in/movies/regal-launches-rewards-loyalty-program-amid-companys-record-setting-summer-exclusive-a-practical-look/ #RegalEntertainmentGroup #SpiderManBrandNewDay #TheOdyssey #Business #BusinessNews,0,https://mastodon.social/@justpastemovies/117220371716111881,post,#SpiderManBrandNewDay
2026-09-05T16:35:03Z,Mastodon,variety_feed,‘Spider-Man: Brand New Day’ Is Fastest Film to Cross $900 Million at Domestic Box Office #Variety #News #ByAnyMeans #Onslaught #SpiderManBrandNewDay https://variety.com/2026/film/news/spider-man-brand-new-day-box-office-900-million-1236849789/,1,https://mastodon.social/@variety_feed/117219400344375517,post,#SpiderManBrandNewDay
2026-09-05T15:11:35Z,Mastodon,Seth_Petsching@pixelfed.social,Obviously I wasn’t going to miss Spider-Man: Brand New Day. Seems like nobody missed Spider-Man. And when I went I saw they had this cool alternate poster in addition to the regular one • #spiderman #brandnewday #spidermanbrandnewday #mcu #marvel #superhero #cinema #movie #theater #movies,2,https://pixelfed.social/p/Seth_Petsching/1001869472133567811,post,#SpiderManBrandNewDay
2026-09-05T03:35:38Z,Mastodon,TheMovieBlog@c.im,"Spider-Man: Brand New Day BTS Video Reveals Wild Stunt That Didn’t Make the Cut A new behind-the-scenes video from Spider-Man: Brand New Day offers fans a fascinating look at the filmmaking process, specifically highlighting a Marvel’s Spider-Man Stunt Deleted from Brand New Day that never made it into the final theatrical release.... #DestinDanielCretton #Marvel #sonypictures #SpiderManBrandNewDay #TomHolland https://www.themovieblog.com/2026/09/spider-man-brand-new-day-bts-stunt-deleted/",0,https://c.im/@TheMovieBlog/117216335515493089,post,#SpiderManBrandNewDay
2026-09-04T22:05:13Z,Mastodon,deadline,"‘Spider-Man: Brand New Day’ Shows No Signs Of Slowing Over Labor Day, Gets Closer To Toppling ‘Force Awakens’ All Time U.S. Record – Update #News #ByAnyMeans #Fall2Deadpoint #Onslaught #SpiderManBrandNewDay https://deadline.com/2026/09/box-office-spider-man-brand-new-day-by-any-means-labor-day-1237068549/",0,https://mastodon.social/@deadline/117215036285842840,post,#SpiderManBrandNewDay
2026-09-04T19:46:25Z,Mastodon,comingsoon.net@web.brid.gy,Spider-Man: Brand New Day Passes Box Office Milestone Only One Movie Has Ever Pulled Off https://fed.brid.gy/r/https://www.comingsoon.net/movies/news/2186676-spider-man-brand-new-day-domestic-box-office-second-highest-record,2,https://fed.brid.gy/r/https://www.comingsoon.net/movies/news/2186676-spider-man-brand-new-day-domestic-box-office-second-highest-record,post,#SpiderManBrandNewDay
2026-09-04T17:55:06Z,Mastodon,deadline,"‘Spider-Man: Brand New Day’ Crossing $900M U.S. Today, 2nd Pic To Hit Rare Milestone; ‘By Any Means’ $725K In Previews – Box Office #News #ByAnyMeans #Onslaught #SpiderManBrandNewDay https://deadline.com/2026/09/box-office-spider-man-brand-new-day-record-by-any-means-1237068219/",0,https://mastodon.social/@deadline/117214052779742111,post,#SpiderManBrandNewDay
2026-09-04T15:48:28Z,Mastodon,raurquiz@c.im,Hola a todos este viernes / Hello everyone this friday #FF #followfriday #follo4followback #siguemeytesigo #viernesdeganarseguidores #startrek #strangenewworlds #transformers #ageoftheprimes #starwars #ahsoka #thunderbolts #fantasticfour #spidermanbrandnewday #avengersdoomsday,1,https://c.im/@raurquiz/117213554846684465,post,#SpiderManBrandNewDay
2026-09-04T15:15:56Z,Mastodon,comingsoon.net@web.brid.gy,Andrew Garfield’s The Amazing Spider-Man 2 Suit Makes a Surprise Return in Brand New Day https://fed.brid.gy/r/https://www.comingsoon.net/movies/news/2186460-spider-man-brand-new-day-andrew-garfield-spidey-suit,1,https://fed.brid.gy/r/https://www.comingsoon.net/movies/news/2186460-spider-man-brand-new-day-andrew-garfield-spidey-suit,post,#SpiderManBrandNewDay
2026-09-04T11:25:04Z,Mastodon,variety_feed,‘Spider-Man’ and ‘The Odyssey’ Propel U.K. Box Office to Best August Since 2018 #Variety #Global #News #SpiderManBrandNewDay #TheOdyssey https://variety.com/2026/film/global/spider-man-odyssey-uk-box-office-best-august-since-2018-1236850423/,0,https://mastodon.social/@variety_feed/117212519081898672,post,#SpiderManBrandNewDay
2026-09-04T06:04:20Z,Mastodon,whatson,"From cosmic battles to street-level action, here is our official Film Friday ranking of the best Marvel movies ever made! 🍿🎬Check out which iconic superhero blockbusters took the top spots and add them to your weekend watchlist. #FilmFriday #BestMarvelMovies #MCU #Avengers #SpiderManBrandNewDay #BlackPanther #CaptainAmerica #WhatsOn #MovieRankings https://whatson.guide/news/film-friday-best-marvel-movies-you-need-to-see/",0,https://mastodon.social/@whatson/117211257924947497,post,#SpiderManBrandNewDay
2026-09-04T03:35:42Z,Mastodon,TheMovieBlog@c.im,"Spider-Man: Brand New Day BTS Video Reveals Wild Stunt That Didn’t Make the Cut A new behind-the-scenes video from Spider-Man: Brand New Day offers fans a fascinating look at the filmmaking process, specifically highlighting a Marvel’s Spider-Man Stunt Deleted from Brand New Day that never made it into the final theatrical release.... #DestinDanielCretton #Marvel #sonypictures #SpiderManBrandNewDay #TomHolland https://www.themovieblog.com/2026/09/spider-man-brand-new-day-bts-stunt-deleted/",1,https://c.im/@TheMovieBlog/117210673502257474,post,#SpiderManBrandNewDay
2026-09-03T17:32:26Z,Mastodon,movizark@mastodon.world,"'Spider-Man: Brand New Day' Has Officially Become the 3rd Highest-Grossing Release Ever!! #SpiderManBrandNewDay, #AvatarTheWayofWater, #StarWars, #TheForceAwakens",3,https://mastodon.world/@movizark/117208301359365439,post,#SpiderManBrandNewDay
2026-09-03T10:49:49Z,Mastodon,indiegenius,Movie TV Tech Geeks #MovieNews #SpiderManBrandNewDay #MCU ‘Spider-Man: Brand New Day’ Is Officially the 3rd Highest-Grossing Movie Ever in America http://dlvr.it/TVJRl9,0,https://mastodon.social/@indiegenius/117206718199065671,post,#SpiderManBrandNewDay
2026-09-03T06:30:15Z,Mastodon,martincidmag,Andrew Garfield on Spider-Man: “He’s everybody’s… extraordinary like all of us” https://www.martincid.com/movies/andrew-garfield-spider-man-everybodys/ #AndrewGarfield #SuperheroMovies #SpiderManBrandNewDay,0,https://mastodon.social/@martincidmag/117205697489064109,post,#SpiderManBrandNewDay
2026-09-03T04:34:28Z,Mastodon,comingsoon.net@web.brid.gy,Andrew Garfield Refuses To React to Tom Holland’s Spider-Man 4 & Odyssey Performances https://fed.brid.gy/r/https://www.comingsoon.net/movies/news/2185564-andrew-garfield-react-to-tom-holland-spider-man-4-the-odyssey-refuse,2,https://fed.brid.gy/r/https://www.comingsoon.net/movies/news/2185564-andrew-garfield-react-to-tom-holland-spider-man-4-the-odyssey-refuse,post,#SpiderManBrandNewDay
2026-09-03T04:20:04Z,Mastodon,variety_feed,Andrew Garfield Hasn’t Seen ‘Spider-Man: Brand New Day’ Yet and Insists He’s Not in ‘Avengers: Doomsday’ #Variety #Columns #News #AndrewGarfield #JustForVariety #SpiderManBrandNewDay #Theuprising #TomHolland https://variety.com/2026/film/columns/andrew-garfield-hasnt-seen-spider-man-brand-new-day-not-in-avengers-doomsday-1236849940/,1,https://mastodon.social/@variety_feed/117205185614989819,post,#SpiderManBrandNewDay
2026-09-03T03:35:44Z,Mastodon,TheMovieBlog@c.im,"Spider-Man: Brand New Day BTS Video Reveals Wild Stunt That Didn’t Make the Cut A new behind-the-scenes video from Spider-Man: Brand New Day offers fans a fascinating look at the filmmaking process, specifically highlighting a Marvel’s Spider-Man Stunt Deleted from Brand New Day that never made it into the final theatrical release.... #DestinDanielCretton #Marvel #sonypictures #SpiderManBrandNewDay #TomHolland https://www.themovieblog.com/2026/09/spider-man-brand-new-day-bts-stunt-deleted/",1,https://c.im/@TheMovieBlog/117205011324772180,post,#SpiderManBrandNewDay
2026-09-02T19:37:46Z,Mastodon,TheMovieBlog@c.im,"Korea Box Office: The Odyssey Eclipses Spider-Man: Brand New Day The South Korean box office remains firmly under the control of The Odyssey. During the weekend of August 28 to 30, the Christopher Nolan-directed feature maintained its position at the top of the charts.... #ChristopherNolan #KimMijo #KimSoohoon #SpiderManBrandNewDay #TheOdyssey https://www.themovieblog.com/2026/08/korea-box-office-the-odyssey-eclipses-spider-man-brand-new-day/",1,https://c.im/@TheMovieBlog/117203131888893737,post,#SpiderManBrandNewDay
2026-09-02T17:05:18Z,Mastodon,theeditingroom@writing.exchange,"Yeesh, ANOTHER Holland/Zendaya/Bernthal vehicle already?!? ""Spider-Man: Brand New Day"" is abridged: https://www.the-editing-room.com/spider-man-brand-new-day.html #Movies #SpiderManBrandNewDay",0,https://writing.exchange/@theeditingroom/117202532341800034,post,#SpiderManBrandNewDay
2026-09-02T10:35:03Z,Mastodon,variety_feed,"‘Spider-Man: Brand New Day’ Stays in Full Swing Atop U.K., Ireland Box Office as ‘The Odyssey’ Continues Voyage #Variety #BoxOffice #Global #News #CoyoteVsAcme #Insidiousoutofthefurther #SpiderManBrandNewDay #TheOdyssey https://variety.com/2026/film/box-office/spider-man-brand-new-day-odyssey-coyote-acme-uk-ireland-box-office-1236849104/",0,https://mastodon.social/@variety_feed/117200997825581760,post,#SpiderManBrandNewDay
2026-09-02T09:00:05Z,Mastodon,variety_feed,‘Kung Fu Soccer’ Tops as China’s Summer Box Office Hits $1.86 Billion #Variety #Asia #BoxOffice #Global #News #KungFuSoccer #OnceUponaTimeintheMiddleEast #SpiderManBrandNewDay #TheOdyssey https://variety.com/2026/film/box-office/kung-fu-soccer-china-summer-box-office-1236849100/,0,https://mastodon.social/@variety_feed/117200624406344894,post,#SpiderManBrandNewDay
2026-09-01T21:09:45Z,Mastodon,nekotsukistudio.bsky.social@bsky.brid.gy,"De retour du cinéma, ou j'ai enfin vu #SpidermanBrandNewDay 🕷️ un mois après tout le monde. Bilan : c'est un buffet garni, et la nourriture est bonne sans être trop grasse ! 👍 Sincèrement, bien moins tape-à-l’œil que le 3ème film, et je préfère comme ça. Beaucoup d'idées assez malines, aussi. 😊",1,https://bsky.brid.gy/r/https://bsky.app/profile/did:plc:skpzh4aoocs7t7dsyxissbqi/post/3muidfdceek24,post,#SpiderManBrandNewDay
2026-09-01T19:37:47Z,Mastodon,TheMovieBlog@c.im,"Korea Box Office: The Odyssey Eclipses Spider-Man: Brand New Day The South Korean box office remains firmly under the control of The Odyssey. During the weekend of August 28 to 30, the Christopher Nolan-directed feature maintained its position at the top of the charts.... #ChristopherNolan #KimMijo #KimSoohoon #SpiderManBrandNewDay #TheOdyssey https://www.themovieblog.com/2026/08/korea-box-office-the-odyssey-eclipses-spider-man-brand-new-day/",1,https://c.im/@TheMovieBlog/117197469586217910,post,#SpiderManBrandNewDay
2026-09-01T18:15:16Z,Mastodon,hollywoodreporter,"Every ‘Spider-Man’ Movie Villain, Ranked #MovieFeatures #Movies #SpiderManBrandNewDay #SpiderMan #SpiderMan2 #SpiderMan4 #SpiderManAcrosstheSpiderVerse #SpiderManFarFromHome #SpiderManHomecoming #SpiderManNoWayHome https://www.hollywoodreporter.com/lists/spider-man-movie-villains-ranked/",0,https://mastodon.social/@hollywoodreporter/117197145136819627,post,#SpiderManBrandNewDay
2026-09-01T09:10:06Z,Mastodon,guardianfeeds@rssfeed.media,"Summer box office 2026: what can we learn from the hits and misses? By Benjamin Lee It was a bumper season for Hollywood, almost back to pre-pandemic levels, with Tom Holland blockbusters winning out, but there was still a string of disappointments https://www.theguardian.com/film/2026/sep/01/summer-movie-hits-misses #Filmindustry #Film #Business #SpiderManBrandNewDay #SpiderMan #TheOdyssey #ChristopherNolan #TomHolland #DisclosureDay #StevenSpielberg #TheDevilWearsPrada2 #Culture #Comedyfilms #Marvel #Radiocomedy #Comedy #TheGuardian #BenjaminLee",0,https://rssfeed.media/@guardianfeeds/117195001435691835,post,#SpiderManBrandNewDay
2026-09-01T05:31:23Z,Mastodon,FilmBook,"Box Office – August 28-30, 2026: SPIDER-MAN: BRAND NEW DAY, COYOTE VS. ACME, THE ODYSSEY, & More Link: https://film-book.com/box-office-august-28-30-2026-spider-man-brand-new-day-coyote-vs-acme-the-odyssey-more/?fsp_sid=248357 #BoxOffice #Buddy #ComicBook #InsidiousOutoftheFurther #MarvelComics #MovieNews #Mutiny #PAWPatrolTheDinoMovie #SpiderManBrandNewDay #TheEndofOakStreet #TheOdyssey #Tony",0,https://mastodon.social/@FilmBook/117194141419139226,post,#SpiderManBrandNewDay
2026-08-31T22:42:23Z,Mastodon,comingsoon.net@web.brid.gy,Spider-Man: Brand New Day Hides 2 MCU Villain Easter Eggs in Plain Sight https://fed.brid.gy/r/https://www.comingsoon.net/movies/news/2184165-spider-man-brand-new-day-two-mcu-villain-easter-eggs,1,https://fed.brid.gy/r/https://www.comingsoon.net/movies/news/2184165-spider-man-brand-new-day-two-mcu-villain-easter-eggs,post,#SpiderManBrandNewDay
2026-08-31T21:40:08Z,Mastodon,comingsoon.net@web.brid.gy,Coyote vs. Acme’s Box Office Post Pokes Fun at Spider-Man 4 as Fans Beg for More Showings https://fed.brid.gy/r/https://www.comingsoon.net/movies/news/2184128-coyote-vs-acme-box-office-spider-man-4-more-showings,1,https://fed.brid.gy/r/https://www.comingsoon.net/movies/news/2184128-coyote-vs-acme-box-office-spider-man-4-more-showings,post,#SpiderManBrandNewDay
2026-08-31T17:21:10Z,Mastodon,justpastemovies,What to Know About Spider Man Brand New Day movie Still in More Theaters Than Any Other Movie 5 Weekends Later https://justpaste.in/movies/spider-man-brand-new-day-movie/ #SpiderManBrandNewDay #MovieNewsChat #Movies #movie #million,0,https://mastodon.social/@justpastemovies/117191270121101784,post,#SpiderManBrandNewDay
2026-08-31T14:09:20Z,Mastodon,movizark@mastodon.world,"'Coyote vs. Acme' Surprises No. 2 Spot & $15.4M Behind 'Spider-Man 4' as 'Dog Stars' Flops at the BO!! #CoyoteVsAcme, #SpiderManBrandNewDay, #TheDogStars, #Buddy, #TheOdyssey, #Insidious, #boxoffice",0,https://mastodon.world/@movizark/117190515815168699,post,#SpiderManBrandNewDay
2026-08-31T13:43:25Z,Mastodon,phantastiknews,"YouTube Tipp ▶️ #BoxOffice #SpidermanBrandNewDay — #THEDOGSTARS, #COYOTEVSACME OPENING WEEKEND | Summer 2026 #BoxOffice https://youtu.be/qc9yBlImuJo?is=KzntPTJowcOI1N61",0,https://mastodon.social/@phantastiknews/117190413907824452,post,#SpiderManBrandNewDay
2026-08-31T09:09:45Z,Mastodon,fumettologica.it@web.brid.gy,Spider-Man: Brand New Day ha superato Avengers: Endgame negli incassi in Nord America https://fed.brid.gy/r/https://fumettologica.it/2026/08/spider-man-brand-new-day-avengers-endgame-incassi-nord-america/,0,https://fed.brid.gy/r/https://fumettologica.it/2026/08/spider-man-brand-new-day-avengers-endgame-incassi-nord-america/,post,#SpiderManBrandNewDay
2026-08-31T07:50:03Z,Mastodon,variety_feed,Korea Box Office: ‘The Odyssey’ Eclipses ‘Spider-Man: Brand New Day’ #Variety #Asia #BoxOffice #Global #News #Insidiousoutofthefurther #SpiderManBrandNewDay #TheEndofOakStreet #TheOdyssey https://variety.com/2026/film/box-office/korea-box-office-the-odyssey-spider-man-brand-new-day-the-journey-to-gyeongju-1236847124/,0,https://mastodon.social/@variety_feed/117189024353516994,post,#SpiderManBrandNewDay
2026-08-31T07:15:04Z,Mastodon,variety_feed,China Box Office: ‘Once Upon a Time in the Middle East’ Continues Dominance #Variety #Asia #BoxOffice #Global #News #OnceUponaTimeintheMiddleEast #SpiderManBrandNewDay #TheOdyssey https://variety.com/2026/film/box-office/china-box-office-once-upon-a-time-in-the-middle-east-odyssey-spider-man-1236847114/,0,https://mastodon.social/@variety_feed/117188886819434101,post,#SpiderManBrandNewDay
2026-08-30T23:40:09Z,Mastodon,AustinGorton@mstdn.social,"Yesterday, Spider-Man Brand New Day became the 4th highest grossing movie of all time, edging out Titanic! #SpiderMan #SpiderManBrandNewDay https://popheist.com/spider-man-brand-new-day-review",0,https://mstdn.social/@AustinGorton/117187098011469891,post,#SpiderManBrandNewDay
2026-08-30T18:05:30Z,Mastodon,astigdotph,"Spider-Man: Brand New Day passes Titanic to become 4th highest-grossing film of all time Sony and Marvel's Spider-Man: Brand New Day has officially passed Titanic to become the 4th highest-grossing film of all time worldwide, joining an exclusive club of just eight movies to ever cross $2 billion. #SpiderManBrandNewDay #BoxOffice #Titanic #Sony #Marvel #MCU #movies #Hollywood #TomHolland #AvengersEndgame #Zendaya https://astig.ph/spider-man-brand-new-day-passes-titanic-4th-highest-grossing-film-of-all-time/",0,https://mastodon.social/@astigdotph/117185782109086932,post,#SpiderManBrandNewDay
2026-08-30T17:45:06Z,Mastodon,deadline,‘Spider-Man: Brand New Day’ & ‘Odyssey’ In Global Brawl Atop Late Summer Frame; Universal First To Cross $3B Overseas YTD – Worldwide Update #News #DogStars #SpiderManBrandNewDay #TheOdyssey #Universal https://deadline.com/2026/08/box-office-global-spider-man-odyssey-dog-stars-bombs-universal-1237062804/,0,https://mastodon.social/@deadline/117185701876875366,post,#SpiderManBrandNewDay
2026-08-30T16:38:17Z,Mastodon,indiegenius,Movie TV Tech Geeks #MovieNews #SpiderManBrandNewDay ‘Spider-Man: Brand New Day’ Is Just $50 Million Shy of Making Box Office History http://dlvr.it/TVFByD,1,https://mastodon.social/@indiegenius/117185439147067277,post,#SpiderManBrandNewDay
2026-08-30T16:20:05Z,Mastodon,variety_feed,Box Office: ‘The Dog Stars’ Bombs With $8 Million; ‘Spider-Man’ Continues Reign in Fifth Weekend #Variety #BoxOffice #News #SpiderManBrandNewDay #TheDogStars https://variety.com/2026/film/box-office/box-office-the-dog-stars-bombs-spider-man-brand-new-day-1236846879/,0,https://mastodon.social/@variety_feed/117185367578400309,post,#SpiderManBrandNewDay
2026-08-30T16:05:14Z,Mastodon,hollywoodreporter,‘Coyote vs. Acme’ Snags No. 2 With $15.4M as ‘Spider-Man’ Nears ‘Avatar 2’; ‘Dog Stars’ Put to Sleep #MovieNews #Movies #Boxoffice #CoyoteVsAcme #JacobElordi #JohnCena #LanaCondor #LooneyTunes #RidleyScott #SpiderManBrandNewDay #TheDogStars #TheOdyssey #Titanic #TomHolland #WillForte https://www.hollywoodreporter.com/movies/movie-news/coyote-vs-acme-box-office-spider-man-titanic-dog-stars-1236685104/,0,https://mastodon.social/@hollywoodreporter/117185309193588965,post,#SpiderManBrandNewDay
2026-08-29T16:25:03Z,Mastodon,variety_feed,Box Office: ‘The Dog Stars’ Struggles With Just $3 Million on Friday; ‘Spider-Man: Brand New Day’ to Win Weekend Again #Variety #News #CoyotevsAcme #SpiderManBrandNewDay #TheDogStars https://variety.com/2026/film/news/box-office-the-dog-stars-spider-man-brand-new-day-1236846559/,0,https://mastodon.social/@variety_feed/117179724822077041,post,#SpiderManBrandNewDay
2026-08-28T23:09:49Z,Mastodon,filmfreak75,"representing @filmfreakmafia at this screening of #SpiderManBrandNewDay courtesy of #AMCAList #ShareAMC (AMC Pacific Place, 600 Pine St #400, Seattle, WA) https://letterboxd.com/film/spider-man-brand-new-day/",0,https://mastodon.social/@filmfreak75/117175654133891809,post,#SpiderManBrandNewDay
2026-08-28T21:21:46Z,Mastodon,comingsoon.net@web.brid.gy,Spider-Man 4’s Box Office Will Pass One of James Cameron’s Highest-Grossing Movies This Weekend https://fed.brid.gy/r/https://www.comingsoon.net/movies/news/2183604-spider-man-4s-box-office-will-pass-one-of-james-camerons-highest-grossing-movies-this-weekend,1,https://fed.brid.gy/r/https://www.comingsoon.net/movies/news/2183604-spider-man-4s-box-office-will-pass-one-of-james-camerons-highest-grossing-movies-this-weekend,post,#SpiderManBrandNewDay
2026-08-28T20:44:04Z,Mastodon,ChePolitical,（續） ㄟ5. 攝影、美學讓人讚嘆，動作設計也很好（只是成家班的符號還是痕跡太深）。 6.說來說去還是劇本，跟整部片始終「點到為止」的過分收斂，你可以用全力，也可以完全不提、純留白，唯獨「高不成低不就」最尷尬。 7.拜託放棄「偉光正」，拜託，這不是牆內那種「主旋律」電影，好人可以而且好人也會犯錯，不是「犯錯」就是惡人，恰恰好是「怎麼面對錯」更能定義「好人」啊！ 8.「你憑什麼替我們決定」明明很好卻不拿來盡情發揮，Sad。 9.「傷口」一直、一直、一直是處理角色勾勒很好用的切點，為什麼碰一下就擱著咧？ 10.Sadie Sink確實是新星啊！ 11.馬東石是吉爾伽美什我都能吞了，毒蠍、浩克、德沃夫…我吞啦，不然咧。 12.全片演最好的就是「獵鷹美隊」山姆，沒有之一，這是他在MCU裡最好的一部。 🎦 第一時間觀後感影評 f.t 馬高影片欣賞社99級社長： https://youtu.be/2Nf4Y2_rxNo?si=hCvZwhTOrolYLsXb #鳴鏑_按下暫停鍵 #SpiderManBrandNewDay,0,https://mastodon.social/@ChePolitical/117175080974949412,post,#SpiderManBrandNewDay
2026-08-28T20:38:47Z,Mastodon,ChePolitical,#2026已看電影 13 #蜘蛛人_重生日 這部我們因為各自的工作，沒有趕上「第一時間」，看完之後很五味雜陳，這當然是因為MCU對我們這個世代，有屬於它獨有的意義。 以下我只想先條列： 1.說穿整個故事的那句話，刻在梅嬸的墓碑上，「幫助一個人，就是幫助所有人」。 2.拷問的那個課題，在一張貼紙上”No credit”也可以看成「沒有信用」；”Don’t ask”則是個警醒。 3.如果電影是移動房子，「制裁者」這個角色、這個演員，就是為了蓋起票房被打的生樁。漫威要拿來搞笑，卻幾乎都是隔靴搔癢，真正好笑的只有「醫院頭套」那場戲，但也完全把這個角色「毀乾淨了」。 4.千黛亞的演技實力展現的兩場場戲：「附身」、「拿信質問」。 「附身」那場戲，一是很明顯能感受到千黛亞模仿了Sadie Sink的口音、語氣與說話方式，而且對戲的人可是現實中的丈夫（還是跟現實中他們甜到螢幕會長螞蟻截然相反的路線），真的厲害。 「拿信質問」一整段，確實把心碎的張力催出來了，能在「劇本殺」的戰場上有一條自己的活路，真的好看。 #鳴鏑_按下暫停鍵 #SpiderManBrandNewDay,0,https://mastodon.social/@ChePolitical/117175060206432257,post,#SpiderManBrandNewDay
2026-08-28T18:45:17Z,Mastodon,hollywoodreporter,‘Spider-Man: Brand New Day’ Refuses to Leave — Still In The Most Theaters 5 Weeks Later #MovieNews #Movies #SpiderManBrandNewDay https://www.hollywoodreporter.com/movies/movie-news/spider-man-brand-new-day-theaters-box-office-1236684381/,0,https://mastodon.social/@hollywoodreporter/117174613937918201,post,#SpiderManBrandNewDay
2026-08-28T15:20:09Z,Mastodon,deadline,"‘Coyote Vs. Acme’ $1.7M Previews, ‘Dog Stars’ $850K As Canines Rule Thursday – Box Office #News #CoyotevsAcme #DogStars #SpiderManBrandNewDay https://deadline.com/2026/08/box-office-coyote-vs-acme-dog-stars-spider-man-1237061934/",1,https://mastodon.social/@deadline/117173807342856731,post,#SpiderManBrandNewDay
2026-08-27T13:55:18Z,Mastodon,TheMovieBlog@c.im,"The Fast and the Furious 25th Anniversary Re-release Hits Box Office Milestone While the box office continues to be dominated by the massive success of Spider-Man: Brand New Day, which has seen Spider-Man: Brand New Day Box Office Records Set for four consecutive weeks, other cinematic milestones are quietly taking place.... #SpiderManBrandNewDay #TheFastandtheFurious #TomHolland #VinDiesel https://www.themovieblog.com/2026/08/the-fast-and-the-furious-25th-anniversary-box-office-milestone/",1,https://c.im/@TheMovieBlog/117167811371599139,post,#SpiderManBrandNewDay
2026-08-27T03:31:55Z,Mastodon,comingsoon.net@web.brid.gy,Will Spider-Man Finally Lose at Box Office? New Predictions Reveal the Truth https://fed.brid.gy/r/https://www.comingsoon.net/movies/news/2182837-spider-man-brand-new-day-box-office-prediction-fifth-weekend,1,https://fed.brid.gy/r/https://www.comingsoon.net/movies/news/2182837-spider-man-brand-new-day-box-office-prediction-fifth-weekend,post,#SpiderManBrandNewDay
2026-08-26T21:40:05Z,Mastodon,deadline,‘Coyote Vs. Acme’ & ‘Dog Stars’ Barking Up ‘Spider-Man’s Tree With Summer End Near – Weekend Preview #News #Buddy #CoyotevsAcme #DogStars #Idiots #SpiderManBrandNewDay https://deadline.com/2026/08/coyote-vs-acme-dog-stars-jacob-elordi-spider-man-box-office-1237051826/,0,https://mastodon.social/@deadline/117163976635334762,post,#SpiderManBrandNewDay
2026-08-26T20:00:29Z,Mastodon,kedMertens,Did someone already tried to disassemble leaked code of Spidey’s siRNA inhibitor firmware? #spiderman #SpiderManBrandNewDay #assembly #c #siRNA,0,https://mastodon.social/@kedMertens/117163585008332716,post,#SpiderManBrandNewDay
2026-08-26T13:54:47Z,Mastodon,TheMovieBlog@c.im,"The Fast and the Furious 25th Anniversary Re-release Hits Box Office Milestone While the box office continues to be dominated by the massive success of Spider-Man: Brand New Day, which has seen Spider-Man: Brand New Day Box Office Records Set for four consecutive weeks, other cinematic milestones are quietly taking place.... #SpiderManBrandNewDay #TheFastandtheFurious #TomHolland #VinDiesel https://www.themovieblog.com/2026/08/the-fast-and-the-furious-25th-anniversary-box-office-milestone/",1,https://c.im/@TheMovieBlog/117162147029004595,post,#SpiderManBrandNewDay
2026-08-26T04:01:05Z,Mastodon,justpastemovies,Understanding the Fast and the Furious 25th Anniversary Re-release Hits Box Office Milestone https://justpaste.in/movies/understanding-the-fast-and-the-furious-25th-anniversary-re-release-hits-box-office-milestone/ #SpiderManBrandNewDay #TheFastandtheFurious #TomHolland #VinDiesel #MovieNewsChat,0,https://mastodon.social/@justpastemovies/117159812503025575,post,#SpiderManBrandNewDay
2026-08-26T00:16:10Z,Mastodon,ricardoharvin@mstdn.social,"Peter Parker is now positioned to be a mentor for mutants, if not a leader or member of the X-Men. He's definitely going to be integral to every mutant storyline going forward, whether or not he's directly involved. Maybe we'll have a timeline with violent human/mutant interactions, but without a genocide of mutants because of #Spidey's goodwill? #SpiderManBrandNewDay #SpiderMan #movie #cinema #film #Superheroes #MCU #Marvel #PeterParker #JeanGrey #mutants #XMen #MutantSaga",0,https://mstdn.social/@ricardoharvin/117158928057462701,post,#SpiderManBrandNewDay
2026-08-26T00:07:52Z,Mastodon,ricardoharvin@mstdn.social,"Spider-Man: Brand New Day is the best (to me) Spider-Man live action movie of the ones I've seen (6 of 9). For story and overall plot, it might even be better than the Spider-Verse movies, but definitely not visually or overall production design. It's a great movie, done extremely well, and is a top 10, probably top 5 (3?) Marvel entry. #SpiderManBrandNewDay #SpiderMan #movie #cinema #film #Superheroes #MCU #Marvel #Spiderverse #SonyVerse #SPUMC",2,https://mstdn.social/@ricardoharvin/117158895437272468,post,#SpiderManBrandNewDay
2026-08-25T21:51:12Z,Mastodon,comingsoon.net@web.brid.gy,Avengers: Doomsday Is Smartly Ignoring Marvel’s Biggest Box Office Weapon https://fed.brid.gy/r/https://www.comingsoon.net/movies/features/2182032-avengers-doomsday-is-smartly-ignoring-marvels-biggest-box-office-weapon,0,https://fed.brid.gy/r/https://www.comingsoon.net/movies/features/2182032-avengers-doomsday-is-smartly-ignoring-marvels-biggest-box-office-weapon,post,#SpiderManBrandNewDay
2026-08-25T21:40:24Z,Mastodon,fanthatracks,Spider-Man: Brand New Day swinging up fast on The Force Awakens #TheForceAwakens #StarWars #FanthaTracks #spidermanbrandnewday #spidey #theforceawakens Spider-Man: Brand New Day closes in on The Force Awakens at the all-time domestic box office. Read the whole story at the below link: https://www.fanthatracks.com/news/film-music-tv/spider-man-brand-new-day-swinging-up-fast-on-the-force-awakens/,1,https://mastodon.social/@fanthatracks/117158315580748276,post,#SpiderManBrandNewDay
2026-08-25T19:55:12Z,Mastodon,indiegenius,Movie TV Tech Geeks #MovieNews #SpiderManBrandNewDay #Titanic #Marvel Marvel’s Biggest 2026 Blockbuster Officially Sets Its Sights on ‘Avatar 2’ http://dlvr.it/TV9ZGd,0,https://mastodon.social/@indiegenius/117157901946557390,post,#SpiderManBrandNewDay
2026-08-25T18:25:04Z,Mastodon,hollywoodreporter,"‘Spider-Man: Brand New Day’ Hits No. 2 on All-Time Domestic Chart, Topping ‘Avengers: Endgame’ #MovieNews #Movies #AvengersEndgame #Boxoffice #CoyoteVsAcme #SonyPictures #SpiderManBrandNewDay #SpiderManNoWayHome #StarWars #TomHolland #Zendaya https://www.hollywoodreporter.com/movies/movie-news/spider-man-brand-new-day-box-office-avengers-endgame-1236680843/",0,https://mastodon.social/@hollywoodreporter/117157547519253477,post,#SpiderManBrandNewDay
2026-08-25T13:51:45Z,Mastodon,justpastemovies,‘Spider-Man: Brand New Day’ Box Office Set to Sink ‘Titanic’ From All-Time best 5 https://justpaste.in/movies/spider-man-brand-new-day-box-office-set-to-sink-titanic-from-all-time-best-5/ #boxoffice #SpiderManBrandNewDay #Titanic #MovieNewsChat #Movies,0,https://mastodon.social/@justpastemovies/117156472778353568,post,#SpiderManBrandNewDay
2026-08-25T08:01:07Z,Mastodon,justpastemovies,Regal Launches Rewards+ Loyalty Program Amid Company’s Record-Setting Summer (Exclusive) — Explained https://justpaste.in/movies/regal-launches-rewards-loyalty-program-amid-companys-record-setting-summer-exclusive-explained/ #RegalEntertainmentGroup #SpiderManBrandNewDay #TheOdyssey #Business #BusinessNews,0,https://mastodon.social/@justpastemovies/117155094052274110,post,#SpiderManBrandNewDay
2026-08-25T07:05:03Z,Mastodon,variety_feed,"‘Spider-Man: Brand New Day,’ ‘The Odyssey’ Extend Battle Atop U.K. and Ireland Box Office as ‘Insidious’ Makes Strong Debut #Variety #BoxOffice #Global #News #Insidiousoutofthefurther #SpaWeekend #SpiderManBrandNewDay #TheOdyssey https://variety.com/2026/film/box-office/spider-man-brand-new-day-odyssey-insidious-uk-ireland-box-office-1236842186/",1,https://mastodon.social/@variety_feed/117154873545341285,post,#SpiderManBrandNewDay
2026-08-25T01:28:30Z,Mastodon,TheMovieBlog@c.im,"Spider-Man: Brand New Day Nearly Featured Chameleon as the Villain The blockbuster Spider-Man: Brand New Day has captivated audiences with its unique narrative, but the film almost took a very different path regarding its primary antagonist.... #KravenTheHunter #MarvelStudios #SpiderManBrandNewDay #TomHolland https://www.themovieblog.com/2026/08/spider-man-brand-new-day-nearly-featured-chameleon-as-the-villain/",1,https://c.im/@TheMovieBlog/117153550175430270,post,#SpiderManBrandNewDay
2026-08-24T23:49:23Z,Mastodon,nerdist.com@web.brid.gy,SPIDER-MAN: BRAND NEW DAY Spends Fourth Week at Number 1 https://fed.brid.gy/r/https://nerdist.com/article/spider-man-brand-new-day-spends-fourth-week-box-office-number-1/,0,https://fed.brid.gy/r/https://nerdist.com/article/spider-man-brand-new-day-spends-fourth-week-box-office-number-1/,post,#SpiderManBrandNewDay
2026-08-24T17:55:04Z,Mastodon,hollywoodreporter,‘Spider-Man: Brand New Day’ Box Office Set to Sink ‘Titanic’ From All-Time Top 5 #MovieNews #Movies #Boxoffice #SpiderManBrandNewDay #Titanic https://www.hollywoodreporter.com/movies/movie-news/spider-man-brand-new-day-box-office-titanic-all-time-1236679792/,0,https://mastodon.social/@hollywoodreporter/117151767196390395,post,#SpiderManBrandNewDay
2026-08-24T16:00:15Z,Mastodon,hollywoodreporter,Regal Launches Rewards+ Loyalty Program Amid Company’s Record-Setting Summer (Exclusive) #Business #BusinessNews #RegalEntertainmentGroup #SpiderManBrandNewDay #TheOdyssey https://www.hollywoodreporter.com/business/business-news/regal-rewards-plus-loyalty-program-record-summer-1236679692/,0,https://mastodon.social/@hollywoodreporter/117151315775338347,post,#SpiderManBrandNewDay
2026-08-24T14:52:48Z,Mastodon,flyingrotten.bsky.social@bsky.brid.gy,Imagine coming home to that. #spidermanbrandnewday #spideypool,0,https://fed.brid.gy/r/https://bsky.app/profile/did:plc:mvxlb2glt4y32qiisfzsnuly/post/3mttklwpcts2w,post,#SpiderManBrandNewDay
2026-08-24T14:35:03Z,Mastodon,justpastemovies,A Look at tom Holland Poised to Earn Over $100 Million for Spider-Man: Brand New Day https://justpaste.in/movies/a-look-at-tom-holland-poised-to-earn-over-100-million-for-spider-man-brand-new-day/ #boxoffice #Marvel #SpiderManBrandNewDay #TomHolland #MovieNewsChat,0,https://mastodon.social/@justpastemovies/117150980721947688,post,#SpiderManBrandNewDay
2026-08-24T12:01:12Z,Mastodon,justpastemovies,A Look at spider-Man: Brand New Day Cut Daredevil Easter Egg https://justpaste.in/movies/a-look-at-spider-man-brand-new-day-cut-daredevil-easter-egg/ #Daredevil #RosarioDawson #SpiderManBrandNewDay #SpiderManNoWayHome #MovieNewsChat,0,https://mastodon.social/@justpastemovies/117150375777312320,post,#SpiderManBrandNewDay
2026-08-24T11:59:44Z,Mastodon,movizark@mastodon.world,"'Avengers: Doomsday' Officially Tracking for $300M Opening Weekend!! #AvengersDoomsday, #DunePartThree, #SpiderManBrandNewDay",1,https://mastodon.world/@movizark/117150369983214826,post,#SpiderManBrandNewDay
2026-08-24T11:59:13Z,Mastodon,movizark@mastodon.world,"'Spider-Man: Brand New Day' Stays on Top With $39M, While 'Insidious 6' Opens Strong with $25M at BO!! #SpiderManBrandNewDay, #TheOdyssey, #Insidious, #OutoftheFurther, #TheEndofOakStreet, #Mutiny, #SpaWeekend, #PawPetrol, #TheDinoMovie, #boxoffice",1,https://mastodon.world/@movizark/117150367986456250,post,#SpiderManBrandNewDay
2026-08-24T11:11:13Z,Mastodon,nekotsukistudio.bsky.social@bsky.brid.gy,"Les 2.2 milliards de $ de #SpiderManBrandNewDay ne doivent pas vous faire perdre de vue les 1.4 milliards de #TheOdyssey ! A mon avis, ça va être très très dur pour les films restant de l'année qui auraient l'espoir d'aller chercher ces deux là (surtout que leur exploitation n'est pas finie. 😅). RE: https://bsky.app/profile/did:plc:gecergrexhnl5pwn4itwss3y/post/3mtrqqtiv5c2c",1,https://fed.brid.gy/r/https://bsky.app/profile/did:plc:skpzh4aoocs7t7dsyxissbqi/post/3mtt67oqrfs2p,post,#SpiderManBrandNewDay
2026-08-24T06:05:04Z,Mastodon,variety_feed,Korea Box Office: ‘The Odyssey’ Outmuscles ‘Spider-Man: Brand New Day’ to Hold Top Spot #Variety #Asia #BoxOffice #Global #News #Hope #NaHongjin #SpiderManBrandNewDay #TheOdyssey https://variety.com/2026/film/box-office/korea-box-office-the-odyssey-spider-man-brand-new-day-insidious-1236841339/,0,https://mastodon.social/@variety_feed/117148975376997977,post,#SpiderManBrandNewDay
2026-08-24T05:30:05Z,Mastodon,variety_feed,China Box Office: ‘Once Upon a Time in the Middle East’ Stays on Top as ‘V’ Debuts in Second #Variety #Asia #BoxOffice #Global #News #AllWishesComeTrue #OnceUponaTimeintheMiddleEast #SpiderManBrandNewDay #TheOdyssey https://variety.com/2026/film/box-office/china-box-office-once-upon-a-time-in-the-middle-east-v-1236841327/,0,https://mastodon.social/@variety_feed/117148837825294160,post,#SpiderManBrandNewDay
2026-08-24T04:38:33Z,Mastodon,comingsoon.net@web.brid.gy,Insidious 6 Leads Sony To Huge Box Office Victory With Spider-Man https://fed.brid.gy/r/https://www.comingsoon.net/movies/news/2180727-insidious-6-box-office-out-of-the-further-sony-win,0,https://fed.brid.gy/r/https://www.comingsoon.net/movies/news/2180727-insidious-6-box-office-out-of-the-further-sony-win,post,#SpiderManBrandNewDay
2026-08-24T03:33:37Z,Mastodon,phantastiknews,"YouTube Tipp# ▶️ #BoxOffice - #SpiderManBrandNewDay, #Lanterns Viewership #HBO #Dune3 https://youtu.be/6n2AHU9rvIw?is=U2Vq9q0KYgsOE9jh",0,https://mastodon.social/@phantastiknews/117148379868216216,post,#SpiderManBrandNewDay
2026-08-24T03:20:18Z,Mastodon,comingsoon.net@web.brid.gy,"After Star Wars & Avengers, Spider-Man: Brand New Day Takes Aim at James Cameron https://fed.brid.gy/r/https://www.comingsoon.net/movies/news/2180709-spider-man-brand-new-day-box-office-beat-avengers-infinity-war",1,https://fed.brid.gy/r/https://www.comingsoon.net/movies/news/2180709-spider-man-brand-new-day-box-office-beat-avengers-infinity-war,post,#SpiderManBrandNewDay
2026-08-24T01:27:41Z,Mastodon,TheMovieBlog@c.im,"Spider-Man: Brand New Day Nearly Featured Chameleon as the Villain The blockbuster Spider-Man: Brand New Day has captivated audiences with its unique narrative, but the film almost took a very different path regarding its primary antagonist.... #KravenTheHunter #MarvelStudios #SpiderManBrandNewDay #TomHolland https://www.themovieblog.com/2026/08/spider-man-brand-new-day-nearly-featured-chameleon-as-the-villain/",1,https://c.im/@TheMovieBlog/117147884708595685,post,#SpiderManBrandNewDay
2026-08-23T23:55:48Z,Mastodon,OrionKidder@mas.to,"Credit where it's due. Chris McKenna and Erik Sommers constructed a story that works. Last thought, Destin Daniel Cretton managed to make New York look real and physical despite, and I was gobsmacked when I read this, *filming in Scotland*. WTF? #MCU #MarvelStudios #SpiderMan #BrandNewDay #SpiderManBrandNewDay #movies #superheroes #Marvel",1,https://mas.to/@OrionKidder/117147523353208007,post,#SpiderManBrandNewDay
2026-08-23T23:35:45Z,Mastodon,TheMovieBlog@c.im,Marvel Fans Spot a Major Continuity Error in Spider-Man: Brand New Day Even the most massive blockbuster productions are not immune to the occasional slip-up. Marvel fans have recently zeroed in on a notable Spider-Man: Brand New Day continuity error that occurs during a high-stakes fight sequence.... #JonBernthal #Marvel #SpiderManBrandNewDay #TomHolland https://www.themovieblog.com/2026/08/marvel-fans-spot-a-major-continuity-error-in-spider-man-brand-new-day/,1,https://c.im/@TheMovieBlog/117147444530895336,post,#SpiderManBrandNewDay
2026-08-23T23:33:51Z,Mastodon,OrionKidder@mas.to,"I just came from #SpiderManBrandNewDay, and I *really* liked it. But the #PopCultureHappyHour people didn't, and I wonder if it's because I'm steeped in comic-book lore and they're (mostly) not? SPOILERS AHOY. DO NOT READ IF YOU HAVEN'T SEEN THE MOVIE. NO REALLY. IF YOU CARE AT ALL, YOU DON'T WANT THIS SPOILED. #comics #SpiderMan #BrandNewDay #MCU #MarvelStudios #movies #superheroes",3,https://mas.to/@OrionKidder/117147437072694525,post,#SpiderManBrandNewDay
2026-08-23T17:55:03Z,Mastodon,deadline,"‘Spider-Man: Brand New Day’ No. 1 $109M WW, ‘Insidious’ Franchise Rises To $800M WW – Global Box Office #News #InsidiousOutOfTheFurther #Obsession #SpiderManBrandNewDay #TheOdyssey https://deadline.com/2026/08/global-box-office-spider-man-brand-new-day-insidious-6-1237048315/",0,https://mastodon.social/@deadline/117146104863686264,post,#SpiderManBrandNewDay
2026-08-23T17:41:32Z,Mastodon,justpastemovies,What to Know About spider-Man: Brand New Day Sets New Box Office Records https://justpaste.in/movies/what-to-know-about-spider-man-brand-new-day-sets-new-box-office-records/ #DestinDanielCretton #sonypictures #SpiderManBrandNewDay #TomHolland #MovieNewsChat,0,https://mastodon.social/@justpastemovies/117146051725882208,post,#SpiderManBrandNewDay
2026-08-23T16:20:38Z,Mastodon,alvarlega@vkl.world,Кінатрэйлеры - гэта зло. Я чакаў ад апошняга павука іншага. 6/10 #spidermanbrandnewday,0,https://vkl.world/@alvarlega/117145733593221395,post,#SpiderManBrandNewDay
2026-08-23T15:45:04Z,Mastodon,variety_feed,"Box Office: ‘Spider-Man: Brand New Day’ Triumphs Again in Fourth Weekend With $39 Million, ‘Insidious 6’ Launches to $25 Million #Variety #BoxOffice #Insidiousoutofthefurther #SpiderManBrandNewDay https://variety.com/2026/film/box-office/spiderman-brand-new-day-box-office-insidious-6-opens-1236838324/",2,https://mastodon.social/@variety_feed/117145593752894156,post,#SpiderManBrandNewDay
2026-08-23T14:43:18Z,Mastodon,indiegenius,Movie TV Tech Geeks #MovieNews #SpiderManBrandNewDay #MCU The MCU Officially Crowns a New Domestic Box Office King http://dlvr.it/TV7qCC,0,https://mastodon.social/@indiegenius/117145350886052308,post,#SpiderManBrandNewDay
2026-08-23T11:03:40Z,Mastodon,ripppleapp,🍿 Weekly Tracker 🧨 #CoyoteVsAcme takes ACME to court as the week’s most anticipated movie. ❤️‍🔥 #YouManiac turns fake dating into the week’s most anticipated show. 🌀 #DarkMatter returns for S2 with more realities and impossible choices. 🕷️ #SpiderManBrandNewDay swings in as the week’s most watched movie. 🕳️ #Silo digs deeper as the week’s most watched TV show. #RipppleWeekly #Discover #TV #Movies #Trailers https://ripppleapp.writeas.com/rippples-weekly-tracker-24-aug-2026-30-aug-2026,0,https://mastodon.social/@ripppleapp/117144487215034855,post,#SpiderManBrandNewDay
2026-08-23T10:12:41Z,Mastodon,flyingrotten.bsky.social@bsky.brid.gy,Saved 🫶 #spidermanbrandnewday #spideypool,1,https://fed.brid.gy/r/https://bsky.app/profile/did:plc:mvxlb2glt4y32qiisfzsnuly/post/3mtqki4mdj22z,post,#SpiderManBrandNewDay
2026-08-23T09:59:07Z,Mastodon,delsofaalacocina@mastodon.world,"¡Nuevo programa! s15e24: Especial verano, donde os hablamos de series como #Lanterns, #WidowsBay, #DarkMatter, #MargosGotMoneyTroubles, #Trying, #OffCampus, #SterlingPoint, #EveryYearAfter y #TheFiveStarWeekend, antes de meternos con las pelis y comentar #VoicemailsforIsabelle, #Obsession, #Backrooms, #Undertone, #TheOdyssey y #SpiderManBrandNewDay. ¡Nos escuchamos pronto! https://delsofaalacocina.com/2026/08/s15e24-especial-verano/",3,https://mastodon.world/@delsofaalacocina/117144233437017701,post,#SpiderManBrandNewDay
2026-08-23T09:39:26Z,Mastodon,phantastiknews,YouTube Tipp ▶️ #Inside #SPIDERMANBRANDNEWDAY: Filming with the #CyclopsRigCamera #Spiderman #TomHolland https://youtu.be/K1BfX3lH_2w?is=zWp6tdfipJBQ8-Td,0,https://mastodon.social/@phantastiknews/117144155994912508,post,#SpiderManBrandNewDay
2026-08-23T05:26:04Z,Mastodon,phantastiknews,YouTube Tipp ▶️ #SPIDERMANBRANDNEWDAY - Sustainability #onSet #TomHolland https://youtu.be/-dMi2T1sD8g?is=4-cbeWRtB1rJK1dU,0,https://mastodon.social/@phantastiknews/117143159716220602,post,#SpiderManBrandNewDay
2026-08-23T04:55:17Z,Mastodon,kitokito5354,What if high heels were inspired by Spider-Man? Twilight Palais Ribbon inspired by Spider-Man. Fan concept / Not for sale. #spiderman #spidermanbrandnewday #PeterParker #highheels,2,https://mastodon.social/@kitokito5354/117143038672484824,post,#SpiderManBrandNewDay
2026-08-22T23:35:45Z,Mastodon,TheMovieBlog@c.im,Marvel Fans Spot a Major Continuity Error in Spider-Man: Brand New Day Even the most massive blockbuster productions are not immune to the occasional slip-up. Marvel fans have recently zeroed in on a notable Spider-Man: Brand New Day continuity error that occurs during a high-stakes fight sequence.... #JonBernthal #Marvel #SpiderManBrandNewDay #TomHolland https://www.themovieblog.com/2026/08/marvel-fans-spot-a-major-continuity-error-in-spider-man-brand-new-day/,1,https://c.im/@TheMovieBlog/117141782204395783,post,#SpiderManBrandNewDay
2026-08-22T20:17:28Z,Mastodon,top_news,"Box Office: ‘Insidious: Out of the Further’ Takes First Place on Friday With $10.6 Million, But ‘Spider-Man: Brand New Day’ Will Win the Weekend 'Insidious: Out of the Further' took first place on friday at the domestic box office, but 'Spider-Man: Brand New Day' will win the weekend. https://variety.com/2026/film/box-office/box-office-insidious-out-of-the-further-spider-man-1236840803/ #TopNews #News #NorthAmerican #SpiderManBrandNewDay #Insidious",0,https://mastodon.social/@top_news/117141002519983738,post,#SpiderManBrandNewDay
2026-08-22T18:05:03Z,Mastodon,variety_feed,Why Do We Love Spider-Man So Much? #Variety #Columns #SpiderMan #SpiderManBrandNewDay #TheDarkKnight #TomHolland https://variety.com/2026/film/columns/why-do-we-love-spider-man-so-much-tom-holland-1236840784/,2,https://mastodon.social/@variety_feed/117140481871421973,post,#SpiderManBrandNewDay
2026-08-22T16:10:03Z,Mastodon,variety_feed,"Box Office: ‘Insidious: Out of the Further’ Takes First Place on Friday With $10.6 Million, But ‘Spider-Man: Brand New Day’ Will Win the Weekend #Variety #BoxOffice #News #Insidiousoutofthefurther #SpiderManBrandNewDay https://variety.com/2026/film/box-office/box-office-insidious-out-of-the-further-spider-man-1236840803/",0,https://mastodon.social/@variety_feed/117140029688913839,post,#SpiderManBrandNewDay
2026-08-22T16:00:13Z,Mastodon,hollywoodreporter,‘Spider-Man: Brand New Day’ Swinging to Fourth Box Office Victory as It Tops ‘Insidious’ Sequel #MovieNews #Movies #AndrewGarfield #Boxoffice #DestinDanielCretton #InsidiousOutoftheFurther #JasonStatham #ScreenGems #SonyPictures #SpiderManBrandNewDay #SpiderManNoWayHome #TheMagicFarawayTree #TomHolland #Zendaya https://www.hollywoodreporter.com/movies/movie-news/spider-man-brand-new-day-box-office-insidious-mutiny-2-1236678980/,0,https://mastodon.social/@hollywoodreporter/117139990977486275,post,#SpiderManBrandNewDay
2026-08-22T15:57:50Z,Mastodon,indiegenius,Movie TV Tech Geeks #TVFeatures #XMen #SpiderManBrandNewDay Marvel’s Mutant Era Is Arriving at the Worst Possible Time for Disney+ http://dlvr.it/TV7KwS,0,https://mastodon.social/@indiegenius/117139981627453305,post,#SpiderManBrandNewDay
2026-08-22T15:29:38Z,Mastodon,flyingrotten.bsky.social@bsky.brid.gy,Fuking up big time.. #spidermanbrandnewday #spideyskull,2,https://fed.brid.gy/r/https://bsky.app/profile/did:plc:mvxlb2glt4y32qiisfzsnuly/post/3mtolpwn7qk2l,post,#SpiderManBrandNewDay
2026-08-22T12:10:35Z,Mastodon,indiegenius,Movie TV Tech Geeks #MovieFeatures #SpiderManBrandNewDay #TomHolland 'Spiderman: Brand New Day' Did What No MCU Movie After 'Avengers: Endgame' Had the Guts To Do http://dlvr.it/TV7Cqb,0,https://mastodon.social/@indiegenius/117139088021617624,post,#SpiderManBrandNewDay
2026-08-22T11:47:23Z,Mastodon,flyingrotten.bsky.social@bsky.brid.gy,I’m sorry I’ve forgotten to post here hshchdhaa I was afraid there was no one left to celebrate some Spidey content but OWELL…. #spidermanbrandnewday #Spideyskull,0,https://fed.brid.gy/r/https://bsky.app/profile/did:plc:mvxlb2glt4y32qiisfzsnuly/post/3mto7cjhm2c2w,post,#SpiderManBrandNewDay
2026-08-22T11:13:04Z,Mastodon,flyingrotten.bsky.social@bsky.brid.gy,🫡 #spidermanbrandnewday,0,https://fed.brid.gy/r/https://bsky.app/profile/did:plc:mvxlb2glt4y32qiisfzsnuly/post/3mto5f5rmmk2v,post,#SpiderManBrandNewDay
2026-08-22T09:52:22Z,Mastodon,fumettologica.it@web.brid.gy,Spider-Man: Brand New Day è il cinecomic con il maggiore incasso di sempre in Italia https://fed.brid.gy/r/https://fumettologica.it/2026/08/spider-man-brand-new-day-record-incassi-italia/,0,https://fed.brid.gy/r/https://fumettologica.it/2026/08/spider-man-brand-new-day-record-incassi-italia/,post,#SpiderManBrandNewDay
2026-08-22T06:27:02Z,Mastodon,dmtalkies,"Jacob Batalon has shared his thoughts on the emotional ""muscle memory"" handshake scene in Spider-Man: Brand New Day. Reflecting on the moment, Batalon said: “I feel like it’s really up to interpretation for everyone. For me, I think it’s a cool little nod, so hopefully things happen from there.” #SpiderManBrandNewDay #SpiderMan #JacobBatalon",0,https://mastodon.social/@dmtalkies/117137737127129468,post,#SpiderManBrandNewDay
2026-08-21T23:35:49Z,Mastodon,TheMovieBlog@c.im,Marvel Fans Spot a Major Continuity Error in Spider-Man: Brand New Day Even the most massive blockbuster productions are not immune to the occasional slip-up. Marvel fans have recently zeroed in on a notable Spider-Man: Brand New Day continuity error that occurs during a high-stakes fight sequence.... #JonBernthal #Marvel #SpiderManBrandNewDay #TomHolland https://www.themovieblog.com/2026/08/marvel-fans-spot-a-major-continuity-error-in-spider-man-brand-new-day/,1,https://c.im/@TheMovieBlog/117136120195251969,post,#SpiderManBrandNewDay
2026-08-21T22:53:19Z,Mastodon,indiegenius,"Movie TV Tech Geeks #Movie #SpiderMan #SpiderManBrandNewDay The 10 Best Spider-Man Movie Character Entrances, Ranked http://dlvr.it/TV6wGH",0,https://mastodon.social/@indiegenius/117135953095710268,post,#SpiderManBrandNewDay
2026-08-21T21:36:31Z,Mastodon,AdamCrowGaming,"This week, Adam's Arcade Theater swings into Spider-Man: Brand New Day!!! As per your votes, we'll talk Spidey's fourth MCU escapade over Marvel's Spider-Man!!! https://www.twitch.tv/adamcrowgaming WARNING: Game may cause seizures. Viewer discretion advised. #twitch #Twitchtv #Twitchstream #twitchstreamer #Twitchstreaming #Twitchgaming #Twitchgamer #Twitchstreamers #Twitchaffiliate #PNGtuber #Vtuber #SpiderMan #MarvelsSpiderMan #Marvel #SpiderManBrandNewDay #Playstation #Playstation5 #PS5 #InsomniacGames",0,https://mastodon.social/@AdamCrowGaming/117135651091570551,post,#SpiderManBrandNewDay
2026-08-21T18:38:33Z,Mastodon,Cboy13@mamot.fr,Je commence à regarder Spider-Man: Brand New Day (2026) #EnRegardant https://trakt.tv/movies/spider-man-brand-new-day-2026 #SpiderManBrandNewDay #trakt,0,https://mamot.fr/@Cboy13/117134951293106523,post,#SpiderManBrandNewDay
2026-08-21T16:50:05Z,Mastodon,deadline,"‘Insidious: Out Of The Further’ Has $3M Thursday Night, ‘Spider-Man: Brand New Day’ Clears $100M+ In 3rd Week – Box Office #News #InsidiousOutOfTheFurther #Mutiny #SpaWeekend #SpiderManBrandNewDay #TheMagicFarawayTree https://deadline.com/2026/08/box-office-insidious-out-of-the-further-brand-new-day-1237047405/",0,https://mastodon.social/@deadline/117134524745379078,post,#SpiderManBrandNewDay
2026-08-21T15:56:25Z,Mastodon,popcultureland,"#cinema #SpidermanBrandNewDay (D. D. Cretton, 2026) La solitude de Peter Parker au gré des années qui passent, ses amis amnésiques poursuivant des études et construisant une vie sans lui. Une nouvelle héroïne et une mutation inattendues. La dépression en thème. Le retour en force du #MCU. 🕷️🕷️🕷️🕷️/5 https://youtu.be/rCmTualxVwU",5,https://mastodon.social/@popcultureland/117134313761736752,post,#SpiderManBrandNewDay
2026-08-21T15:35:18Z,Mastodon,variety_feed,"Amid ‘Spider-Man’ and ‘The Odyssey’ Leaks, Hollywood’s Battle Against Piracy Enters a Whole New Era #Variety #Features #ChristopherNolan #Piracy #SpiderManBrandNewDay #TheOdyssey https://variety.com/2026/film/features/movie-piracy-spider-man-odyssy-leak-online-1236837027/",1,https://mastodon.social/@variety_feed/117134230705985414,post,#SpiderManBrandNewDay
2026-08-21T15:20:15Z,Mastodon,hollywoodreporter,‘Insidious: Out of the Further’ Hunts Down $3M in Box Office Previews #MovieNews #Movies #AndrewGarfield #Boxoffice #DestinDanielCretton #InsidiousOutoftheFurther #IslaFisher #JasonStatham #Lionsgate #SadieSink #ScreenGems #SonyPictures #SpiderManBrandNewDay #TheMagicFarawayTree #TomHolland #Zendaya https://www.hollywoodreporter.com/movies/movie-news/insidious-out-of-the-further-box-office-previews-spider-man-1236678303/,0,https://mastodon.social/@hollywoodreporter/117134171522347107,post,#SpiderManBrandNewDay
2026-08-21T11:55:00Z,Mastodon,comingsoon.net@web.brid.gy,Spider-Man: Brand New Day Set To Beat Avengers & Star Wars This Weekend https://fed.brid.gy/r/https://www.comingsoon.net/movies/news/2180154-spider-man-brand-new-day-box-office-beat-avengers-star-wars,1,https://fed.brid.gy/r/https://www.comingsoon.net/movies/news/2180154-spider-man-brand-new-day-box-office-beat-avengers-star-wars,post,#SpiderManBrandNewDay
2026-08-21T05:33:50Z,Mastodon,phantastiknews,YouTube Tipp ▶️ #TomHolland Set for $100M Payday/#Bonus as #SpiderManBrandNewDay #Spiderman https://youtu.be/Tfr6A2u4wgU?is=y6oaYnnMvHuQtsNb,1,https://mastodon.social/@phantastiknews/117131865673960191,post,#SpiderManBrandNewDay
2026-08-20T22:15:09Z,Mastodon,deadline,‘Insidious: Out Of The Further’ To Scare Up $50M+ WW; ‘Spider-Man: Brand New Day’ To Prevail With $85M+ WW In Fourth Frame – Box Office Preview #News #InsidiousOutOfTheFurther #Mutiny #SpaWeekend #SpiderManBrandNewDay #TheMagicFarawayTree https://deadline.com/2026/08/spider-man-insidious-out-of-the-further-global-box-office-1237046811/,0,https://mastodon.social/@deadline/117130140682902026,post,#SpiderManBrandNewDay
2026-08-20T17:04:29Z,Mastodon,justpaste,"Polymarket Believes ‘Spider-Man: Brand New Day’ Will Take Massive Box Office Title If you’re of the belief that the latest Marvel Cinematic Universe (MCU) Spider-Man title, Spider-Man: Brand New Day, will be a massive box office success, you’re not alone. In fact, you’re very much in the majority of bettors who are predicting that Spidey wil… https://justpaste.in/news/spider-man-brand-new-day-box-office-polymarket/ #boxoffice #Polymarket #SpiderManBrandNewDay #spider #m…",0,https://mastodon.social/@justpaste/117128919071445887,post,#SpiderManBrandNewDay
2026-08-20T09:53:27Z,Mastodon,indiegenius,Movie TV Tech Geeks #MovieFeatures #SpiderManBrandNewDay #TomHolland Spider-Man's Greatest Superpower Has Nothing To Do With Web-Slinging http://dlvr.it/TV5YVR,0,https://mastodon.social/@indiegenius/117127224212448079,post,#SpiderManBrandNewDay
2026-08-20T06:02:53Z,Mastodon,phantastiknews,YouTube Tipp ▶️ #SpiderManBrandNewDay Becomes Fastest Movie to Hit $800M at Domestic #BoxOffice #Spiderman https://youtu.be/D8ZEzCu0uog?is=fSs_0WD59_vuX6xA,0,https://mastodon.social/@phantastiknews/117126317597780725,post,#SpiderManBrandNewDay
2026-08-20T05:40:16Z,Mastodon,top_news,"Box Office: ‘Spider-Man: Brand New Day’ to Rule in Fourth Weekend, ‘Insidious: Out of the Further’ Aims for $25 Million Debut “Insidious: Out of the Further” won't topple the box office reign of ""Spider-Man: Brand New Day."" https://variety.com/2026/film/box-office/box-office-spider-man-brand-new-day-to-beat-insidious-6-1236837576/ #TopNews #News #Insidious #SpiderManBrandNewDay #NorthAmerican",0,https://mastodon.social/@top_news/117126228621316265,post,#SpiderManBrandNewDay
2026-08-20T04:54:32Z,Mastodon,ddigest@trailers.ddigest.com,SPIDER-MAN: BRAND NEW DAY (2026) - Final Trailer [4K Ultra HD] https://trailers.ddigest.com/w/inaznvPKNdS4FHcgSgWVmp,1,https://trailers.ddigest.com/w/inaznvPKNdS4FHcgSgWVmp,post,#SpiderManBrandNewDay
2026-08-20T03:15:10Z,Mastodon,hollywoodreporter,‘Spider-Man: Brand New Day’ Aims to Swing Past ‘Insidious’ Sequel for Fourth Box Office Win #MovieNews #Movies #AndrewGarfield #Boxoffice #DestinDanielCretton #Insidious #InsidiousOutoftheFurther #JasonStatham #Lionsgate #SonyPictures #SpiderManBrandNewDay #SpiderManNoWayHome #TheMagicFarawayTree #TheOdyssey #TomHolland #ToyStory5 #Zendaya https://www.hollywoodreporter.com/movies/movie-news/spider-man-brand-new-day-box-office-insidious-mutiny-1236677495/,0,https://mastodon.social/@hollywoodreporter/117125658110941646,post,#SpiderManBrandNewDay
2026-08-19T21:14:54Z,Mastodon,comingsoon.net@web.brid.gy,Spider-Man 4 Cut Easter Egg Could’ve Set Up a Fan-Favorite Character’s MCU Debut https://fed.brid.gy/r/https://www.comingsoon.net/movies/news/2179141-spider-man-4-easter-egg-fan-favorite-character-mcu-debut,2,https://fed.brid.gy/r/https://www.comingsoon.net/movies/news/2179141-spider-man-4-easter-egg-fan-favorite-character-mcu-debut,post,#SpiderManBrandNewDay
2026-08-19T19:53:21Z,Mastodon,comingsoon.net@web.brid.gy,Spider-Man: Brand New Day Cut Clever Daredevil Easter Egg Out of MCU Movie https://fed.brid.gy/r/https://www.comingsoon.net/movies/news/2179066-spider-man-brand-new-day-cut-daredevil-easter-egg-mcu-movie,1,https://fed.brid.gy/r/https://www.comingsoon.net/movies/news/2179066-spider-man-brand-new-day-cut-daredevil-easter-egg-mcu-movie,post,#SpiderManBrandNewDay
2026-08-19T19:01:11Z,Mastodon,codorco,"""Spider-Man: Brand New Day"" pode estar dominando as bilheterias, mas um erro de continuidade chamou a atenção dos fãs! Durante uma intensa cena de luta entre o Justiceiro, Homem-Aranha e Hulk, o chão que havia sido completamente destruído por Hulk aparece, misteriosamente, intacto em alguns frames. A falha tem gerado muitos comentários nas redes sociais, com internautas brincando sobre a ""habilidade de regeneração"" do piso... #SpiderManBrandNewDay",0,https://mastodon.social/@codorco/117123715683966265,post,#SpiderManBrandNewDay
2026-08-19T17:05:28Z,Mastodon,variety_feed,‘It Finally Feels Like We’re Back in 2019’: Movie Theater Owners Rejoice Over $4 Billion Summer. Can the Fall Keep the Momentum? #Variety #BoxOffice #SpiderManBrandNewDay #TheOdyssey https://variety.com/2026/film/box-office/movie-theater-owners-summer-box-office-fall-films-1236836744/,1,https://mastodon.social/@variety_feed/117123260663867697,post,#SpiderManBrandNewDay
2026-08-19T15:46:42Z,Mastodon,hollywoodreporter,‘Spider-Man: Brand New Day’ Becomes Fastest Movie to Hit $800M at Domestic Box Office #MovieNews #Movies #AvengersEndgame #Boxoffice #DestinDanielCretton #SonyPictures #SpiderManBrandNewDay #SpiderManNoWayHome #StarWars #TomHolland #Zendaya https://www.hollywoodreporter.com/movies/movie-news/spider-man-brand-new-day-box-office-800-million-1236676998/,0,https://mastodon.social/@hollywoodreporter/117122950898023946,post,#SpiderManBrandNewDay
2026-08-19T15:45:49Z,Mastodon,variety_feed,"Box Office: ‘Spider-Man: Brand New Day’ to Rule in Fourth Weekend, ‘Insidious: Out of the Further’ Aims for $25 Million Debut #Variety #BoxOffice #News #Insidiousoutofthefurther #SpiderManBrandNewDay https://variety.com/2026/film/box-office/box-office-spider-man-brand-new-day-to-beat-insidious-6-1236837576/",0,https://mastodon.social/@variety_feed/117122947474721224,post,#SpiderManBrandNewDay
2026-08-19T14:09:27Z,Mastodon,AustinGorton@mstdn.social,"Speaking of Spider-Man movies, here’s my (pretty basic) rankings of all the films. #SpiderMan #SpiderManBrandNewDay",0,https://mstdn.social/@AustinGorton/117122568505871259,post,#SpiderManBrandNewDay
2026-08-19T13:03:01Z,Mastodon,theguardian_us_culture@halo.nu,Tom Holland set to earn $100m from Spider-Man: Brand New Day https://www.theguardian.com/film/2026/aug/19/tom-holland-pay-100m-spider-man-brand-new-day #SpidermanBrandNewDay #TomHolland #Film #Culture #SuperheroMovies #Marvel #FilmIndustry,0,https://halo.nu/@theguardian_us_culture/117122307281907966,post,#SpiderManBrandNewDay
2026-08-19T12:50:03Z,Mastodon,guardianfeeds@rssfeed.media,Tom Holland set to earn $100m from Spider-Man: Brand New Day By Laurence Phelan In a year that’s seen the British actor star in the season’s two biggest blockbusters – and marry his co-star from both – he is reportedly earning a huge pay packet thanks to box-office bonuses https://www.theguardian.com/film/2026/aug/19/tom-holland-pay-100m-spider-man-brand-new-day #SpiderManBrandNewDay #TomHolland #Film #Culture #Superheromovies #Marvel #Filmindustry #TheGuardian #LaurencePhelan,0,https://rssfeed.media/@guardianfeeds/117122256289612073,post,#SpiderManBrandNewDay
2026-08-19T11:35:00Z,Mastodon,comingsoon.net@web.brid.gy,Spider-Man: Brand New Day’s Hulk & Punisher Fight Mistake Draws Major Criticism https://fed.brid.gy/r/https://www.comingsoon.net/movies/news/2178642-spider-man-brand-new-day-hulk-punisher-fight-mistake,1,https://fed.brid.gy/r/https://www.comingsoon.net/movies/news/2178642-spider-man-brand-new-day-hulk-punisher-fight-mistake,post,#SpiderManBrandNewDay
2026-08-19T00:16:58Z,Mastodon,ricardoharvin@mstdn.social,"The surprise of my year is that I'm only mildly interested in seeing #TheOdyssey and #SpiderManBrandNewDay in #theaters, but I'm very interested in going to see #CoyoteVsACME and a #movie about an orange #unicorn, #ItsBuddy! Once I saw the first #trailer for CvA, I was interested. Yesterday, YouTube popped an odd video into my recommended feed, and it was spot-on, for a change. #ItsBuddy! Watch all of the videos and shorts. https://www.youtube.com/@BuddytheUnicorn?app=desktop #cinema #film #comedy #horror #drama",0,https://mstdn.social/@ricardoharvin/117119295067404081,post,#SpiderManBrandNewDay
2026-08-18T19:20:06Z,Mastodon,deadline,‘Spider-Man: Brand New Day’ Fastest To Cross $800M At Domestic Box Office #News #SpiderManBrandNewDay https://deadline.com/2026/08/spider-man-brand-new-day-800m-record-1237044492/,0,https://mastodon.social/@deadline/117118127717528579,post,#SpiderManBrandNewDay
2026-08-18T14:42:24Z,Mastodon,justpastemovies,Spider-Man: Brand New Day Writers Reveal Chameleon Was Almost the Villain https://justpaste.in/movies/spider-man-brand-new-day-writers-reveal-chameleon-was-almost-the-villain/ #ChrisMcKenna #ErikSommers #Marvel #sonypictures #SpiderManBrandNewDay,0,https://mastodon.social/@justpastemovies/117117035794716301,post,#SpiderManBrandNewDay
2026-08-18T12:21:34Z,Mastodon,indiegenius,Movie TV Tech Geeks #MovieNews #SpiderManBrandNewDay #AngourieRice MCU Spider-Man Star Officially Breaks Silence on Being Excluded From $2 Billion Sequel [Exclusive] http://dlvr.it/TV3yGd,1,https://mastodon.social/@indiegenius/117116482011366450,post,#SpiderManBrandNewDay
2026-08-18T07:09:22Z,Mastodon,Actusf,Spider-Man : Brand New Day est une folie au cinéma ! Déjà 2 milliards de dollars au box-office ! Vous l'avez vu ? On vous donne toutes les infos sur Actusf... #spidermanbrandnewday #Spiderman #tomholland https://mastodon.social/@Actusf/116101929444701796,1,https://mastodon.social/@Actusf/117115254390016101,post,#SpiderManBrandNewDay
2026-08-18T06:55:03Z,Mastodon,variety_feed,"‘Spider-Man: Brand New Day,’ ‘The Odyssey’ Continue Tussle Atop U.K., Ireland Box Office #Variety #BoxOffice #Global #News #AnneHathaway #ChristopherNolan #SpiderManBrandNewDay #TheOdyssey https://variety.com/2026/film/box-office/spider-man-brand-new-day-the-odyssey-continue-tussle-uk-ireland-box-office-1236836944/",0,https://mastodon.social/@variety_feed/117115198061751134,post,#SpiderManBrandNewDay
2026-08-18T05:00:00Z,Mastodon,fumettologica.it@web.brid.gy,Una delle cose migliori di Spider-Man: Brand New Day è anche uno dei suoi problemi più grandi https://fed.brid.gy/r/https://fumettologica.it/2026/08/spider-man-brand-new-day-costume-film-marvel/,0,https://fed.brid.gy/r/https://fumettologica.it/2026/08/spider-man-brand-new-day-costume-film-marvel/,post,#SpiderManBrandNewDay
2026-08-17T23:14:03Z,Mastodon,comingsoon.net@web.brid.gy,Every MCU Movie on Marvel & Disney’s Release Date Calendar Until 2030 https://fed.brid.gy/r/https://www.comingsoon.net/movies/news/2177785-every-mcu-movie-marvel-disney-release-date-calendar,1,https://fed.brid.gy/r/https://www.comingsoon.net/movies/news/2177785-every-mcu-movie-marvel-disney-release-date-calendar,post,#SpiderManBrandNewDay
2026-08-17T19:42:05Z,Mastodon,comingsoon.net@web.brid.gy,Spider-Man 4 Writers Finally Address if Anne Hathaway MCU Villain Rumors Were True https://fed.brid.gy/r/https://www.comingsoon.net/movies/news/2177582-spider-man-4-writers-address-anne-hathaway-mcu-villain-rumors,1,https://fed.brid.gy/r/https://www.comingsoon.net/movies/news/2177582-spider-man-4-writers-address-anne-hathaway-mcu-villain-rumors,post,#SpiderManBrandNewDay
2026-08-17T19:18:35Z,Mastodon,indiegenius,Movie TV Tech Geeks #MovieNews #SpiderManBrandNewDay #JamesCameron Spider-Man Officially Sinks James Cameron’s Biggest Box-Office Hit in Under 20 Days http://dlvr.it/TV3R0B,0,https://mastodon.social/@indiegenius/117112459441683900,post,#SpiderManBrandNewDay
2026-08-17T15:43:35Z,Mastodon,movizark@mastodon.world,"'Spider-Man: Brand New Day' Officially Crosses $2 Billion at the Worldwide BO!! #SpiderManBrandNewDay, #SpiderManNoWayHome, #TopGunMaverick, #AvengersInfinityWar, #AvengersEndgame, #NeZha2",0,https://mastodon.world/@movizark/117111614015212599,post,#SpiderManBrandNewDay
2026-08-17T15:42:55Z,Mastodon,movizark@mastodon.world,"'Spider-Man: Brand New Day' Remains at Top as 'End of Oak Street' Debuts With Underwhelming $21 Million at the BO!! #SpiderManBrandNewDay, #TheOdyssey, #TheEndofOakStreet, #PawPetrol, #TheDinoMovie, #KateyeWildHears, #SIXTheMusicalLive, #Hadestown, #TheBrinkofWar, #TheRivalsofAmziahKing, #OneNightOnly, #boxoffice",2,https://mastodon.world/@movizark/117111611392708522,post,#SpiderManBrandNewDay
2026-08-17T10:50:11Z,Mastodon,nekotsukistudio.bsky.social@bsky.brid.gy,"Et voilà, #SpiderManBrandNewDay dépasse la barre des 2 milliards de $ sur le Monde, alors qu'on est encore assez loin de la fin de l'exploitation du film en salle. Pas forcément une surprise quand on sait que le précédent avant fait 1.9 milliard et que le Combo Spidey/Tom Holland est tjrs populaire. RE: https://bsky.app/profile/did:plc:gecergrexhnl5pwn4itwss3y/post/3mtbahsqwis2w",1,https://fed.brid.gy/r/https://bsky.app/profile/did:plc:skpzh4aoocs7t7dsyxissbqi/post/3mtbjrnbji22m,post,#SpiderManBrandNewDay
2026-08-17T09:35:47Z,Mastodon,nekotsukistudio.bsky.social@bsky.brid.gy,"Donc, aux USA : - #SpiderManBrandNewDay se rapproche des 800 millions de $. - #TheOdyssey dépasse les 500 millions et bat #ToyStory5 par la même occasion. - #TheEndOfOakStreet bat #PAWPatrolTheDinoMovie et c'est toujours aussi ironique. 😁 RE: https://bsky.app/profile/did:plc:gecergrexhnl5pwn4itwss3y/post/3mtbadfvk6c2w",1,https://fed.brid.gy/r/https://bsky.app/profile/did:plc:skpzh4aoocs7t7dsyxissbqi/post/3mtbfmmmkzk26,post,#SpiderManBrandNewDay
2026-08-17T07:27:25Z,Mastodon,fumettologica.it@web.brid.gy,Spider-Man: Brand New Day ha superato i 2 miliardi: solo altri sette film ci sono riusciti https://fed.brid.gy/r/https://fumettologica.it/2026/08/spider-man-brand-new-day-2-miliardi-incassi/,0,https://fed.brid.gy/r/https://fumettologica.it/2026/08/spider-man-brand-new-day-2-miliardi-incassi/,post,#SpiderManBrandNewDay
2026-08-17T06:55:11Z,Mastodon,variety_feed,Korea Box Office: Christopher Nolan’s ‘The Odyssey’ Outpaces ‘Spider-Man: Brand New Day’ Again in Strong Second Weekend #Variety #Asia #BoxOffice #Global #News #DetectiveConan #PawPatrolTheDinoMovie #SpiderManBrandNewDay #TheOdyssey https://variety.com/2026/film/box-office/korea-box-office-the-odyssey-outpaces-spider-man-brand-new-day-1236836058/,0,https://mastodon.social/@variety_feed/117109536297630768,post,#SpiderManBrandNewDay
2026-08-17T06:54:42Z,Mastodon,variety.com@web.brid.gy,Korea Box Office: Christopher Nolan’s ‘The Odyssey’ Outpaces ‘Spider-Man: Brand New Day’ Again in Strong Second Weekend https://fed.brid.gy/r/https://variety.com/2026/film/box-office/korea-box-office-the-odyssey-outpaces-spider-man-brand-new-day-1236836058/,0,https://fed.brid.gy/r/https://variety.com/2026/film/box-office/korea-box-office-the-odyssey-outpaces-spider-man-brand-new-day-1236836058/,post,#SpiderManBrandNewDay
2026-08-17T06:30:04Z,Mastodon,variety_feed,China Box Office: ‘Once Upon a Time in the Middle East’ Dominates With $70 Million Weekend as Christopher Nolan’s ‘The Odyssey’ Debuts Second #Variety #Asia #BoxOffice #Global #News #AllWishesComeTrue #OnceUponaTimeintheMiddleEast #SpiderManBrandNewDay #TheOdyssey https://variety.com/2026/film/box-office/china-box-office-once-upon-a-time-in-the-middle-east-the-odyssey-1236836046/,0,https://mastodon.social/@variety_feed/117109437528043521,post,#SpiderManBrandNewDay
2026-08-17T06:27:19Z,Mastodon,variety.com@web.brid.gy,China Box Office: ‘Once Upon a Time in the Middle East’ Dominates With $70 Million Weekend as Christopher Nolan’s ‘The Odyssey’ Debuts Second https://fed.brid.gy/r/https://variety.com/2026/film/box-office/china-box-office-once-upon-a-time-in-the-middle-east-the-odyssey-1236836046/,0,https://fed.brid.gy/r/https://variety.com/2026/film/box-office/china-box-office-once-upon-a-time-in-the-middle-east-the-odyssey-1236836046/,post,#SpiderManBrandNewDay
2026-08-17T05:24:58Z,Mastodon,phantastiknews,YouTube Tipp ▶️ #BoxOffice #SpiderManBrandNewDay #UPDATE - $2 Billion Explained https://youtu.be/ke5h0H7IDmo?is=X2bjtmuExRB3NnGt,0,https://mastodon.social/@phantastiknews/117109181531661870,post,#SpiderManBrandNewDay
2026-08-17T01:42:59Z,Mastodon,top_news,"‘Spider-Man: Brand New Day’ Enters Rare Air With $2 Billion At Box Office The superhero film is now the second-fastest film to reach $2 billion in history, behind only “Avengers: Endgame.” https://www.forbes.com/sites/zacharyfolk/2026/08/16/spider-man-brand-new-day-passes-2-billion-at-global-box-office/ #TopNews #News #SpiderManBrandNewDay #SpiderMan #TheOdyssey",0,https://mastodon.social/@top_news/117108308664038460,post,#SpiderManBrandNewDay
2026-08-17T00:20:40Z,Mastodon,indiegenius,Movie TV Tech Geeks #MovieNews #SpiderManBrandNewDay #BoxOffice ‘Spider-Man: Brand New Day’ Is Officially Closing In on ‘Top Gun: Maverick’ http://dlvr.it/TV2lmj,0,https://mastodon.social/@indiegenius/117107985006539103,post,#SpiderManBrandNewDay
2026-08-16T23:51:02Z,Mastodon,dmtalkies,"Spider-Man: Brand New Day has officially passed the $2 BILLION mark at the global box office, becoming the second-fastest film ever to reach the milestone. Another massive achievement for the Spider-Man franchise and a huge win for Marvel. #SpiderManBrandNewDay #SpiderMan #Marvel",1,https://mastodon.social/@dmtalkies/117107868441900671,post,#SpiderManBrandNewDay
2026-08-16T23:01:37Z,Mastodon,top_news,"Box Office: ‘Spider-Man: Brand New Day’ Remains No. 1 With $70 Million, ‘End of Oak Street’ Debuts to $21 Million Thanks to ""Spider-Man: Brand New Day"" and ""The Odyssey"" continuing to pack in crowds, this summer is ending with a bang rather than the usual whimper. https://variety.com/2026/film/box-office/spiderman-box-office-brand-new-day-dominates-end-of-oak-street-debut-1236834084/ #TopNews #News #PAW #SpiderManBrandNewDay #TheEndofOakStreet",0,https://mastodon.social/@top_news/117107674174910224,post,#SpiderManBrandNewDay
2026-08-16T20:26:14Z,Mastodon,volteccer@app.wafrn.net,"Like, Yelena. This guy is your colleague. Put some clothes on, and don't tell him to take his off. #SpiderMan #SpiderManBrandNewDay #MCU",0,https://app.wafrn.net/fediverse/post/62d68ca6-1976-4f83-b6e6-e2693217dad0,post,#SpiderManBrandNewDay
2026-08-16T18:06:42Z,Mastodon,volteccer@app.wafrn.net,Brand New Day omitted part of the scene where Peter went to Bruce where he asked if the Avengers had any protocol for HR complaints. #SpiderMan #SpiderManBrandNewDay #MCU,1,https://app.wafrn.net/fediverse/post/51335477-4d91-4718-872a-5ec874342524,post,#SpiderManBrandNewDay
2026-08-16T16:15:03Z,Mastodon,variety_feed,"Box Office: ‘Spider-Man: Brand New Day’ Remains No. 1 With $70 Million, ‘End of Oak Street’ Debuts to $21 Million #Variety #BoxOffice #News #PawPatrolTheDinoMovie #SpiderManBrandNewDay #TheEndofOakStreet https://variety.com/2026/film/box-office/spiderman-box-office-brand-new-day-dominates-end-of-oak-street-debut-1236834084/",1,https://mastodon.social/@variety_feed/117106075452173572,post,#SpiderManBrandNewDay
2026-08-16T16:06:29Z,Mastodon,top_news,"‘Spider-Man: Brand New Day’ Hits $2 Billion Worldwide in Three Weeks ""Spider-Man: Brand New Day"" has surpassed $2 billion in global ticket sales, eclipsing the rare benchmark after just three weekends of release. https://variety.com/2026/film/box-office/spider-man-brand-new-day-2-billion-worldwide-box-office-second-fastest-milestone-1236834058/ #TopNews #News #StarWarsTheForceAwakens #SpiderManBrandNewDay #NorthAmerica",0,https://mastodon.social/@top_news/117106041751403211,post,#SpiderManBrandNewDay
2026-08-16T15:48:07Z,Mastodon,indiegenius,Movie TV Tech Geeks #MovieNews #SpiderManBrandNewDay #MCU ‘Spider-Man: Brand New Day’ Officially Becomes Third MCU Movie to Cross $2 Billion http://dlvr.it/TV2Z0F,0,https://mastodon.social/@indiegenius/117105969565645259,post,#SpiderManBrandNewDay
2026-08-16T15:20:10Z,Mastodon,deadline,‘Spider-Man: Brand New Day’ Becomes Second-Fastest To Cross $2B At Global Box Office #News #SpiderManBrandNewDay https://deadline.com/2026/08/box-office-global-spider-man-brand-new-day-2-1237042050/,0,https://mastodon.social/@deadline/117105859674180089,post,#SpiderManBrandNewDay
2026-08-16T15:20:04Z,Mastodon,variety_feed,‘Spider-Man: Brand New Day’ Hits $2 Billion Worldwide in Three Weeks #Variety #BoxOffice #Marvel #SpiderManBrandNewDay https://variety.com/2026/film/box-office/spider-man-brand-new-day-2-billion-worldwide-box-office-second-fastest-milestone-1236834058/,1,https://mastodon.social/@variety_feed/117105859277042781,post,#SpiderManBrandNewDay
2026-08-16T14:51:35Z,Mastodon,JayJustice@blacktwitter.io,"I've gotten a lot of really nice movie tie in gifts and promos over the years but this might be my favorite one. It feels like having a little piece of the movie with me 🥹 I would love to know the name of the artist who drew this for Marvel, if anyone knows please share! #Spiderman #SpidermanBrandNewDay",3,https://blacktwitter.io/@JayJustice/117105747252983836,post,#SpiderManBrandNewDay
2026-08-16T14:51:08Z,Mastodon,indiegenius,Movie TV Tech Geeks #Movie #MCU #SpiderManBrandNewDay 10 MCU Movie Endings That Are Genuine Masterpieces http://dlvr.it/TV2XWC,0,https://mastodon.social/@indiegenius/117105745482444305,post,#SpiderManBrandNewDay
2026-08-16T12:39:01Z,Mastodon,TheNerdyBlogger,"Get caught up with #Podcast616! Hugh is joined by returning guest, Kelechi Ehenulo, as well as brand new guest, artist MJ McStay to chat #SpidermanBrandNewDay as well as the latest #Marvel news out of #SDCC! We even have a secret surprise guest show up, so stay tuned for that. Available wherever you get your podcasts! #nerdlyfe https://open.spotify.com/episode/6n5hn1nURo56TGZPeGnCX2?si=fb269fbf7a0d49d6",0,https://mastodon.social/@TheNerdyBlogger/117105226005256331,post,#SpiderManBrandNewDay
2026-08-16T11:03:23Z,Mastodon,jnazarene@mementomori.social,"Voi että miten paljon mä tykkäsin tuosta uudesta hämisleffasta ❤️ Tom Hollandista on tullu mun suosikki-Peter Parker. Leffa oli mun makuun tosi monikerroksinen: äksöniä oli sopivasti, huumori oli hyvää, itkeä tirautinkin pariin otteeseen ja nautin täysillä! Kaksi ja puoli tuntia meni pierun pärähdyksessä (tässä kevyt viittaus siihen Kolumbiassa(?) sattuneeseen suolikaasuepisodiin). Vähintään 9/5. #spidermanbrandnewday #spiderman #marvel #mcu #leffadontti #elokuvat #fanboy #viikonloppu",1,https://mementomori.social/@jnazarene/117104849957548665,post,#SpiderManBrandNewDay
2026-08-15T20:05:29Z,Mastodon,movizark@mastodon.world,"Marvel to Scale Back on Disney+ Shows Following 'VisionQuest' Premiere!! #Marvel, #DisneyPlus, #VisionQuest, #XMen, #DaredevilBornAgain, #AvengersDoomsday, #SpiderManBrandNewDay",1,https://mastodon.world/@movizark/117101319289376507,post,#SpiderManBrandNewDay
2026-08-15T19:50:26Z,Mastodon,creativeteo@livellosegreto.it,"#SadieSink credo stia a schermo non più di 15 minuti, massimo 20. Eppure le basta questo per far capire al mondo con la sua #JeanGrey come si fa a rendere reale e palpabile un personaggio telepate / telecinetico. Mica come quella incapace, sionista e ipocrita di Millie Bobby Brown in 5 cazzo di stagioni di #StrangerThings. #FuckElevenGoMadMax #SpidermanBrandNewDay #cinema #marvel #spiderman",1,https://livellosegreto.it/@creativeteo/117101260058338132,post,#SpiderManBrandNewDay
2026-08-15T17:24:39Z,Mastodon,top_news,"Box Office: ‘The End of Oak Street’ Chomps on $8.1 Million, But ‘Spider-Man: Brand New Day’ Is Still No. 1 With $19 Million 'The End of Oak' Street made $8.1 million on Friday, but 'Spider-Man: Brand New Day' remained at No. 1. https://variety.com/2026/film/box-office/box-office-end-of-oak-street-spider-man-brand-new-day-1236835436/ #TopNews #News #NorthAmerican #SpiderManBrandNewDay #TheEndofOakStreet",0,https://mastodon.social/@top_news/117100686848009545,post,#SpiderManBrandNewDay
2026-08-15T17:01:44Z,Mastodon,indiegenius,"Movie TV Tech Geeks #Movie #SpiderMan #SpiderManBrandNewDay All 16 Live-Action Spider-Man Villains, Ranked by How Badly They Hurt Him http://dlvr.it/TV23Cs",0,https://mastodon.social/@indiegenius/117100596704954809,post,#SpiderManBrandNewDay
2026-08-15T16:05:12Z,Mastodon,hollywoodreporter,‘Spider-Man: Brand New Day’ Still Soaring to Top Its Third Weekend With $67M #MovieNews #Movies #AnneHathaway #Boxoffice #DavidRobertMitchell #DestinDanielCretton #EwanMcGregor #Marvel #PAWPatrol #SonyPictures #SpiderManBrandNewDay #TheEndofOakStreet #TheOdyssey #TomHolland #Zendaya https://www.hollywoodreporter.com/movies/movie-news/spider-man-brand-new-day-box-office-oak-street-paw-patrol-1236674347/,0,https://mastodon.social/@hollywoodreporter/117100374451791792,post,#SpiderManBrandNewDay
2026-08-15T16:00:10Z,Mastodon,variety_feed,"Box Office: ‘The End of Oak Street’ Chomps on $8.1 Million, But ‘Spider-Man: Brand New Day’ Is Still No. 1 With $19 Million #Variety #BoxOffice #News #SpiderManBrandNewDay #TheEndofOakStreet https://variety.com/2026/film/box-office/box-office-end-of-oak-street-spider-man-brand-new-day-1236835436/",0,https://mastodon.social/@variety_feed/117100354607281911,post,#SpiderManBrandNewDay
2026-08-15T15:59:20Z,Mastodon,variety.com@web.brid.gy,"Box Office: ‘The End of Oak Street’ Chomps on $8.1 Million, But ‘Spider-Man: Brand New Day’ Is Still No. 1 With $19 Million https://fed.brid.gy/r/https://variety.com/2026/film/box-office/box-office-end-of-oak-street-spider-man-brand-new-day-1236835436/",0,https://fed.brid.gy/r/https://variety.com/2026/film/box-office/box-office-end-of-oak-street-spider-man-brand-new-day-1236835436/,post,#SpiderManBrandNewDay
2026-08-15T15:05:08Z,Mastodon,deadline,"‘Spider-Man: Brand New Day’ Production Designer On Yelena’s Bathhouse, Peter Parker’s Sad Pad & The Challenge Of Building New York In The U.K. #News #BelowTheLine #CharlesWood #DestinDanielCretton #FlorencePugh #JacobBatalon #SadieSink #Sony #SpiderManBrandNewDay #TomHolland #Zendaya https://deadline.com/2026/08/spider-man-brand-new-day-production-designer-interview-1237040773/",2,https://mastodon.social/@deadline/117100138238883110,post,#SpiderManBrandNewDay
2026-08-15T13:13:41Z,Mastodon,jnazarene@mementomori.social,"Noni, nyt sitte ihan HYSSHYSS siellä! Mää meen vihdoin kattomaan #spidermanbrandnewday !!!!! #marvel #mcu #spiderman #fanboy #viikonloppu #hiljaisuus",1,https://mementomori.social/@jnazarene/117099699961898451,post,#SpiderManBrandNewDay
2026-08-14T18:20:38Z,Mastodon,top_news,Box Office: ‘End of Oak Street’ Makes $2.5 Million in Previews 'The End of Oak Street' makes $2.5 million in previews at the box office. https://variety.com/2026/film/box-office/box-office-end-of-oak-street-previews-1236833323/ #TopNews #News #PawPatrolTheDinoMovie #SpiderManBrandNewDay #TheEndofOakStreet,0,https://mastodon.social/@top_news/117095244632058349,post,#SpiderManBrandNewDay
2026-08-14T15:55:08Z,Mastodon,hollywoodreporter,‘End of Oak Street’ Chomps $2.5M in Box Office Previews #MovieNews #Movies #AnneHathaway #Boxoffice #EwanMcGregor #KristenStewart #MatthewMcConaughey #ParamountPictures #PAWPatrol #SonyPictures #SpiderManBrandNewDay #TheEndofOakStreet #WarnerBros https://www.hollywoodreporter.com/movies/movie-news/end-of-oak-street-box-office-previews-spider-man-paw-patrol-1236673423/,0,https://mastodon.social/@hollywoodreporter/117094672522398820,post,#SpiderManBrandNewDay
2026-08-14T06:13:32Z,Mastodon,top_news,"‘Spider-Man: Brand New Day’ Hits $700 Million at Domestic Box Office, One of Seven Movies to Ever Reach the Milestone ""Spider-Man: Brand New Day"" is one of seven movies to ever hit $700 million at the domestic box office. https://variety.com/2026/film/news/spider-man-brand-new-day-700-million-domestic-box-office-1236833812/ #TopNews #News #SpiderManBrandNewDay #NorthAmerica #Avatar",0,https://mastodon.social/@top_news/117092385555863355,post,#SpiderManBrandNewDay
2026-08-14T05:47:47Z,Mastodon,phantastiknews,YouTube Tipp ▶️ #SpiderManBrandNewDay #JeanGrey #DeletedScenes & #XMen Hidden Details #spiderman #sony https://youtu.be/X3Hx_Ofkpes?is=gU9yyg4sLLb678id,0,https://mastodon.social/@phantastiknews/117092284324763521,post,#SpiderManBrandNewDay
2026-08-14T01:24:31Z,Mastodon,AustinGorton@mstdn.social,ICYMI: My review of Spider-Man: Brand New Day for Pop Heist! #SpiderMan #SpiderManBrandNewDay #SpiderManBND https://popheist.com/spider-man-brand-new-day-review,1,https://mstdn.social/@AustinGorton/117091249128917872,post,#SpiderManBrandNewDay
2026-08-14T00:05:09Z,Mastodon,deadline,‘The End Of Oak Street’ Stomping To $38M-$48M WW Opening; U.S. Previews At $2M+ – Thursday PM Box Office #News #SpiderManBrandNewDay #TheEndofOakStreet https://deadline.com/2026/08/box-office-spider-man-the-end-of-oak-street-1237033458/,0,https://mastodon.social/@deadline/117090937051872962,post,#SpiderManBrandNewDay
2026-08-13T22:40:19Z,Mastodon,donporque,¿Qué ver en cines este finde? Estrenos del 14 al 16 de agosto de 2026 #Cine #EstrenosCine #Cartelera #QueVer #Peliculas #Cine2026 #SpiderManBrandNewDay #LaOdisea #AnneHathaway #EwanMcGregor #CineEspañol #PlanesDeFinDeSemana #felizviernes #14deagosto https://donporque.com/que-ver-en-cines-este-finde-14-16-agosto/,0,https://mastodon.social/@donporque/117090603496760014,post,#SpiderManBrandNewDay
2026-08-13T22:34:04Z,Mastodon,comingsoon.net@web.brid.gy,Spider-Man 4 Star Tramell Tillman Calls MCU Casting a ‘Frustrating’ Experience https://fed.brid.gy/r/https://www.comingsoon.net/movies/news/2176301-spider-man-4-tramell-tillman-marvel-casting-secrecy,1,https://fed.brid.gy/r/https://www.comingsoon.net/movies/news/2176301-spider-man-4-tramell-tillman-marvel-casting-secrecy,post,#SpiderManBrandNewDay
2026-08-13T21:53:43Z,Mastodon,DonGarellos,Spider-Man: Brand New Day (2026) ★★★★★★★★☆☆ https://trakt.tv/movies/spider-man-brand-new-day-2026 #SpiderManBrandNewDay #trakt,0,https://mastodon.social/@DonGarellos/117090420216933074,post,#SpiderManBrandNewDay
2026-08-13T20:35:09Z,Mastodon,variety_feed,Tramell Tillman Says ‘I Had to Sign NDAs’ Before Even Meeting for ‘Spider-Man: Brand New Day’ Role: ‘A Little Frustrating Because Everything Was Shrouded in Secrecy’ #Variety #News #SpiderManBrandNewDay #TramellTillman https://variety.com/2026/film/news/tramell-tillman-signed-ndas-spider-man-brand-new-day-role-meeting-1236834204/,1,https://mastodon.social/@variety_feed/117090111319471434,post,#SpiderManBrandNewDay
2026-08-13T20:34:40Z,Mastodon,DonGarellos,I'm watching Spider-Man: Brand New Day (2026) https://trakt.tv/movies/spider-man-brand-new-day-2026 #SpiderManBrandNewDay #trakt,0,https://mastodon.social/@DonGarellos/117090109365435622,post,#SpiderManBrandNewDay
2026-08-13T20:32:05Z,Mastodon,variety.com@web.brid.gy,Tramell Tillman Says ‘I Had to Sign NDAs’ Before Even Meeting for ‘Spider-Man: Brand New Day’ Role: ‘A Little Frustrating Because Everything Was Shrouded in Secrecy’ https://fed.brid.gy/r/https://variety.com/2026/film/news/tramell-tillman-signed-ndas-spider-man-brand-new-day-role-meeting-1236834204/,0,https://fed.brid.gy/r/https://variety.com/2026/film/news/tramell-tillman-signed-ndas-spider-man-brand-new-day-role-meeting-1236834204/,post,#SpiderManBrandNewDay
2026-08-13T15:45:08Z,Mastodon,deadline,‘Spider-Man: Brand New Day’ Fastest Movie To Cross $700M At U.S. Box Office #News #SpiderManBrandNewDay https://deadline.com/2026/08/box-office-spider-man-brand-new-day-700m-record-fastest-1237032881/,0,https://mastodon.social/@deadline/117088970906231728,post,#SpiderManBrandNewDay
2026-08-13T15:40:21Z,Mastodon,hollywoodreporter,‘Spider-Man: Brand New Day’ Becomes Fastest Movie to Hit $700M at Domestic Box Office #MovieNews #Movies #Boxoffice #DestinDanielCretton #SonyPictures #SpiderMan #SpiderManBrandNewDay #SpiderManNoWayHome #TomHolland #Zendaya https://www.hollywoodreporter.com/movies/movie-news/spider-man-brand-new-day-box-office-record-700-million-1236672909/,0,https://mastodon.social/@hollywoodreporter/117088952087390147,post,#SpiderManBrandNewDay
2026-08-13T15:15:11Z,Mastodon,variety_feed,"‘Spider-Man: Brand New Day’ Hits $700 Million at Domestic Box Office, One of Seven Movies to Ever Reach the Milestone #Variety #News #SpiderManBrandNewDay https://variety.com/2026/film/news/spider-man-brand-new-day-700-million-domestic-box-office-1236833812/",1,https://mastodon.social/@variety_feed/117088853119093580,post,#SpiderManBrandNewDay
2026-08-13T14:01:21Z,Mastodon,dunderklumpen80,"Didn't know that was ""a thing""! Here's a poster for #SpidermanBrandNewDay an employee made because they didn't get the official promo material in time. Same happened for #Godzilla (Taiwan's Penghu County) back then.😂😂😂 P.S.: I love that they actually drew a poster instead of AI-ed it.",43,https://mastodon.social/@dunderklumpen80/117088562776047608,post,#SpiderManBrandNewDay
2026-08-13T14:01:15Z,Mastodon,dunderklumpen.bsky.social@bsky.brid.gy,"Didn't know that was ""a thing""! Here's a poster for #SpidermanBrandNewDay an employee made because they didn't get the official promo material in time. Same happened for #Godzilla (Taiwan's Penghu County) back then.😂😂😂 P.S.: I love that they actually drew a poster instead of AI-ed it",0,https://fed.brid.gy/r/https://bsky.app/profile/did:plc:d4ek3fyzz2b6w3th5adrb6x2/post/3msxslmrnjk25,post,#SpiderManBrandNewDay
2026-08-13T04:53:02Z,Mastodon,dailytimes.com.pk@web.brid.gy,Sadie Sink confirms her secret Jean Grey role in Marvel’s Spider-Man https://fed.brid.gy/r/https://dailytimes.com.pk/1537904/sadie-sink-confirms-her-secret-jean-grey-role-in-marvels-spider-man/,0,https://fed.brid.gy/r/https://dailytimes.com.pk/1537904/sadie-sink-confirms-her-secret-jean-grey-role-in-marvels-spider-man/,post,#SpiderManBrandNewDay
2026-08-13T01:26:28Z,Mastodon,indiegenius,Movie TV Tech Geeks #Movie #SpiderManBrandNewDay #Superhero 10 Most Universally Beloved Superhero Movies of All Time http://dlvr.it/TTzvQ2,0,https://mastodon.social/@indiegenius/117085594477483077,post,#SpiderManBrandNewDay
2026-08-13T01:08:51Z,Mastodon,SuperSideshow,"Join us as we dive into #SpiderManBrandNewDay! We discuss our initial reactions and why this feels like the same #MCU Spidey, but better. We also explore the theme of the lonely hero, his evolving relationship with the police, and what the future holds for Ned and MJ. Plus, we speculate on introducing the #XMen. #ThePunisher and the #Hulk get thrown into the mix. And Jay answers Mike’s questions. https://pod.link/1566632765/episode/MjZjODU3YjQtMTQ3OC00ZTY0LTg4YzctMGZiMzI0NTcyMDUw",1,https://mastodon.social/@SuperSideshow/117085525244966911,post,#SpiderManBrandNewDay
2026-08-13T00:45:05Z,Mastodon,hollywoodreporter,‘End of Oak Street’ Box Office Aims to Take Bite Out of ‘Spider-Man: Brand New Day’ #MovieNews #Movies #AnneHathaway #Boxoffice #EwanMcGregor #KristenStewart #MatthewMcConaughey #McKennaGrace #ParamountPictures #PAWPatrol #SadieSink #SpiderMan #SpiderManBrandNewDay #SpiderManNoWayHome #TheEndofOakStreet #TheWrongGirls #TomHolland #WarnerBros #Zendaya https://www.hollywoodreporter.com/movies/movie-news/end-of-oak-street-box-office-spider-man-brand-new-day-paw-1236672604/,0,https://mastodon.social/@hollywoodreporter/117085431767287751,post,#SpiderManBrandNewDay
2026-08-13T00:43:58Z,Mastodon,SuperSideshow,Are you ready to hear us talk about #SpiderManBrandNewDay ? (@jgobble),2,https://mastodon.social/@SuperSideshow/117085427334883572,post,#SpiderManBrandNewDay
2026-08-13T00:38:45Z,Mastodon,FoCC,FoCC Movie Review: Spider-Man: Brand New Day #SpiderManBrandNewDay https://www.friendsofcc.com/2026/08/12/focc-movie-review-spider-man-brand-new-day/,0,https://mastodon.social/@FoCC/117085406875587198,post,#SpiderManBrandNewDay
2026-08-12T22:55:11Z,Mastodon,hollywoodreporter,"A Movie Theater Didn’t Get Sent ‘Spider-Man’ Posters, So an Employee Drew His Own #MovieNews #Movies #Cineplex #SpiderMan #SpiderManBrandNewDay https://www.hollywoodreporter.com/movies/movie-news/viral-hand-drawn-spider-man-brand-new-day-poster-artist-speaks-1236672446/",2,https://mastodon.social/@hollywoodreporter/117084999586637506,post,#SpiderManBrandNewDay
2026-08-12T22:36:05Z,Mastodon,indiegenius,"Movie TV Tech Geeks #Movie #SpiderMan #SpiderManBrandNewDay Every Tom Holland Spider-Man Solo Movie, Ranked http://dlvr.it/TTzqz1",1,https://mastodon.social/@indiegenius/117084924513680908,post,#SpiderManBrandNewDay
2026-08-12T19:44:56Z,Mastodon,indiegenius,Movie TV Tech Geeks #MovieNews #SpiderManBrandNewDay #BoxOffice 'Spider-Man: Brand New Day' Is Officially One of the Biggest Movies of All Time http://dlvr.it/TTzlRf,0,https://mastodon.social/@indiegenius/117084251504636984,post,#SpiderManBrandNewDay
2026-08-12T19:30:30Z,Mastodon,digitalworldshq,Spider-man Brand New Day London Premiere B-Roll Footage of the day's events. #spiderman #spidermanbrandnewday #spidermanbnd #londonpremiere #broll #brolls #moviepremiere #premiere,0,https://mastodon.social/@digitalworldshq/117084194781199929,post,#SpiderManBrandNewDay
2026-08-12T18:47:58Z,Mastodon,digitalworldshq,Zendaya at the London Premiere for Spider-man Brand New Day. ----- #interview #junketinterview #soundbites #spiderman #spidermanbrandnewday #spidermanbnd #zendaya #londonpremiere,0,https://mastodon.social/@digitalworldshq/117084027500037204,post,#SpiderManBrandNewDay
2026-08-12T18:47:23Z,Mastodon,digitalworldshq,Tom Holland at the London Premiere for Spider-man Brand New Day. ----- #interview #junketinterview #soundbites #spiderman #spidermanbrandnewday #spidermanbnd #londonpremiere #tomholland,0,https://mastodon.social/@digitalworldshq/117084025192562783,post,#SpiderManBrandNewDay
2026-08-12T18:46:49Z,Mastodon,digitalworldshq,Jacob Batalon at the London Premiere for Spider-man Brand New Day. ----- #interview #junketinterview #soundbites #spiderman #spidermanbrandnewday #spidermanbnd #londonpremiere #jacobbatalon,0,https://mastodon.social/@digitalworldshq/117084023023745686,post,#SpiderManBrandNewDay
2026-08-12T17:46:31Z,Mastodon,movizark@mastodon.world,"'Spider-Man: Brand New Day' Officially Becomes Highest-Grossing Hollywood Film in India!! #SpiderManBrandNewDay, #TomHolland, #Zendaya, #AvatarTheWayofWater",0,https://mastodon.world/@movizark/117083785902314268,post,#SpiderManBrandNewDay
2026-08-12T17:46:18Z,Mastodon,digitalworldshq,"Meet Sadie Sink, ""Jean Grey"" from Spider-man: Brand New Day ----- #interview #junketinterview #soundbites #spiderman #spidermanbrandnewday #spidermanbnd #sadiesink #jeangrey #movie #comics #comicmovie",0,https://mastodon.social/@digitalworldshq/117083785022791011,post,#SpiderManBrandNewDay
2026-08-12T17:45:32Z,Mastodon,digitalworldshq,"Meet Jon, Tom and Jacob from Spider-man: Brand New Day ----- #interview #junketinterview #soundbites #spiderman #SpiderManBrandNewDay #spidermanbnd #tomholland #JacobBatalon #jonbernthal #movies #comicmovie #comics",0,https://mastodon.social/@digitalworldshq/117083782015962752,post,#SpiderManBrandNewDay
2026-08-12T17:44:39Z,Mastodon,digitalworldshq,"Destin Daniel Cretton, Director from Spider-man Brand New Day ----- #interview #junketinterview #soundbites #spiderman #SpiderManBrandNewDay #spidermanbnd #DestinDanielCretton #movies #comics",0,https://mastodon.social/@digitalworldshq/117083778526470483,post,#SpiderManBrandNewDay
2026-08-12T17:18:14Z,Mastodon,thecosmiccircus.com@web.brid.gy,"Alex Perez August 2026 Q&A #2: ‘Spider-Man: Brand New Day’, Werewolf By Night, X-Men and more https://fed.brid.gy/r/https://thecosmiccircus.com/alexperez-aug2026qa2-spider-man-werewolf-by-night-x-men/",0,https://fed.brid.gy/r/https://thecosmiccircus.com/alexperez-aug2026qa2-spider-man-werewolf-by-night-x-men/,post,#SpiderManBrandNewDay
2026-08-12T15:45:06Z,Mastodon,variety_feed,"Box Office: ‘End of Oak Street’ Targets $25 Million Debut, ‘Spider-Man: Brand New Day’ to Remain No. 1 #Variety #BoxOffice #News #SpiderManBrandNewDay #TheEndofOakStreet https://variety.com/2026/film/box-office/end-of-oak-street-box-office-projections-spiderman-continues-domination-1236832153/",0,https://mastodon.social/@variety_feed/117083308463738094,post,#SpiderManBrandNewDay
2026-08-12T15:43:35Z,Mastodon,variety.com@web.brid.gy,"Box Office: ‘End of Oak Street’ Targets $25 Million Debut, ‘Spider-Man: Brand New Day’ to Remain No. 1 https://fed.brid.gy/r/https://variety.com/2026/film/box-office/end-of-oak-street-box-office-projections-spiderman-continues-domination-1236832153/",0,https://fed.brid.gy/r/https://variety.com/2026/film/box-office/end-of-oak-street-box-office-projections-spiderman-continues-domination-1236832153/,post,#SpiderManBrandNewDay
2026-08-12T13:37:50Z,Mastodon,msobczak@newsie.social,"Similar to Spider-Man: No Way Home, Brand New Day confidently tells a story loaded with superheroes, villains and the everyday worries of Peter Parker. For fans of Spider-Man, the movie has everything you could ask for, and then some. One of the best Spider-Man movies ever made. Highly recommended. https://detroitcineaste.net/2026/08/11/spider-man-brand-new-day-movie-review-analysis-tom-holland-zendaya-jon-bernthal-daniel-destin-cretton/ #moviereview #moviereviews #spiderman #spidermanbrandnewday",0,https://newsie.social/@msobczak/117082808018455717,post,#SpiderManBrandNewDay
2026-08-12T13:00:00Z,Mastodon,cinemagizmo.com@cinemagizmo.com,"Spiderman…¡La más taquillera del 2026! La cinta de Marvel se ha convertido en la cinta más taquillera hasta el momento del año Apenas 7 días ha necesitado Spider-Man: Brand New Day para convertirse en la película más taquillera de 2026. Lo nuevo de Marvel Studios lleva solo una semana en la cartelera, pero ya ha recaudado unos impactantes 1.155 millones de dólares a nivel global. Esto la ubica en lo más alto del ranking de recaudación del año, cuando todavía le queda mucho recorrido en los cines de todo el mundo. De esta manera, Spider-Man: Brand New Day continúa sacando provecho de su fuerte estreno con más de 900 millones de dólares solo durante su fin de semana de estreno. La noticia es una muy grata noticia para Marvel y Disney, pues implica que el UCM ha recapturado el interés del fandom global, lo cual seguramente se va a trasladar a Avengers: Doomsday cuando se estrene a fin de año. Según reporta Variety, Spider-Man: Brand New Day lleva recaudados 449 millones de dólares en Esta",6,https://cinemagizmo.com/2026/08/12/spiderman-la-mas-taquillera-del-2026/,post,#SpiderManBrandNewDay
2026-08-12T09:20:04Z,Mastodon,guardianfeeds@rssfeed.media,"Mutants assemble: what does the future hold for the X-Men? By Jesse Hassenger After the introduction of a key character in Spider-Man: Brand New Day, Marvel is bringing back one of its most beloved franchises – but the return comes at a precarious time https://www.theguardian.com/film/2026/aug/12/x-men-spider-man-marvel #Superheromovies #XMen #Film #Culture #SpiderManBrandNewDay #Marvel #TheGuardian #JesseHassenger",0,https://rssfeed.media/@guardianfeeds/117081794477321865,post,#SpiderManBrandNewDay
2026-08-12T03:20:05Z,Mastodon,deadline,Rosario Dawson Says She’s “A Reject Of Spider-Man” After ‘Brand New Day’ Cut ‘Daredevil’s Claire Temple Cameo #News #Daredevil #RosarioDawson #SpiderMan #SpiderManBrandNewDay https://deadline.com/2026/08/rosario-dawson-reject-spider-man-cut-daredevil-cameo-1236967045/,0,https://mastodon.social/@deadline/117080378909931283,post,#SpiderManBrandNewDay
2026-08-12T02:40:07Z,Mastodon,indiegenius,Movie TV Tech Geeks #MovieNews #SpiderManBrandNewDay #MCU #Marvel ‘Spider-Man: Brand New Day’ Officially Swings Toward Its Biggest Box Office Milestone Yet http://dlvr.it/TTz2Sh,0,https://mastodon.social/@indiegenius/117080221785477428,post,#SpiderManBrandNewDay
2026-08-11T23:35:17Z,Mastodon,MaikCiveira,"¿Por qué le echo este choro sobre mi apego personal al Trepamuros? Pues porque quiero reflexionar con vuestras mercedes acerca de lo relevante que es Spider-Man, de quién es realmente este amado personaje y de cómo No Way Home por fin dio en el clavo, después de mucho tiempo, en capturar la importancia de un mito moderno. #spiderman #SpiderManBrandNewDay #peliculas #comics #culturapop https://www.maikciveira.com/2022/01/sin-camino-casa-por-que-spider-man-es.html?m=1",0,https://mastodon.social/@MaikCiveira/117079495013676588,post,#SpiderManBrandNewDay
2026-08-11T22:46:55Z,Mastodon,Phangurl@starbase80.wtf,At the #MovieTheatre waiting for #SpidermanBrandNewDay to start. I can't wait!!!,16,https://starbase80.wtf/@Phangurl/117079304824976614,post,#SpiderManBrandNewDay
2026-08-11T22:31:14Z,Mastodon,sarnadas@mastodon.art,"I got my hands on Gwen9p1's incredible model for the Brand New Day Spider-Man suit and I could not help creating a poster with it. Here is my new tribute, an IMAX poster for the new Spidey! #SpiderManBrandNewDay #poster #film #marvel",0,https://mastodon.art/@sarnadas/117079243135566496,post,#SpiderManBrandNewDay
2026-08-11T21:41:37Z,Mastodon,nerdist.com@web.brid.gy,Rosario Dawson Confirms She Shot Scenes for BRAND NEW DAY https://fed.brid.gy/r/https://nerdist.com/article/rosario-dawson-shot-scenes-spider-man-brand-new-day-claire-temple-daredevil/,0,https://fed.brid.gy/r/https://nerdist.com/article/rosario-dawson-shot-scenes-spider-man-brand-new-day-claire-temple-daredevil/,post,#SpiderManBrandNewDay
2026-08-11T18:45:15Z,Mastodon,deadline,"‘Spider-Man: Brand New Day’ To Pass $700M U.S. Wednesday, Will Catch Dinosaur Pic ‘The End Of Oak Street’ In Its Web – Box Office Preview #News #PawPatrolTheDinoMovie #SpiderManBrandNewDay #TheEndofOakStreet #TheOdyssey #TheRivalsofAmziahKing https://deadline.com/2026/08/box-office-spider-man-brand-new-day-third-weekend-1237031204/",0,https://mastodon.social/@deadline/117078354495847821,post,#SpiderManBrandNewDay
2026-08-11T17:40:19Z,Mastodon,hollywoodreporter,"Frank Miller Talks Arguing with Jim Shooter, Why His Doctor Strange Series Never Happened and ‘Sin City’ Future #MovieNews #Movies #FrankMiller #SpiderManBrandNewDay https://www.hollywoodreporter.com/movies/movie-news/frank-miller-brand-new-day-1236670605/",0,https://mastodon.social/@hollywoodreporter/117078099198814981,post,#SpiderManBrandNewDay
2026-08-11T15:55:16Z,Mastodon,hollywoodreporter,Rosario Dawson Regrets Her ‘Brand New Day’ Cameo Was Cut: “I’m a Reject of Spider-Man” #MovieNews #Movies #RosarioDawson #SpiderManBrandNewDay https://www.hollywoodreporter.com/movies/movie-news/rosario-dawson-spider-man-brand-new-day-cameo-cut-1236670939/,0,https://mastodon.social/@hollywoodreporter/117077686102036061,post,#SpiderManBrandNewDay
2026-08-11T15:40:03Z,Mastodon,nerdist.com@web.brid.gy,Man Who Lives at Peter Parker’s Address Gets Spider-Man Letters https://fed.brid.gy/r/https://nerdist.com/article/forest-hills-resident-jack-shi-lives-at-peter-parker-spiderman-address-gets-letters/,0,https://fed.brid.gy/r/https://nerdist.com/article/forest-hills-resident-jack-shi-lives-at-peter-parker-spiderman-address-gets-letters/,post,#SpiderManBrandNewDay
2026-08-11T14:54:45Z,Mastodon,comingsoon.net@web.brid.gy,‘I’m a Reject’: Rosario Dawson Opens Up About Cut Spider-Man 4 Scene https://fed.brid.gy/r/https://www.comingsoon.net/movies/news/2174460-rosario-dawson-cut-spider-man-4-scene-reject,1,https://fed.brid.gy/r/https://www.comingsoon.net/movies/news/2174460-rosario-dawson-cut-spider-man-4-scene-reject,post,#SpiderManBrandNewDay
2026-08-11T13:10:14Z,Mastodon,variety_feed,Rosario Dawson Says Her ‘Spider-Man: Brand New Day’ Cameo ‘Got Cut Out’ and Her Mom Told Her ‘That Sucks’: ‘I Hope I Get to Be Claire Again’ #Variety #News #MCU #RosarioDawson #SpiderManBrandNewDay #TomHolland https://variety.com/2026/film/news/rosario-dawson-spider-man-brand-new-day-cameo-cut-out-1236831939/,1,https://mastodon.social/@variety_feed/117077037190647925,post,#SpiderManBrandNewDay
2026-08-11T13:05:39Z,Mastodon,variety_feed,"Summer Box Office Hits $4 Billion for Second Time Since COVID, Thanks to ‘Odyssey,’ ‘Spider-Man’ and More Blockbusters #Variety #BoxOffice #SpiderManBrandNewDay #SummerMovies #TheOdyssey https://variety.com/2026/film/box-office/summer-box-office-4-billion-odyssey-spiderman-obsession-backrooms-1236831246/",2,https://mastodon.social/@variety_feed/117077019158224385,post,#SpiderManBrandNewDay
2026-08-11T08:41:36Z,Mastodon,eurogamer.net@web.brid.gy,Marvel's Spider-Man 2 just had its biggest sales boost in years thanks to Brand New Day https://fed.brid.gy/r/https://www.eurogamer.net/spider-man-2-brand-new-day-film-sales-boost,0,https://fed.brid.gy/r/https://www.eurogamer.net/spider-man-2-brand-new-day-film-sales-boost,post,#SpiderManBrandNewDay
2026-08-11T07:46:08Z,Mastodon,KleinDanny,"Kaum ist #SpiderManBrandNewDay ein Erfolg gibt es direkt einen Drang die dazugehörigen, EXKLUSIVEN, Playstation-Games davon zu spielen Ist mir leider immer noch nicht wert für 900€ sich eine Playstation zu kaufen https://www.play3.de/2026/08/10/marvels-spider-man-2-kino-erfolg-von-brand-new-day-sorgt-fuer-beeindruckenden-verkaufsschub/",0,https://mastodon.social/@KleinDanny/117075762773239000,post,#SpiderManBrandNewDay
2026-08-11T06:45:06Z,Mastodon,variety_feed,"‘Spider-Man: Brand New Day,’ ‘The Odyssey’ Battle Atop U.K., Ireland Box Office #Variety #BoxOffice #Global #News #ChristopherNolan #PawPatrolTheDinoMovie #SpiderManBrandNewDay #TheOdyssey https://variety.com/2026/film/box-office/spider-man-brand-new-day-the-odyssey-uk-ireland-box-office-1236831811/",0,https://mastodon.social/@variety_feed/117075522803553752,post,#SpiderManBrandNewDay
2026-08-11T04:35:38Z,Mastodon,comingsoon.net@web.brid.gy,"Claire Temple Was Cut From Spider-Man: Brand New Day, but Rosario Dawson Isn’t Done https://fed.brid.gy/r/https://www.comingsoon.net/movies/news/2174290-rosario-dawson-claire-temple-mcu-return-spider-man-brand-new-day",1,https://fed.brid.gy/r/https://www.comingsoon.net/movies/news/2174290-rosario-dawson-claire-temple-mcu-return-spider-man-brand-new-day,post,#SpiderManBrandNewDay
2026-08-11T02:25:07Z,Mastodon,variety_feed,LISTEN: Summer Box Office Will Surpass the $4 Billion Benchmark #Variety #BoxOffice #DailyVariety #SpiderManBrandNewDay #TheOdyssey https://variety.com/2026/film/box-office/summer-box-office-4-billion-benchmark-daily-variety-1236831774/,0,https://mastodon.social/@variety_feed/117074500505276470,post,#SpiderManBrandNewDay
2026-08-11T01:55:53Z,Mastodon,FilmBook,"Box Office – August 7-9, 2026: SPIDER-MAN: BRAND NEW DAY, THE ODYSSEY, ONE NIGHT ONLY, & More Link: https://film-book.com/box-office-august-7-9-2026-spider-man-brand-new-day-the-odyssey-one-night-only-more/?fsp_sid=236196 #BoxOffice #CatVideoFest2026 #ComicBook #IceCreamMan #MinionsandMonsters #Moana #MovieNews #OneNightOnly #SpiderManBrandNewDay #SuperTroopers3 #TheInvite #TheOdyssey #ToyStory5",0,https://mastodon.social/@FilmBook/117074385514750719,post,#SpiderManBrandNewDay
2026-08-11T01:34:15Z,Mastodon,Seth_Petsching,Obviously I wasn’t going to miss Spider-Man: Brand New Day. Seems like nobody missed Spider-Man. And when I went I saw they had this cool alternate poster in addition to the regular one • #spiderman #brandnewday #spidermanbrandnewday #mcu #marvel #superhero #cinema #movie #theater #movies,5,https://mastodon.social/@Seth_Petsching/117074300443142091,post,#SpiderManBrandNewDay
2026-08-10T23:09:54Z,Mastodon,indiegenius,Movie TV Tech Geeks #MovieNews #Marvel #SpiderManBrandNewDay ‘Spider-Man: Brand New Day’ Officially Makes Box Office History http://dlvr.it/TTy3zG,3,https://mastodon.social/@indiegenius/117073732875002802,post,#SpiderManBrandNewDay
2026-08-10T22:13:18Z,Mastodon,AustinGorton@mstdn.social,Read how one of Spider-Man: Brand New Day's secret characters almost changed the course of comic book history! Spoilers! #SpiderMan #SpiderManBrandNewDay #SpiderManBND https://comicon.com/2026/08/07/the-secret-history-of-spider-man-brand-new-days-mystery-character/,0,https://mstdn.social/@AustinGorton/117073510314947285,post,#SpiderManBrandNewDay
2026-08-10T21:35:03Z,Mastodon,indiewire,Could ‘Spider-Man: Brand New Day’ Be the First Film to Surpass $1 Billion Domestic? #IndieWire #BoxOffice #News #Film #Sony #SpiderManBrandNewDay https://www.indiewire.com/news/box-office/could-spider-man-brand-new-day-surpass-1-billion-domestic-1235209822/,0,https://mastodon.social/@indiewire/117073359912313163,post,#SpiderManBrandNewDay
2026-08-10T21:30:00Z,Mastodon,indiewire.com@web.brid.gy,Could ‘Spider-Man: Brand New Day’ Be the First Film to Surpass $1 Billion Domestic? https://fed.brid.gy/r/https://www.indiewire.com/news/box-office/could-spider-man-brand-new-day-surpass-1-billion-domestic-1235209822/,0,https://fed.brid.gy/r/https://www.indiewire.com/news/box-office/could-spider-man-brand-new-day-surpass-1-billion-domestic-1235209822/,post,#SpiderManBrandNewDay
2026-08-10T21:18:00Z,Mastodon,variety.com@web.brid.gy,LISTEN: Summer Box Office Will Surpass the $4 Billion Benchmark https://fed.brid.gy/r/https://variety.com/2026/film/box-office/summer-box-office-4-billion-benchmark-daily-variety-1236831774/,0,https://fed.brid.gy/r/https://variety.com/2026/film/box-office/summer-box-office-4-billion-benchmark-daily-variety-1236831774/,post,#SpiderManBrandNewDay
2026-08-10T20:45:05Z,Mastodon,truhe@chaos.social,"So bleibt ein Film, dem weniger Gewusel gut getan hätte, mehr Mut zur eigenen Story, anstelle der von Sadie Sink und mehr Mut, Dinge einfach mal durchzuziehen. 7/10 https://youtu.be/vvnkXb5PI8M https://www.moviejones.de/kritiken/spider-man-brand-new-day-kritik-8663.html #kino #spidermanbrandnewday (2/2)",2,https://chaos.social/@truhe/117073163427497384,post,#SpiderManBrandNewDay
2026-08-10T19:32:16Z,Mastodon,comingsoon.net@web.brid.gy,‘Never Will Be’: Spider-Man 4 Actor Strongly Rejects MCU Theory Regarding a Hated Character https://fed.brid.gy/r/https://www.comingsoon.net/movies/news/2174010-eman-esfandi-addresses-paul-rabin-brand-new-day-rumor,1,https://fed.brid.gy/r/https://www.comingsoon.net/movies/news/2174010-eman-esfandi-addresses-paul-rabin-brand-new-day-rumor,post,#SpiderManBrandNewDay
2026-08-10T19:21:47Z,Mastodon,indiegenius,Movie TV Tech Geeks #MovieNews #SpiderMan #SpiderManBrandNewDay Spider-Man Star Officially Confirms the Truth Behind That Handshake http://dlvr.it/TTxyLl,1,https://mastodon.social/@indiegenius/117072835884304031,post,#SpiderManBrandNewDay
2026-08-10T17:27:42Z,Mastodon,indiegenius,"Movie TV Tech Geeks #MovieNews #SpiderManBrandNewDay #BoxOffice #MCU In Just 12 Days, ‘Spider-Man: Brand New Day’ Beats Marvel’s Original Blockbuster at the Box Office http://dlvr.it/TTxtQh",0,https://mastodon.social/@indiegenius/117072387296836650,post,#SpiderManBrandNewDay
2026-08-10T15:51:40Z,Mastodon,perdidoseter@c.im,"bit.ly/perdidos669 bit.ly/perdidos669yt Perdidos En El Éter #669 - Spider-Man: Brand New Day (cine y comics) Es el amanecer de un nuevo día para el Amistoso Vecino Hombre Araña y, quizá, para el MCU... así que mucho cuidado con los spoilers, porque nuestra RE: seña de la película tiene muchos. Un Peter sin amigos ni familia lucha contra el crimen, pero se enfrenta a un nuevo oponente muy peligroso, y a la posibilidad de que algunos de sus pocos aliados no sean lo que parecen. Además, un mini Historias de Historietas con el repaso a como surgió (y terminó) la etapa del comic de la que la película toma su nombre y algún mínimo concepto, más la RE: seña del primer recopilatorio de esa era, por Dan Slott, Marc Guggenheim, Bob Gale, Zeb Wells, Phil Jimenez, Steve McNiven, Salvador Larroca, y equipo. Con música de Michael Giacchino, Beastie Boys, y Neil Patrick Harris. Escuchalo en tu plataforma de podcasts favorita, primero lo subimos a Ivoox: bit.ly/perdidos669 Próximo programa: Comics Uru",1,https://c.im/@perdidoseter/117072009630805906,post,#SpiderManBrandNewDay
2026-08-10T15:37:19Z,Mastodon,AustinGorton@mstdn.social,Finally got my Spider-Man: Brand New Day review hammered into shape. Check it out on Pop Heist! #SpiderManBrandNewDay #SpiderMan #MCU https://popheist.com/spider-man-brand-new-day-review,2,https://mstdn.social/@AustinGorton/117071953222444070,post,#SpiderManBrandNewDay
2026-08-10T15:36:22Z,Mastodon,pograneeu@mastodon.com.pl,"Po szalonym No Way Home czas na powrót do korzeni. Spider-Man: Brand New Day to bardziej przyziemna historia, w której Peter Parker musi poskładać swoje życie na nowo. Kapitalna chemia z Punisherem, widowiskowe bujanie się na sieci z perspektywy pierwszej osoby i w końcu dorosły klimat. https://pograne.eu/spider-man-brand-new-day-recenzja/ #Pograne #Giereczkowo #SpiderManBrandNewDay",2,https://mastodon.com.pl/@pograneeu/117071949511093464,post,#SpiderManBrandNewDay
2026-08-10T13:56:42Z,Mastodon,in.mashable.com@web.brid.gy,"Spider-Man: Brand New Day Earns INR 500 Crores, Becomes Highest-Grossing Hollywood Film In India! https://fed.brid.gy/r/https://in.mashable.com/entertainment/112710/spider-man-brand-new-day-earns-inr-500-crores-becomes-highest-grossing-hollywood-film-in-india",0,https://fed.brid.gy/r/https://in.mashable.com/entertainment/112710/spider-man-brand-new-day-earns-inr-500-crores-becomes-highest-grossing-hollywood-film-in-india,post,#SpiderManBrandNewDay
2026-08-10T13:39:44Z,Mastodon,realcinch,"The Mets' Spider-Man Mask Gimmick Explained Are the New York Mets relying on gimmicks to save a sinking season? In this Giant Mess podcast clip, we unpack the recent stunts the Mets have pulled to generate some mojo and sell $6 tickets during a miserable stretch. We’ve seen teams use gimmicks effectively before, like the Mariners' trident or Team Italy’s espresso machine dominating the WBC. #Mets #spiderman #spidermanbrandnewday #Queens #baseball #mlb full ep here: https://www.youtube.com/watch?v=ujLUfSerRog",0,https://mastodon.social/@realcinch/117071490868711064,post,#SpiderManBrandNewDay
2026-08-10T12:59:33Z,Mastodon,comingsoon.net@web.brid.gy,Spider-Man 4 Beats Avatar 2 & Avengers: Endgame for Yet Another Box Office Record https://fed.brid.gy/r/https://www.comingsoon.net/movies/news/2173754-spider-man-brand-new-day-box-office-avengers-endgame-avatar-2,1,https://fed.brid.gy/r/https://www.comingsoon.net/movies/news/2173754-spider-man-brand-new-day-box-office-avengers-endgame-avatar-2,post,#SpiderManBrandNewDay
2026-08-10T09:25:04Z,Mastodon,deadline,‘Spider-Man: Brand New Day’ Becomes Biggest Hollywood Film Of All Time In India; First Half Box Office Show Signs Of Market Recovery #News #Avatar2TheWayofWater #AvatarFireandAsh #BoxOffice #India #SpiderManBrandNewDay https://deadline.com/2026/08/spider-man-brand-new-day-sony-india-box-office-1237029987/,0,https://mastodon.social/@deadline/117070489453010753,post,#SpiderManBrandNewDay
2026-08-10T06:20:04Z,Mastodon,variety_feed,Korea Box Office: ‘The Odyssey’ Bests ‘Spider-Man: Brand New Day’ #Variety #Asia #BoxOffice #Global #News #Hope #NaHongjin #SpiderManBrandNewDay #TheOdyssey https://variety.com/2026/film/box-office/korea-box-office-the-odyssey-spider-man-brand-new-day-1236831065/,0,https://mastodon.social/@variety_feed/117069762043673097,post,#SpiderManBrandNewDay
2026-08-10T05:45:06Z,Mastodon,variety_feed,"China Box Office: ‘Spider-Man: Brand New Day’ Retains Crown as ‘Once Upon a Time in the Middle East,’ ‘The Odyssey’ Surge in Previews #Variety #Asia #BoxOffice #Global #News #SpiderManBrandNewDay #TheOdyssey https://variety.com/2026/film/box-office/china-box-office-spider-man-brand-new-day-the-odyssey-1236831057/",2,https://mastodon.social/@variety_feed/117069624571265914,post,#SpiderManBrandNewDay
2026-08-10T05:30:16Z,Mastodon,arcadiagt5@mstdn.social,"SIGH. I know it pays their bills but #Dendy #Canberra has entered one of THOSE periods where the screens not eaten by #TheOdyssey (which was OK, but I’ve seen it) are being eaten by #SpidermanBrandNewDay (which, I’m basically meh on Marvel at this point).",0,https://mstdn.social/@arcadiagt5/117069566240963722,post,#SpiderManBrandNewDay
2026-08-10T04:58:28Z,Mastodon,phantastiknews,"YouTube Tipp ▶️ #BoxOffice #SpiderManBrandNewDay UPDATE - 2nd Weekend Drop, Billion Dollar Club https://youtu.be/tYzAwfLTxqI?is=gloD8F7Xz8K7owAx",0,https://mastodon.social/@phantastiknews/117069441166743527,post,#SpiderManBrandNewDay
2026-08-10T03:50:02Z,Mastodon,davedornelles,⭐⭐⭐½ / 5 #SpiderManBrandNewDay (2026) on #Letterboxd: https://boxd.it/ACJE #MCU,0,https://mastodon.social/@davedornelles/117069172050567503,post,#SpiderManBrandNewDay
2026-08-10T03:46:58Z,Mastodon,top_news,"'Spider-Man: Brand New Day' keeps record pace, 'The Odyssey' sets new high for Nolan \ https://www.ksl.com/article/51607748/spider-man-brand-new-day-keeps-record-pace-the-odyssey-sets-new-high-for-nolan #TopNews #News #TheOdyssey #SpiderManBrandNewDay #Rentrak",0,https://mastodon.social/@top_news/117069160043971227,post,#SpiderManBrandNewDay
2026-08-09T23:26:20Z,Mastodon,indiegenius,Movie TV Tech Geeks #MovieNews #SpiderManBrandNewDay #HBOMax ‘Brand New Day’ Hype Is Officially Reviving Tom Holland’s $880 Million Spider-Man Blockbuster http://dlvr.it/TTxD3m,0,https://mastodon.social/@indiegenius/117068135160195510,post,#SpiderManBrandNewDay
2026-08-09T21:07:25Z,Mastodon,top_news,"'Spider-Man: Brand New Day' keeps record pace, ‘The Odyssey’ sets new high for Nolan “Spider-Man: Brand New Day” continued its blistering pace in theaters, collecting $144.5 million domestically over its second weekend, according to studio estimates Sunday. https://apnews.com/article/spiderman-odyssey-nolan-imax-box-office-record-4fe684597b2d272bbe45db9f78089a24 #TopNews #News #TheOdyssey #SpiderManBrandNewDay #Rentrak",0,https://mastodon.social/@top_news/117067588918319140,post,#SpiderManBrandNewDay
2026-08-09T19:55:07Z,Mastodon,deadline,"Summer Domestic Box Office On A Hot Streak, Will Cross $4B By Monday #News #SpiderManBrandNewDay #SummerBoxOffice #TheOdyssey https://deadline.com/2026/08/summer-domestic-box-office-record-spider-man-odyssey-1237029662/",0,https://mastodon.social/@deadline/117067304605835026,post,#SpiderManBrandNewDay
2026-08-09T19:29:43Z,Mastodon,cstephens2,"It's been really interesting reading all the posts about Spiderman Brand New Day and Obsession and seeing all the self-proclaimed ""good guy"" out themselves as being complete red flags. #SpidermanBrandNewDay #Spiderman #Obsession #ObsessionMovie",0,https://mastodon.social/@cstephens2/117067204746017456,post,#SpiderManBrandNewDay
2026-08-09T18:10:03Z,Mastodon,variety_feed,"The Blockbuster Mentality Is Back, Baby! #Variety #Columns #SpiderManBrandNewDay https://variety.com/2026/film/columns/the-blockbuster-mentallity-is-back-baby-spider-man-1236830819/",0,https://mastodon.social/@variety_feed/117066891490565303,post,#SpiderManBrandNewDay
2026-08-09T16:47:28Z,Mastodon,indiegenius,Movie TV Tech Geeks #MovieNews #SpiderManBrandNewDay 'Spider-Man: Brand New Day’ Officially Swings Past Marvel's $1.3B R-Rated Smash http://dlvr.it/TTx4Qf,0,https://mastodon.social/@indiegenius/117066566739192926,post,#SpiderManBrandNewDay
2026-08-09T16:47:25Z,Mastodon,indiegenius,Movie TV Tech Geeks #Movie #MCU #SpiderManBrandNewDay #Thunderbolts 15 Best MCU Duos http://dlvr.it/TTx4QW,0,https://mastodon.social/@indiegenius/117066566577527686,post,#SpiderManBrandNewDay
2026-08-09T16:10:11Z,Mastodon,deadline,‘Spider-Man: Brand New Day’ Is Second-Fastest Film To Cross $1B At Int’l Box Office; Global Now At $1.67B #News #MarvelStudios #Sony #SpiderManBrandNewDay #TheOdyssey https://deadline.com/2026/08/box-office-global-spider-man-brand-new-day-foreign-record-1237029582/,0,https://mastodon.social/@deadline/117066420131020113,post,#SpiderManBrandNewDay
2026-08-09T16:10:04Z,Mastodon,variety_feed,"‘Spider-Man: Brand New Day’ Becomes Second-Fastest Movie to Hit $1 Billion Overseas, Powers to $1.67 Billion Globally #Variety #BoxOffice #SpiderManBrandNewDay #TheOdyssey https://variety.com/2026/film/box-office/spider-man-brand-new-day-second-fastest-movie-1-billion-overseas-1236830845/",1,https://mastodon.social/@variety_feed/117066419712334619,post,#SpiderManBrandNewDay
2026-08-09T15:55:55Z,Mastodon,top_news,"Box Office: ‘Spider-Man: Brand New Day’ Flies to Third-Biggest Second Weekend of All Time With $145 Million ""Spider-Man: Brand New Day"" is continuing its unparalleled box office run, scoring another $145 million domestically during its second weekend. https://variety.com/2026/film/box-office/spiderman-brand-new-day-box-office-near-record-second-weekend-1236830807/ #TopNews #News #TheOdyssey #SpiderManBrandNewDay #LateFame",0,https://mastodon.social/@top_news/117066364081532370,post,#SpiderManBrandNewDay
2026-08-09T15:10:02Z,Mastodon,variety_feed,Box Office: ‘Spider-Man: Brand New Day’ Flies to Third-Biggest Second Weekend of All Time With $144 Million #Variety #BoxOffice #SpiderManBrandNewDay #TheOdyssey https://variety.com/2026/film/box-office/spiderman-brand-new-day-box-office-near-record-second-weekend-1236830807/,1,https://mastodon.social/@variety_feed/117066183668506450,post,#SpiderManBrandNewDay
2026-08-09T14:38:56Z,Mastodon,phantastiknews,YouTube Tipp ▶️ #Inside #SPIDERMANBRANDNEWDAY: How They Crafted the New Villains #Spiderman #Sony https://youtu.be/g3DNF00Txzk?is=i1WxLKo6pHVNa5Iw,0,https://mastodon.social/@phantastiknews/117066061361641262,post,#SpiderManBrandNewDay
2026-08-09T13:04:37Z,Mastodon,in.mashable.com@web.brid.gy,"Spider-Man: Brand New Day Breaks All-Time India Box Office Records Of Salman Khan, Thalapathy Vijay! https://fed.brid.gy/r/https://in.mashable.com/entertainment/112667/spider-man-brand-new-day-breaks-all-time-india-box-office-records-of-salman-khan-thalapathy-vijay",1,https://fed.brid.gy/r/https://in.mashable.com/entertainment/112667/spider-man-brand-new-day-breaks-all-time-india-box-office-records-of-salman-khan-thalapathy-vijay,post,#SpiderManBrandNewDay
2026-08-09T11:06:26Z,Mastodon,indiegenius,Movie TV Tech Geeks #MovieFeatures #SpiderManBrandNewDay Marvel Officially Set Up This 10/10 Storyline With Its X-Men Casting http://dlvr.it/TTwvBv,0,https://mastodon.social/@indiegenius/117065225783055052,post,#SpiderManBrandNewDay
2026-08-09T09:12:35Z,Mastodon,ripppleapp,"🍿 Weekly Tracker 🛸 #TheEndOfOakStreet turns suburban life into cosmic survival. 🔦 #Lanterns brings a cosmic murder mystery down to Earth. 👊 #Reacher returns, pulled into a deadly subway conspiracy. 🕷️ #SpiderManBrandNewDay swung to the top of this week’s movie watches. 🐉 #HouseOfTheDragon ruled this week’s TV watches with dragonfire. #RipppleWeekly #Discover #TV #Movies #Trailers https://ripppleapp.writeas.com/rippples-weekly-tracker-10-aug-2026-16-aug-2026",0,https://mastodon.social/@ripppleapp/117064778094689811,post,#SpiderManBrandNewDay
2026-08-09T05:42:15Z,Mastodon,phantastiknews,YouTube Tipp ▶️ #SpiderManBrandNewDay continues to break #boxoffice records #Spiderman #Sony #TomHolland https://youtu.be/qQ_ao4ldNNk?is=ZVGvCgTiHINeUIOE,0,https://mastodon.social/@phantastiknews/117063951015776276,post,#SpiderManBrandNewDay
2026-08-08T23:39:58Z,Mastodon,DanChilton@mastodon.scot,"#tomholland returns as #spiderman . He can certainly fill Disney's coffers, but can he protect New York all on his lonesome? #spidermanbrandnewday #moviereview below https://dansaysitsalright.blogspot.com/2026/08/brand-new-york-day.html #film #movies #mcu #comicbookmovies #zendaya #hulk #markruffalo #jonbernthal #sadiesink",0,https://mastodon.scot/@DanChilton/117062526495323926,post,#SpiderManBrandNewDay
2026-08-08T22:39:07Z,Mastodon,LastEquinoxx,"Vu #SpiderManBrandNewDay : Je m'étais fait spoiler l'identité de l'antagoniste dans la semaine donc à peu près zéro surprise dans le film, même si voir son nom m'a procuré un petit frisson de fanboy. D'ailleurs oui, le film est bien mais sans grand intérêt en dehors du cadre Marvel (et d'ailleurs je n'ai peut-être pas vu le précédent en entier et aucune série donc j'ai loupé des références).",0,https://mastodon.social/@LastEquinoxx/117062287184786490,post,#SpiderManBrandNewDay
2026-08-08T19:50:27Z,Mastodon,NewNewDoug@defcon.social,"The movie isn’t bad. Some bold choices were made. Action scenes look great. But there have just been so many Spider-Man movies it’s started re-treading a lot of old ground, getting predictable. #BrandNewDay #SpiderManBrandNewDayMovie #SpiderManBrandNewDay",0,https://defcon.social/@NewNewDoug/117061623959969805,post,#SpiderManBrandNewDay
2026-08-08T17:39:40Z,Mastodon,greentothebone@mastodon.ie,#spidermanbrandnewday #movienight,1,https://mastodon.ie/@greentothebone/117061109681476559,post,#SpiderManBrandNewDay
2026-08-08T15:55:04Z,Mastodon,variety_feed,Box Office: ‘Spider-Man: Brand New Day’ Swings into Second Weekend With $43 Million on Friday #Variety #BoxOffice #News #SpiderManBrandNewDay https://variety.com/2026/film/box-office/box-office-spider-man-second-weekend-the-odyssey-1236830599/,1,https://mastodon.social/@variety_feed/117060698403665080,post,#SpiderManBrandNewDay
2026-08-08T15:45:04Z,Mastodon,hollywoodreporter,‘Spider-Man: Brand New Day’ Swinging to Best-Ever 10-Day Start With $143M Second Weekend #MovieNews #Movies #Boxoffice #CallumTurner #ChristopherNolan #DestinDanielCretton #IceCreamMan #MonicaBarbaro #OneNightOnly #SadieSink #SonyPictures #SpiderMan #SpiderManBrandNewDay #TheOdyssey #TomHolland #Zendaya https://www.hollywoodreporter.com/movies/movie-news/spider-man-brand-new-day-box-office-second-weekend-1236669418/,0,https://mastodon.social/@hollywoodreporter/117060659055596417,post,#SpiderManBrandNewDay
2026-08-08T15:40:04Z,Mastodon,variety_feed,How ‘Spider-Man: Brand New Day’s’ Climactic Fight Scene Secretly Evokes Jean Grey’s Phoenix #Variety #News #DestinDanielCretton #SpiderMan #SpiderManBrandNewDay https://variety.com/2026/artisans/news/spider-man-brand-new-day-fight-scene-jean-grey-phoenix-1236830062/,3,https://mastodon.social/@variety_feed/117060639451431018,post,#SpiderManBrandNewDay
2026-08-08T15:10:41Z,Mastodon,indiegenius,Movie TV Tech Geeks #MovieNews #SpiderManBrandNewDay #IronMan3 'Spider-Man: Brand New Day' Overtakes One of the Most Divisive MCU Movies Ever in Just 1 Week http://dlvr.it/TTwS6W,1,https://mastodon.social/@indiegenius/117060523853775752,post,#SpiderManBrandNewDay
2026-08-08T15:10:37Z,Mastodon,indiegenius,"Movie TV Tech Geeks #Movie #SpiderManBrandNewDay #SpiderMan #Zendaya All 5 Tom Holland and Zendaya Movies, Ranked http://dlvr.it/TTwS6C",0,https://mastodon.social/@indiegenius/117060523654168522,post,#SpiderManBrandNewDay
2026-08-08T14:51:38Z,Mastodon,phantastiknews,YouTube Tipp ▶️ #SpidermanBrandNewDay - #Drone Show at the #Pyramids! #Spiderman https://youtu.be/R9fbr_zTS6o?is=B1aeWlg1unbJwD83,1,https://mastodon.social/@phantastiknews/117060448971065559,post,#SpiderManBrandNewDay
2026-08-08T12:20:10Z,Mastodon,indiegenius,Movie TV Tech Geeks #MovieFeatures #SpiderManBrandNewDay #BlackWidow 1 Spider-Man: Brand New Day Moment Officially Vindicates MCU's Tragic Flop http://dlvr.it/TTwM4z,0,https://mastodon.social/@indiegenius/117059853383732741,post,#SpiderManBrandNewDay
2026-08-08T09:29:16Z,Mastodon,indiegenius,Movie TV Tech Geeks #MovieNews #TomHolland #SpiderManBrandNewDay ‘Spider-Man: Brand New Day’ Is Officially Reviving Tom Holland’s $407 Million Adventure Hit http://dlvr.it/TTwG8p,0,https://mastodon.social/@indiegenius/117059181360542088,post,#SpiderManBrandNewDay
2026-08-08T06:20:08Z,Mastodon,guardianfeeds@rssfeed.media,"The Guide #255: The great front‑row backlash ignores what makes films feel truly colossal By Gwilym Mumford In this week’s newsletter: You’re all wrong about the most maligned seats in the house, which offer the purest form of moviegoing https://www.theguardian.com/culture/2026/aug/07/the-great-frontrow-backlash-ignores-what-makes-films-feel-truly-colossal #Culture #TheOdyssey #SpiderManBrandNewDay #Oppenheimer #Imax #Film #TheGuardian #GwilymMumford",0,https://rssfeed.media/@guardianfeeds/117058437668809720,post,#SpiderManBrandNewDay
2026-08-08T01:56:07Z,Mastodon,3DownNation@sportsbots.xyz,It’s a brand new day for Ottawa! Bryson Barnes does his best Spider-Man impression as the Redblacks finding new the end zone first 🕷️ #CFL #Redblacks #RNation #SpiderManBrandNewDay,0,https://twitter.com/3DownNation/status/2085907881782820883,post,#SpiderManBrandNewDay
2026-08-08T01:53:31Z,Mastodon,indiegenius,Movie TV Tech Geeks #MovieNews #SpiderManBrandNewDay Andrew Garfield and Tobey Maguire Officially Return in New Sony 'Spider-Man' Release http://dlvr.it/TTw4ct,1,https://mastodon.social/@indiegenius/117057389299963516,post,#SpiderManBrandNewDay
2026-08-07T23:42:20Z,Mastodon,filmfreak75,"representing @filmfreakmafia at this screening of #SpidermanBrandNewDay courtesy of #AMCAList #ShareAMC (AMC Pacific Place, 600 Pine St #400, Seattle, WA) https://letterboxd.com/film/spider-man-brand-new-day/",0,https://mastodon.social/@filmfreak75/117056873485254391,post,#SpiderManBrandNewDay
2026-08-07T21:47:59Z,Mastodon,Kraken17,"""Es que meter a ese personaje de antagonista secreto en una peli de Spidey es absurdo. Sería como tener a Raven de antagonista secreta en una peli de Batman..."" ...o como un lerdo quejándose en Reddit da de rebote con una idea de potencial cojonudo. #SpiderManBrandNewDay",0,https://mastodon.social/@Kraken17/117056423793028813,post,#SpiderManBrandNewDay
2026-08-07T21:18:24Z,Mastodon,cbctop_mirror@mastodon.hongkongers.net,"Spider-Man: Brand New Day the fastest film to $500 million Spider-Man: Brand New Day grossed $500 million US domestically in just seven days, making history as the fastest film to do so. https://www.cbc.ca/news/entertainment/spider-man-brand-new-day-box-office-9.7299968?cmp=rss",1,https://mastodon.hongkongers.net/@cbctop_mirror/117056307478736272,post,#SpiderManBrandNewDay
2026-08-07T20:44:27Z,Mastodon,moviescape,Im #Kino gesehen: #SpiderManBrandNewDay 🕷️ lohnt sich wirklich. Dicke Empfehlung für diese Spinne. Warum und wieso lest ihr hier: https://moviescape.blog/2026/08/07/spider-man-brand-new-day-2026/,0,https://mastodon.social/@moviescape/117056173973963985,post,#SpiderManBrandNewDay
2026-08-07T20:12:07Z,Mastodon,indiegenius,Movie TV Tech Geeks #MovieNews #SpiderManBrandNewDay #BoxOffice Marvel’s New ‘Spider-Man’ Just Did What ‘Endgame’ Couldn’t http://dlvr.it/TTvy29,0,https://mastodon.social/@indiegenius/117056046855108324,post,#SpiderManBrandNewDay
2026-08-07T19:50:06Z,Mastodon,deadline,Trump White House Uses Spider-Man Imagery To Promote ICE Deportations #News #Politics #DonaldTrump #ElectionLine #ICE #SpiderMan #SpiderManBrandNewDay #WhiteHouse https://deadline.com/2026/08/trump-spider-man-ice-deportations-1237028838/,0,https://mastodon.social/@deadline/117055960305864988,post,#SpiderManBrandNewDay
2026-08-07T18:32:20Z,Mastodon,nerdist.com@web.brid.gy,Ranking All 9 Live-Action SPIDER-MAN Films https://fed.brid.gy/r/https://nerdist.com/article/ranking-all-9-live-action-spider-man-films/,0,https://fed.brid.gy/r/https://nerdist.com/article/ranking-all-9-live-action-spider-man-films/,post,#SpiderManBrandNewDay
2026-08-07T18:14:00Z,Mastodon,AustinGorton@mstdn.social,In which I dig into the history of one of the surprise characters in #SpiderManBrandNewDay and how they almost changed the course of Marvel Comics! Spoilers for the movie in the post so don't read if you haven't seen! https://comicon.com/2026/08/07/the-secret-history-of-spider-man-brand-new-days-mystery-character/,0,https://mstdn.social/@AustinGorton/117055582424339141,post,#SpiderManBrandNewDay
2026-08-07T16:45:15Z,Mastodon,hollywoodreporter,"As Tom Holland and Zendaya Rule the Box Office, We Look at Their Reported Wedding Bash at the Decadent Beaverbrook Hotel #Lifestyle #LifestyleNews #International #SpiderMan #SpiderManBrandNewDay #TheOdyssey #TomHolland #Unitedkingdom #Zendaya https://www.hollywoodreporter.com/lifestyle/lifestyle-news/tom-holland-zendaya-wedding-party-beaverbrook-hotel-surrey-1236668896/",0,https://mastodon.social/@hollywoodreporter/117055233394215719,post,#SpiderManBrandNewDay
2026-08-07T16:24:18Z,Mastodon,indiegenius,Movie TV Tech Geeks #MovieNews #SpiderManBrandNewDay #SadieSink Marvel's 'X-Men' Reboot Officially Confirms the Return of Jean Grey http://dlvr.it/TTvnvS,0,https://mastodon.social/@indiegenius/117055151021044060,post,#SpiderManBrandNewDay
2026-08-07T16:21:18Z,Mastodon,nerdist.com@web.brid.gy,Who Does Sadie Sink Play in SPIDER-MAN: BRAND NEW DAY? https://fed.brid.gy/r/https://nerdist.com/article/who-does-sadie-sink-play-in-spider-man-brand-new-day/,0,https://fed.brid.gy/r/https://nerdist.com/article/who-does-sadie-sink-play-in-spider-man-brand-new-day/,post,#SpiderManBrandNewDay
2026-08-07T16:20:06Z,Mastodon,deadline,‘One Night Only’ Clears $1M+ In Previews On Par With ‘Anyone But You’ As ‘Spider-Man: Brand New Day’ Fires Up Second Weekend – Box Office #News #OneNightOnly #SpiderManBrandNewDay #Supertroopers3 https://deadline.com/2026/08/box-office-spider-man-brand-new-day-one-night-only-1237028481/,0,https://mastodon.social/@deadline/117055134552650346,post,#SpiderManBrandNewDay
2026-08-07T15:15:46Z,Mastodon,moviescape,Endlich wieder Kino mit #SpiderManBrandNewDay #SpiderMan 🕷️ #kinomagie #kinoliebe #moviemagic,0,https://mastodon.social/@moviescape/117054881554754829,post,#SpiderManBrandNewDay
2026-08-07T15:05:43Z,Mastodon,variety_feed,"‘The Odyssey’ and ‘Spider-Man: Brand New Day’ Power $239 Million U.K., Ireland July Box Office #Variety #BoxOffice #Global #News #ChristopherNolan #SpiderManBrandNewDay #TheOdyssey https://variety.com/2026/film/box-office/the-odyssey-spider-man-july-uk-ireland-july-box-office-1236829985/",1,https://mastodon.social/@variety_feed/117054842020820290,post,#SpiderManBrandNewDay
2026-08-07T15:05:29Z,Mastodon,variety_feed,Jean Grey Speaks: Sadie Sink on Making Her MCU Debut in ‘Spider-Man: Brand New Day’ and the Mutant’s Future With the New X-Men #Variety #Features #SadieSink #SpiderManBrandNewDay #StrangerThings #XMen https://variety.com/2026/film/features/sadie-sink-jean-grey-interview-spider-man-brand-new-day-x-men-1236829644/,1,https://mastodon.social/@variety_feed/117054841125079710,post,#SpiderManBrandNewDay
2026-08-07T15:03:46Z,Mastodon,variety.com@web.brid.gy,"‘The Odyssey’ and ‘Spider-Man: Brand New Day’ Power $239 Million U.K., Ireland July Box Office https://fed.brid.gy/r/https://variety.com/2026/film/box-office/the-odyssey-spider-man-july-uk-ireland-july-box-office-1236829985/",0,https://fed.brid.gy/r/https://variety.com/2026/film/box-office/the-odyssey-spider-man-july-uk-ireland-july-box-office-1236829985/,post,#SpiderManBrandNewDay
2026-08-07T15:00:00Z,Mastodon,variety.com@web.brid.gy,Jean Grey Speaks: Sadie Sink on Making Her MCU Debut in ‘Spider-Man: Brand New Day’ and the Mutant’s Future With the New X-Men https://fed.brid.gy/r/https://variety.com/2026/film/features/sadie-sink-jean-grey-interview-spider-man-brand-new-day-x-men-1236829644/,0,https://fed.brid.gy/r/https://variety.com/2026/film/features/sadie-sink-jean-grey-interview-spider-man-brand-new-day-x-men-1236829644/,post,#SpiderManBrandNewDay
2026-08-07T14:26:25Z,Mastodon,movizark@mastodon.world,"'Avengers: Doomsday' & 'Secret Wars' Add 'Spider-Man: Brand New Day' Writers!! #AvengersDoomsday, #AvengersSecretWars, #SpiderManBrandNewDay",1,https://mastodon.world/@movizark/117054687508899367,post,#SpiderManBrandNewDay
2026-08-07T06:35:29Z,Mastodon,el7arte,#SpiderManBrandNewDay ha recaudado más de $500M en su primera semana en los cines estadounidenses https://www.elseptimoarte.net/noticias/criticas/spider-man-brand-new-day-que-hay-de-nuevo-viejo-53296.html,0,https://mastodon.social/@el7arte/117052835707689429,post,#SpiderManBrandNewDay
2026-08-07T05:01:00Z,Mastodon,indiegenius,"Movie TV Tech Geeks #Movie #SpiderManBrandNewDay #TomHolland #Zendaya All 11 ‘Spider-Man: Brand New Day’ Characters, Ranked http://dlvr.it/TTvG40",0,https://mastodon.social/@indiegenius/117052464185843961,post,#SpiderManBrandNewDay
2026-08-07T03:52:22Z,Mastodon,comingsoon.net@web.brid.gy,Spider-Man: Brand New Day Beats Avengers: Endgame’s Other Staggering Box Office Record https://fed.brid.gy/r/https://www.comingsoon.net/movies/news/2172875-spider-man-brand-new-day-box-office-avengers-endgame,2,https://fed.brid.gy/r/https://www.comingsoon.net/movies/news/2172875-spider-man-brand-new-day-box-office-avengers-endgame,post,#SpiderManBrandNewDay
2026-08-07T02:40:14Z,Mastodon,hollywoodreporter,‘Spider-Man: Brand New Day’ Scores Biggest First Week in Box Office History #MovieNews #Movies #Boxoffice #DestinDanielCretton #MarkRuffalo #Marvel #SadieSink #SonyPictures #SpiderMan #SpiderManBrandNewDay #TomHolland #TomRothman #Zendaya https://www.hollywoodreporter.com/movies/movie-news/spider-man-brand-new-day-box-office-biggest-first-week-1236668259/,0,https://mastodon.social/@hollywoodreporter/117051910673972541,post,#SpiderManBrandNewDay
2026-08-06T23:55:29Z,Mastodon,justkindagood@mstdn.games,Watched #spidermanbrandnewday and didn't think it was good.,0,https://mstdn.games/@justkindagood/117051262850989532,post,#SpiderManBrandNewDay
2026-08-06T22:40:07Z,Mastodon,deadline,‘Spider-Man: Brand New Day’ Becomes Fastest Pic To Cross Half Billion At Domestic Box Office #News #Sony #SpiderManBrandNewDay https://deadline.com/2026/08/box-office-spider-man-brand-new-day-fastest-half-billion-record-1237028214/,0,https://mastodon.social/@deadline/117050966503898721,post,#SpiderManBrandNewDay
2026-08-06T21:57:41Z,Mastodon,nyrdcast,"#Nyrdcast #Podcast 242: A Rare Episode Topics: #SpiderManBrandNewDay, #comicshops and homework #beer: More Brewing Swells #music: Let Me Downs https://www.nyrdcast.com/2026/08/nyrdcast-podcast-242/",0,https://mastodon.social/@nyrdcast/117050799671653561,post,#SpiderManBrandNewDay
2026-08-06T21:25:41Z,Mastodon,indiegenius,Movie TV Tech Geeks #Movie #SpiderManBrandNewDay #TomHolland All 4 Tom Holland Spider-Man Movies Ranked by Action http://dlvr.it/TTv4pT,0,https://mastodon.social/@indiegenius/117050673837825552,post,#SpiderManBrandNewDay
2026-08-06T17:25:44Z,Mastodon,lapatilla.com@web.brid.gy,Zendaya y Tom Holland celebran su boda en un hotel inglés cercano a la casa natal de él https://fed.brid.gy/r/https://lapatilla.com/2026/08/06/zendaya-y-tom-holland-celebran-su-boda-en-un-hotel-ingles-cercano-a-la-casa-natal-de-el/,0,https://fed.brid.gy/r/https://lapatilla.com/2026/08/06/zendaya-y-tom-holland-celebran-su-boda-en-un-hotel-ingles-cercano-a-la-casa-natal-de-el/,post,#SpiderManBrandNewDay
2026-08-06T16:38:33Z,Mastodon,zacharyhunchar.bsky.social@bsky.brid.gy,Comic and Movie Bitrot for 5 August 2026! #CDC #SpidermanBrandNewDay #Measles zacharyhunchar.substack.com/p/does-the-w... Does The World Still Suck? Of ...,0,https://fed.brid.gy/r/https://bsky.app/profile/did:plc:5euhk4ldynjn5tykr7l43wve/post/3msgi4h6tt22n,post,#SpiderManBrandNewDay
2026-08-06T15:14:07Z,Mastodon,phantastiknews,YouTube Tipp ▶️ #TomHolland ponders a world where #TimotheeChalamet played #SpiderMan and he stared in #Dune #SpidermanBrandNewDay #Sony #Marvel https://youtu.be/D4pmtZWElgs?si=WFG6DMZQZT_uOpb0,0,https://mastodon.social/@phantastiknews/117049212786595447,post,#SpiderManBrandNewDay
2026-08-06T12:53:06Z,Mastodon,indiegenius,"Movie TV Tech Geeks #Movie #Zendaya #SpiderManBrandNewDay All 13 Zendaya Movies, Ranked Worst to Best http://dlvr.it/TTtgz1",0,https://mastodon.social/@indiegenius/117048658271160625,post,#SpiderManBrandNewDay
2026-08-06T07:31:02Z,Mastodon,LeRayonVert,"Peter Parker est le mineur éternel et l’âge de la majorité serait le moment venu d’en ressaisir le sens qui est une vocation, un appel. #SpiderManBrandNewDay nous tend ainsi la main pour voir que, même pleine de fluide juvénile et arachnéen, elle peut écarter les doigts en révélant qu’elle contient l’étoile furtive des reconnaissances, les seuls effets spéciaux qui vaillent, entre souffle et geste de copains. https://www.rayonvertcinema.org/spider-man-brand-new-day/",0,https://mastodon.social/@LeRayonVert/117047391813348068,post,#SpiderManBrandNewDay
2026-08-06T07:02:01Z,Mastodon,karenwoodham@mastodon.world,"Spider-Man: Brand New Day, 2026 - ★★★★★ #SpiderManBrandNewDay #FilmMastodon https://letterboxd.com/blazingminds/film/spider-man-brand-new-day/",1,https://mastodon.world/@karenwoodham/117047277753796770,post,#SpiderManBrandNewDay
2026-08-06T04:55:46Z,Mastodon,phantastiknews,YouTube Tipp ▶️ #SpiderManBrandNewDay Passes #ToyStory5 As Year’s Highest-Grossing film #Spiderman #Sony https://youtu.be/2MwwEzV9wXk?is=M4sCNcrbVpZJUkpY,0,https://mastodon.social/@phantastiknews/117046781339498902,post,#SpiderManBrandNewDay
2026-08-06T01:29:27Z,Mastodon,indiegenius,"Movie TV Tech Geeks #MovieNews #SpiderManBrandNewDay #BoxOffice In 5 Days, 'Spider-Man: Brand New Day' Officially Swings Past the Greatest Superhero Movie of All Time http://dlvr.it/TTtFgM",0,https://mastodon.social/@indiegenius/117045970042645939,post,#SpiderManBrandNewDay
2026-08-06T00:03:30Z,Mastodon,top_news,Disney Predicts ‘Spider-Man’ Record Opening “Bodes Well” for ‘Avengers: Doomsday’ Disney CEO Josh D'Amaro makes a case for 'Brand New Day' being a good omen for 'Doomsday' box office. https://www.hollywoodreporter.com/movies/movie-news/disney-spider-man-record-avengers-doomsday-1236664761/ #TopNews #News #Doomsday #SpiderMan #SpiderManBrandNewDay,0,https://mastodon.social/@top_news/117045632087980337,post,#SpiderManBrandNewDay
2026-08-05T23:30:38Z,Mastodon,draco@pointless.chat,See #SpiderManBrandNewDay in cinemas now. https://youtube.com/shorts/rEq1tYW40nk 와 이건 인정.,0,https://pointless.chat/@draco/117045502844619406,post,#SpiderManBrandNewDay
2026-08-05T23:05:10Z,Mastodon,hollywoodreporter,‘Spider-Man: Brand New Day’ Lands Biggest Tuesday in Box Office History #MovieNews #Movies #AvengersEndgame #Boxoffice #DestinDanielCretton #MarkRuffalo #Marvel #SadieSink #SonyPictures #SpiderManBrandNewDay #SpiderMan #TomHolland #TomRothman #Zendaya https://www.hollywoodreporter.com/movies/movie-news/spider-man-brand-new-day-box-office-biggest-tuesday-1236665110/,0,https://mastodon.social/@hollywoodreporter/117045402685775535,post,#SpiderManBrandNewDay
2026-08-05T22:35:23Z,Mastodon,hollywoodreporter,‘Spider-Man: Brand New Day’ Star Michael Mando on Finally Returning as Scorpion: “This Is Level One of the Character’s Potential” #MovieFeatures #Movies #BetterCallSaul #MichaelMando #SpiderManBrandNewDay #SpiderManHomecoming https://www.hollywoodreporter.com/movies/movie-features/spider-man-brand-new-day-michael-mando-scorpion-1236665373/,0,https://mastodon.social/@hollywoodreporter/117045285571939385,post,#SpiderManBrandNewDay
2026-08-05T22:23:51Z,Mastodon,sephster@fosstodon.org,Went to see Spider-man: Brand New Day today. It was OK. Don't think it was a bad film and if it had came out in the early 2000s I'd have loved it but I think even Spider-man can't quite make me enjoy Marvel films any more. That format has just been done to death and it offered nothing new #SpiderMan #spidermanbrandnewday,0,https://fosstodon.org/@sephster/117045240211941884,post,#SpiderManBrandNewDay
2026-08-05T21:49:24Z,Mastodon,evilbutters@mastodon.xyz,"My belated review for Spider-Man: Brand New Day. I've seen it twice. I'm a fan, but a few things keep it from being perfect. #SpiderManBrandNewDay @SpiderManMovie #spiderman #movies https://bit.ly/SpiderCant",0,https://mastodon.xyz/@evilbutters/117045104792779174,post,#SpiderManBrandNewDay
2026-08-05T21:10:15Z,Mastodon,hollywoodreporter,BMW Owners Angry ‘Spider-Man: Brand New Day’ Ads Are Suddenly in Their Cars: “F*** This” #MovieNews #Movies #BMW #Sony #SpiderManBrandNewDay https://www.hollywoodreporter.com/movies/movie-news/bmw-spider-man-brand-new-day-ads-1236665172/,5,https://mastodon.social/@hollywoodreporter/117044950834216757,post,#SpiderManBrandNewDay
2026-08-05T20:48:42Z,Mastodon,mackansfilm,Spider-Man: Brand New Day (2026) is NOW REVIEWED and available on #mackansfilm | #SpiderMan #SpiderManBrandNewDay #MarvelStudios #TomHolland #Zendaya #SadieSink #MarkRuffalo https://mackansfilm.wordpress.com/2026/08/05/spider-man-brand-new-day-2026/?utm_source=mastodon&utm_medium=jetpack_social,0,https://mastodon.social/@mackansfilm/117044866058401664,post,#SpiderManBrandNewDay
2026-08-05T18:50:10Z,Mastodon,comingsoon.net@web.brid.gy,Spider-Man 4 Becomes 2026’s Highest-Grossing Movie After Breaking 2 More Huge Records https://fed.brid.gy/r/https://www.comingsoon.net/movies/news/2171956-spider-man-4-2026-highest-grossing-movie-breaking-2-huge-records,1,https://fed.brid.gy/r/https://www.comingsoon.net/movies/news/2171956-spider-man-4-2026-highest-grossing-movie-breaking-2-huge-records,post,#SpiderManBrandNewDay
2026-08-05T16:41:20Z,Mastodon,bsolow5,My take on season 1 of The Might Nien & Spider-Man Brand New Day https://youtu.be/PKlEyNt17-U #BrianSolow #gamer55551 #review #TheMightyNien #SpiderManBrandNewDay #tvshow #movie #youtube #youtubevideo #youtubechannel,0,https://mastodon.social/@bsolow5/117043893425825134,post,#SpiderManBrandNewDay
2026-08-05T16:15:42Z,Mastodon,deadline,‘Avengers: Doomsday’s Russo Brothers Congratulate ‘Spider-Man: Brand New Day’ Team On Box Office Success: “The Gauntlet Has Been Passed” #News #AnthonyRusso #JoeRusso #RussoBrothers #SpiderMan #SpiderManBrandNewDay https://deadline.com/2026/08/avengers-doomsday-russo-brothers-spider-man-brand-new-day-box-office-1237018476/,0,https://mastodon.social/@deadline/117043792589315875,post,#SpiderManBrandNewDay
2026-08-05T15:40:04Z,Mastodon,variety_feed,‘Spider-Man: Brand New Day’ Becomes Highest-Grossing Movie of 2026 in 7 Days With $1.15 Billion #Variety #BoxOffice #SpiderManBrandNewDay https://variety.com/2026/film/box-office/spider-man-brand-new-day-highest-grossing-movie-box-office-1236828413/,1,https://mastodon.social/@variety_feed/117043652519009254,post,#SpiderManBrandNewDay
2026-08-05T15:36:35Z,Mastodon,variety.com@web.brid.gy,‘Spider-Man: Brand New Day’ Becomes Highest-Grossing Movie of 2026 in 7 Days With $1.15 Billion https://fed.brid.gy/r/https://variety.com/2026/film/box-office/spider-man-brand-new-day-highest-grossing-movie-box-office-1236828413/,0,https://fed.brid.gy/r/https://variety.com/2026/film/box-office/spider-man-brand-new-day-highest-grossing-movie-box-office-1236828413/,post,#SpiderManBrandNewDay
2026-08-05T15:25:42Z,Mastodon,comingsoon.net@web.brid.gy,Spider-Man: Homecoming Trilogy Director Targeted by Fans After Brand New Day’s Success https://fed.brid.gy/r/https://www.comingsoon.net/movies/news/2171766-spider-man-fans-target-jon-watts-homecoming-brand-new-day,1,https://fed.brid.gy/r/https://www.comingsoon.net/movies/news/2171766-spider-man-fans-target-jon-watts-homecoming-brand-new-day,post,#SpiderManBrandNewDay
2026-08-05T15:07:42Z,Mastodon,comingsoon.net@web.brid.gy,Spider-Man: Brand New Day BTS Photos Reveal Who Played The Hand’s Leader https://fed.brid.gy/r/https://www.comingsoon.net/movies/news/2171741-spider-man-brand-new-day-snow-fan-xiaoshuang,1,https://fed.brid.gy/r/https://www.comingsoon.net/movies/news/2171741-spider-man-brand-new-day-snow-fan-xiaoshuang,post,#SpiderManBrandNewDay
2026-08-05T14:50:17Z,Mastodon,hollywoodreporter,Disney Predicts ‘Spider-Man’ Record Opening “Bodes Well” for ‘Avengers: Doomsday’ #MovieNews #Movies #AvengersDoomsday #Marvel #SpiderManBrandNewDay https://www.hollywoodreporter.com/movies/movie-news/disney-spider-man-record-avengers-doomsday-1236664761/,0,https://mastodon.social/@hollywoodreporter/117043456715731703,post,#SpiderManBrandNewDay
2026-08-05T14:50:10Z,Mastodon,deadline,"‘Spider-Man: Brand New Day’ Swings To $42M Tuesday U.S. Record, Biggest Pic Global YTD With $1.1B – Box Office #News #SpiderManBrandNewDay https://deadline.com/2026/08/box-office-spider-man-brand-new-day-tuesday-record-1237018454/",0,https://mastodon.social/@deadline/117043456254747167,post,#SpiderManBrandNewDay
2026-08-05T14:10:15Z,Mastodon,variety_feed,‘Avengers: Endgame’ Directors Congratulate ‘Spider-Man: Brand New Day’ for Breaking Their Opening Weekend Record: ‘The Gauntlet Has Been Passed’ #Variety #News #AvengersEndgame #RussoBrothers #SpiderManBrandNewDay #TomHolland https://variety.com/2026/film/news/avengers-endgame-directors-spider-man-brand-new-day-records-box-office-1236828221/,1,https://mastodon.social/@variety_feed/117043299281521094,post,#SpiderManBrandNewDay
2026-08-05T13:09:06Z,Mastodon,el7arte,#SpiderManBrandNewDay ha recaudado casi €17M en su primera semana en los cines españoles https://www.elseptimoarte.net/noticias/criticas/spider-man-brand-new-day-que-hay-de-nuevo-viejo-53296.html,0,https://mastodon.social/@el7arte/117043058872911047,post,#SpiderManBrandNewDay
2026-08-05T13:05:38Z,Mastodon,deadline,"‘Spider-Man: Brand New Day’ Triumph “Bodes Well” For ‘Avengers: Doomsday’, Disney CEO Josh D’Amaro Says #Executives #News #AvengersDoomsday #Disney #Earnings #JoshDAmaro #SpiderManBrandNewDay https://deadline.com/2026/08/spider-man-brand-new-day-avengers-doomsday-disney-1237018377/",1,https://mastodon.social/@deadline/117043045210018978,post,#SpiderManBrandNewDay
2026-08-05T12:42:35Z,Mastodon,luispadillablog@mastodon.world,Spider-Man: Brand New Day (2026) ★★★★★★★★☆☆ https://trakt.tv/movies/spider-man-brand-new-day-2026 #SpiderManBrandNewDay #trakt,0,https://mastodon.world/@luispadillablog/117042954617826893,post,#SpiderManBrandNewDay
2026-08-05T12:00:05Z,Mastodon,lowyat,"BMW Is Putting Spider-Man Ads On Drivers’ Dashboards, And Owners Aren’t Happy #automotive #bmw #randomasitgets #spidermanbrandnewday https://www.lowyat.net/2026/400592/bmw-putting-spider-man-ads-on-dashboard/",0,https://mastodon.social/@lowyat/117042787503425219,post,#SpiderManBrandNewDay
2026-08-05T11:05:00Z,Mastodon,comingsoon.net@web.brid.gy,Jacob Batalon Reveals Why Ned Created the Spidey Tracker in Spider-Man: Brand New Day https://fed.brid.gy/r/https://www.comingsoon.net/movies/news/2171625-jacob-batalon-ned-spidey-tracker-app-spider-man-brand-new-day,1,https://fed.brid.gy/r/https://www.comingsoon.net/movies/news/2171625-jacob-batalon-ned-spidey-tracker-app-spider-man-brand-new-day,post,#SpiderManBrandNewDay
2026-08-05T11:01:52Z,Mastodon,themoviejunkie,"#TheMovieJunkieNewsletter #44 is out! Full Review of #SpiderManBrandNewDay Micro reviews of #72Hours, #TheDinkAppleTV, #ScaryMovie2026, and #TheFourSeasonsS2Netflix https://eocampaign1.com/web-version?p=5bfec110-8c36-11f1-ba82-8f7ac582fc54&pt=campaign&t=1785925792&s=2c6bde5db75d50819239c45fc7659df1757f793528f80835e7fa4b876df116f4",0,https://mastodon.social/@themoviejunkie/117042558546021496,post,#SpiderManBrandNewDay
2026-08-05T05:51:27Z,Mastodon,Mathrubhumi_English,"Tom Holland's 'Spider-Man: Brand New Day' has crossed $1 billion at the global box office in just six days, becoming one of the fastest films ever to reach the milestone. https://english.mathrubhumi.com/movies-music/news/spider-man-brand-new-day-box-office-1-billion-six-days-n2rll558?utm_source=dlvr.it&utm_medium=mastodon #TomHolland #SpiderManBrandNewDay #BoxOfficeCollection #Hollywood",0,https://mastodon.social/@Mathrubhumi_English/117041337928862960,post,#SpiderManBrandNewDay
2026-08-05T05:42:51Z,Mastodon,phantastiknews,"YouTube Tipp ▶️ #MakingOf #SPIDERMANBRANDNEWDAY - #BestOf #BehindTheScenes, Stunts Set Visits with #TomHolland https://youtu.be/PuvNtC9GLWQ?is=JcLRTYN4HgBEKjeI",0,https://mastodon.social/@phantastiknews/117041304138017856,post,#SpiderManBrandNewDay
2026-08-05T05:41:44Z,Mastodon,davidmarantz,"It's Wednesday, it's movie review blog day! This week: #IWantYourSex #SpiderManBrandNewDay #Movies #Reviews #MovieReviews https://notanotherscriptguru.wordpress.com/2026/08/04/movies-of-2026-week-30/",0,https://mastodon.social/@davidmarantz/117041299726033721,post,#SpiderManBrandNewDay
2026-08-05T04:36:09Z,Mastodon,indiegenius,"Movie TV Tech Geeks #MovieFeatures #SpiderManBrandNewDay Forget Deadpool, Marvel Already Has the Perfect Cameo Replacement for Stan Lee http://dlvr.it/TTsNyB",0,https://mastodon.social/@indiegenius/117041041834679155,post,#SpiderManBrandNewDay
2026-08-05T04:28:41Z,Mastodon,comingsoon.net@web.brid.gy,Spider-Man 4 Fans Left Fuming After Theater Plays R-Rated BDSM Movie by Mistake https://fed.brid.gy/r/https://www.comingsoon.net/movies/news/2171542-spider-man-brand-new-day-theater-plays-i-want-your-sex,1,https://fed.brid.gy/r/https://www.comingsoon.net/movies/news/2171542-spider-man-brand-new-day-theater-plays-i-want-your-sex,post,#SpiderManBrandNewDay
2026-08-05T04:26:00Z,Mastodon,comingsoon.net@web.brid.gy,Spider-Man: Brand New Day Has Done the Unthinkable in Just 6 Days at Box Office https://fed.brid.gy/r/https://www.comingsoon.net/movies/news/2171525-spider-man-brand-new-day-1-billion-box-office-second-fastest,1,https://fed.brid.gy/r/https://www.comingsoon.net/movies/news/2171525-spider-man-brand-new-day-1-billion-box-office-second-fastest,post,#SpiderManBrandNewDay
2026-08-05T02:42:19Z,Mastodon,indiegenius,Movie TV Tech Geeks #MovieNews #SpiderManBrandNewDay #Venom Spider-Man Officially Defeats Tom Hardy’s ‘Venom’ in Colossal Box Office Debut http://dlvr.it/TTsLhn,0,https://mastodon.social/@indiegenius/117040594280772911,post,#SpiderManBrandNewDay
2026-08-05T01:45:11Z,Mastodon,indiegenius,Movie TV Tech Geeks #MovieNews #SpiderManBrandNewDay #BoxOffice ‘Spider-Man: Brand New Day’ Has Almost Doubled the Opening Day Record of ‘Star Wars: The Force Awakens’ http://dlvr.it/TTsKjT,0,https://mastodon.social/@indiegenius/117040369623197734,post,#SpiderManBrandNewDay
2026-08-05T00:48:09Z,Mastodon,indiegenius,Movie TV Tech Geeks #MovieNews #SpiderManBrandNewDay #KevinFeige Kevin Feige Officially Confirms Tom Holland’s ‘Spider-Man’ Future http://dlvr.it/TTsJbl,0,https://mastodon.social/@indiegenius/117040145323842138,post,#SpiderManBrandNewDay
2026-08-05T00:05:39Z,Mastodon,librarymonster@glammr.us,"Got to see #spidermanBrandNewDay Loved the angst & loneliness, Peter's sad but amazing home lab, the mystery possession horror villain, Frank, Bruce, Yelena, MJ & Ned were the best supporting characters to an incredible talented anchoring actor, Tom Holland 👏👏👏 Didn't love Jean Gray as a kid that needed Peter's dead surrogate mom to tell her she's beautiful & loved inside his own head or whatever. I was really hoping for a more mature villain & storyline, ngl.",1,https://glammr.us/@librarymonster/117039978243739810,post,#SpiderManBrandNewDay
2026-08-04T23:51:36Z,Mastodon,indiegenius,Movie TV Tech Geeks #MovieNews #SpiderManBrandNewDay #MCU #BoxOffice Marvel Is Officially Back as ‘Spider-Man: Brand New Day’ Sets Record High Debut http://dlvr.it/TTsHPC,0,https://mastodon.social/@indiegenius/117039922970361827,post,#SpiderManBrandNewDay
2026-08-04T21:46:32Z,Mastodon,comingsoon.net@web.brid.gy,Spider-Man: Best Live-Action Actors Ranked From Tom Holland to Tobey Maguire https://fed.brid.gy/r/https://www.comingsoon.net/movies/features/2171415-best-spider-man-actors-ranked-tom-holland-tobey-maguire,1,https://fed.brid.gy/r/https://www.comingsoon.net/movies/features/2171415-best-spider-man-actors-ranked-tom-holland-tobey-maguire,post,#SpiderManBrandNewDay
2026-08-04T21:40:11Z,Mastodon,abysim@whitelion.me,"So, I watched both movies over the weekend with those 3 actors for the second time, movies that already made $2 billion gross together. Watched #TheOdyssey on an ordinary IMAX screen. I was a bit sleepy, so I didn't feel many emotions. The movie was still engaging and not boring. Most of sceens were look ok on the 1.9 screen. The giants action scene felt like it needed the 1.43, since many things were cropped and maybe 1-2 similar thing where noticible in more static scenes. It was physically painful to observe the lightning scene. It didn't have such an effect in ordinari cinema screen because maybe there is less or no ambient light in the IMAX hall. Then watched #SpiderManBrandNewDay in 4DX. I haven't been in 4DX for almost 5 years, so it was mostly a refreshing experience. Refreshing that those seats weren't made for my height and I can't sit in them fully for the entire screening without pain in one place. The initial flying scene was even more immersive because of the wind you fee",0,https://whitelion.me/display/8417e586-466a-725c-3b55-ce3700473849,post,#SpiderManBrandNewDay
2026-08-04T21:36:48Z,Mastodon,comingsoon.net@web.brid.gy,Spider-Man: Brand New Day Nearly Featured a More Obscure Marvel Villain Than [Spoiler] https://fed.brid.gy/r/https://www.comingsoon.net/movies/news/2171450-spider-man-brand-new-day-kevin-feige-original-villain-marvel,1,https://fed.brid.gy/r/https://www.comingsoon.net/movies/news/2171450-spider-man-brand-new-day-kevin-feige-original-villain-marvel,post,#SpiderManBrandNewDay
2026-08-04T21:35:09Z,Mastodon,hollywoodreporter,"‘Spider-Man: Brand New Day’ Star Jacob Batalon Talks the Ending, Spidey Tracker and the Scene That Shut Down Filming #MovieFeatures #Movies #JacobBatalon #SpiderManBrandNewDay #SpiderManNoWayHome https://www.hollywoodreporter.com/movies/movie-features/spider-man-brand-new-day-jacob-batalon-ending-handshake-1236664173/",0,https://mastodon.social/@hollywoodreporter/117039386423673475,post,#SpiderManBrandNewDay
2026-08-04T21:35:03Z,Mastodon,variety_feed,"Naomi Watts’ Secret ‘Spider-Man: Brand New Day’ Role Reunited Her With Tom Holland, 12 Years After ‘The Impossible’: ‘From Playing Your Mom to Your AI’ #Variety #News #NaomiWatts #SpiderManBrandNewDay #TomHolland https://variety.com/2026/film/news/naomi-watts-spider-man-brand-new-day-role-tom-holland-reunion-1236827951/",1,https://mastodon.social/@variety_feed/117039386020149127,post,#SpiderManBrandNewDay
2026-08-04T21:33:41Z,Mastodon,variety.com@web.brid.gy,"Naomi Watts’ Secret ‘Spider-Man: Brand New Day’ Role Reunited Her With Tom Holland, 12 Years After ‘The Impossible’: ‘From Playing Your Mom to Your AI’ https://fed.brid.gy/r/https://variety.com/2026/film/news/naomi-watts-spider-man-brand-new-day-role-tom-holland-reunion-1236827951/",0,https://fed.brid.gy/r/https://variety.com/2026/film/news/naomi-watts-spider-man-brand-new-day-role-tom-holland-reunion-1236827951/,post,#SpiderManBrandNewDay
2026-08-04T20:00:05Z,Mastodon,top_news,"BMW Is Playing a Spider-Man Ad on Its Dashboard Displays, and People Are Pissed The automaker is framing it as an 'exclusive' animation tied to a broader brand partnership with the new Spider-Man movie. https://gizmodo.com/bmw-is-playing-a-spider-man-ad-on-its-dashboard-displays-and-people-are-pissed-2000794369 #TopNews #News #BMW #SpiderManBrandNewDay #ConnectedCompanyDevelopmentStephanDurach",0,https://mastodon.social/@top_news/117039012607011045,post,#SpiderManBrandNewDay
2026-08-04T19:59:05Z,Mastodon,phantastiknews,YouTube Tipp ▶️ #SpiderManBrandNewDay Hits $1 #Billion #Globally With Second-Fastest pace ever #Spiderman #Sony https://youtu.be/x1cJmHrKbos?is=EHFwPVcr9xYq2x95,0,https://mastodon.social/@phantastiknews/117039008685901647,post,#SpiderManBrandNewDay
2026-08-04T19:06:02Z,Mastodon,movizark@mastodon.world,"'Spider-Man: Brand New Day’ Is Officially Sets IMAX Release!! #SpiderManBrandNewDay, #TheOdyssey, #IMAX",0,https://mastodon.world/@movizark/117038800108677030,post,#SpiderManBrandNewDay
2026-08-04T19:04:41Z,Mastodon,movizark@mastodon.world,"'Spider-Man 5' With Tom Holland Gets Positive Update!! #TomHolland, #Marvel, #Sony, #SpiderManBrandNewDay, #SpiderMan, #SpiderMan5",0,https://mastodon.world/@movizark/117038794786696877,post,#SpiderManBrandNewDay
2026-08-04T16:43:05Z,Mastodon,top_news,"‘Spider-Man: Brand New Day’ Crosses $1 Billion in Six Days, Second-Fastest Movie to Hit Milestone ""Spider-Man: Brand New Day"" surpassed $1 billion globally in near-record time. https://variety.com/2026/film/box-office/spider-man-brand-new-day-billion-dollars-six-days-1236826658/ #TopNews #News #SpiderManBrandNewDay #AvengersEndgame #TheOdyssey",0,https://mastodon.social/@top_news/117038237942251211,post,#SpiderManBrandNewDay
2026-08-04T15:50:29Z,Mastodon,hollywoodreporter,‘Spider-Man: Brand New Day’ Hits $1 Billion Globally With Second-Fastest Pace Ever #MovieNews #Movies #Boxoffice #DestinDanielCretton #SadieSink #SonyPictures #SpiderMan #SpiderManBrandNewDay #TomHolland #Zendaya https://www.hollywoodreporter.com/movies/movie-news/spider-man-brand-new-day-billion-global-box-office-1236663765/,0,https://mastodon.social/@hollywoodreporter/117038031124971947,post,#SpiderManBrandNewDay
2026-08-04T15:30:29Z,Mastodon,deadline,‘Spider-Man: Brand New Day’ Scores Biggest All-Time Middle East Opening Weekend #News #EmpireEntertainment #MENA #SpiderManBrandNewDay https://deadline.com/2026/08/spider-man-brand-new-day-biggest-middle-east-opening-1237017101/,0,https://mastodon.social/@deadline/117037952494952415,post,#SpiderManBrandNewDay
2026-08-04T15:30:23Z,Mastodon,deadline,‘Spider-Man: Brand New Day’ 2nd Fastest Pic To Cross $1B At Global Box Office; Sony Boss Tom Rothman On Secret Of Success #News #SpiderMan #SpiderManBrandNewDay #TomRothman https://deadline.com/2026/08/box-office-spider-man-brand-new-day-billion-record-1237017056/,0,https://mastodon.social/@deadline/117037952090785040,post,#SpiderManBrandNewDay
2026-08-04T15:30:07Z,Mastodon,variety_feed,"‘Spider-Man: Brand New Day’ Crosses $1 Billion in Six Days, Second-Fastest Movie to Hit Milestone #Variety #BoxOffice #Marvel #SpiderManBrandNewDay https://variety.com/2026/film/box-office/spider-man-brand-new-day-billion-dollars-four-days-1236826658/",2,https://mastodon.social/@variety_feed/117037951087146152,post,#SpiderManBrandNewDay
2026-08-04T15:25:06Z,Mastodon,variety.com@web.brid.gy,"‘Spider-Man: Brand New Day’ Crosses $1 Billion in Six Days, Second-Fastest Movie to Hit Milestone https://fed.brid.gy/r/https://variety.com/2026/film/box-office/spider-man-brand-new-day-billion-dollars-six-days-1236826658/",1,https://fed.brid.gy/r/https://variety.com/2026/film/box-office/spider-man-brand-new-day-billion-dollars-six-days-1236826658/,post,#SpiderManBrandNewDay
2026-08-04T15:15:44Z,Mastodon,Kraken17,#SpiderManBrandNewDay ya ha llegado a los mil millones en taquilla. Tom Holland va a estar atado a este papel hasta que cumpla los 90.,0,https://mastodon.social/@Kraken17/117037894504030010,post,#SpiderManBrandNewDay
2026-08-04T15:00:08Z,Mastodon,deadline,‘Spider-Man: Brand New Day’ Has Record Monday At U.S. Box Office With $46M+ #News #SpiderMan #SpiderManBrandNewDay https://deadline.com/2026/08/box-office-spider-man-brand-new-day-monday-record-1237017035/,0,https://mastodon.social/@deadline/117037833125133898,post,#SpiderManBrandNewDay
2026-08-04T13:25:03Z,Mastodon,hollywoodreporter,The Box Office Comeback Finally Happened: “We’re All Breathing a Hell of a Lot Easier” #MovieNews #Movies #Boxoffice #SpiderManBrandNewDay https://www.hollywoodreporter.com/movies/movie-news/box-office-2026-spider-man-odyssey-1236663643/,0,https://mastodon.social/@hollywoodreporter/117037459300295459,post,#SpiderManBrandNewDay
2026-08-04T12:27:58Z,Mastodon,indiegenius,Movie TV Tech Geeks #Movie #SpiderManBrandNewDay #SpiderMan #MCU 10 Lingering Questions I Have After 'Spider-Man: Brand New Day' http://dlvr.it/TTrny2,0,https://mastodon.social/@indiegenius/117037234807302191,post,#SpiderManBrandNewDay
2026-08-04T12:27:49Z,Mastodon,indiegenius,Movie TV Tech Geeks #MovieNews #SpiderManBrandNewDay #BoxOffice ‘Spider-Man: Brand New Day’ Officially Swings Past $1 Billion at the Box Office in Just 5 Days http://dlvr.it/TTrnxm,0,https://mastodon.social/@indiegenius/117037234201231826,post,#SpiderManBrandNewDay
2026-08-04T12:10:06Z,Mastodon,variety_feed,‘Spider-Man: Brand New Day’ Rewrites Box Office History in India With Record Launch #Variety #Asia #BoxOffice #Global #News #SpiderManBrandNewDay https://variety.com/2026/film/box-office/spider-man-brand-new-day-india-box-office-record-1236827437/,1,https://mastodon.social/@variety_feed/117037164587910422,post,#SpiderManBrandNewDay
2026-08-04T12:08:30Z,Mastodon,variety.com@web.brid.gy,‘Spider-Man: Brand New Day’ Rewrites Box Office History in India With Record Launch https://fed.brid.gy/r/https://variety.com/2026/film/box-office/spider-man-brand-new-day-india-box-office-record-1236827437/,0,https://fed.brid.gy/r/https://variety.com/2026/film/box-office/spider-man-brand-new-day-india-box-office-record-1236827437/,post,#SpiderManBrandNewDay
2026-08-04T12:00:45Z,Mastodon,Mathrubhumi_English,"Tom Holland has added another major achievement to his Marvel journey. With Spider-Man: Brand New Day, the actor has etched his name into the record books by becoming the first star to headline four of the biggest global opening weekends in cinema history. https://english.mathrubhumi.com/movies-music/news/spider-man-brand-new-day-marks-tom-hollands-biggest-box-office-milestone-yet-vddi2kpe?utm_source=dlvr.it&utm_medium=mastodon #TomHolland #SpiderManBrandNewDay #Marvel #BoxOffice #MCU",0,https://mastodon.social/@Mathrubhumi_English/117037127791298409,post,#SpiderManBrandNewDay
2026-08-04T11:31:02Z,Mastodon,indiegenius,"Movie TV Tech Geeks #MovieFeatures #SpiderManBrandNewDay #Zendaya Forget 'Spider-Man: Brand New Day,' Zendaya's Raw HBO Max Black Comedy Makes MJ and Peter Parker Look Like a Fairy Tale http://dlvr.it/TTrlMY",0,https://mastodon.social/@indiegenius/117037010955418107,post,#SpiderManBrandNewDay
2026-08-04T11:25:06Z,Mastodon,variety_feed,‘Spider-Man: Brand New Day’ Lands Biggest Opening Weekend in Middle East Box Office History #Variety #Global #News #MiddleEast #SpiderManBrandNewDay #TomHolland https://variety.com/2026/film/global/spider-man-brand-new-day-middle-east-box-office-1236827415/,1,https://mastodon.social/@variety_feed/117036987593729160,post,#SpiderManBrandNewDay
2026-08-04T11:24:45Z,Mastodon,variety.com@web.brid.gy,‘Spider-Man: Brand New Day’ Lands Biggest Opening Weekend in Middle East Box Office History https://fed.brid.gy/r/https://variety.com/2026/film/global/spider-man-brand-new-day-middle-east-box-office-1236827415/,0,https://fed.brid.gy/r/https://variety.com/2026/film/global/spider-man-brand-new-day-middle-east-box-office-1236827415/,post,#SpiderManBrandNewDay
2026-08-04T11:00:00Z,Mastodon,TPKritik@troet.cafe,"#SpiderManBrandNewDay: Die Geschichte ist mutig genug, die Figuren zu verändern und die vielen Verweise werden Fans freuen. Inhaltlich überladen, reduziert sich die Action auf bekannte Kost, mit den Charaktermomenten als wirkliche Highlights. Die Kritik: https://www.treffpunkt-kritik.de/spider-man-brand-new-day-2026/",0,https://troet.cafe/@TPKritik/117036888919438883,post,#SpiderManBrandNewDay
2026-08-04T10:30:04Z,Mastodon,variety_feed,‘Spider-Man: Brand New Day’ Dominates U.K. and Ireland Box Office With Massive Launch #Variety #BoxOffice #Global #News #ChristopherNolan #JanaNayagan #SpiderManBrandNewDay #TheOdyssey https://variety.com/2026/film/box-office/spider-man-brand-new-day-uk-ireland-box-office-1236827406/,1,https://mastodon.social/@variety_feed/117036771208444567,post,#SpiderManBrandNewDay
2026-08-04T10:27:10Z,Mastodon,variety.com@web.brid.gy,‘Spider-Man: Brand New Day’ Dominates U.K. and Ireland Box Office With Massive Launch https://fed.brid.gy/r/https://variety.com/2026/film/box-office/spider-man-brand-new-day-uk-ireland-box-office-1236827406/,0,https://fed.brid.gy/r/https://variety.com/2026/film/box-office/spider-man-brand-new-day-uk-ireland-box-office-1236827406/,post,#SpiderManBrandNewDay
2026-08-04T10:13:17Z,Mastodon,theguardian_us_culture@halo.nu,Web of billions: how Spider-Man became the most heroic franchise in Hollywood https://www.theguardian.com/film/2026/aug/04/spider-man-brand-new-day-performance #SpidermanBrandNewDay #TomHolland #Marvel #Culture #Film #SuperheroMovies #Zendaya #Spiderman,0,https://halo.nu/@theguardian_us_culture/117036705199154296,post,#SpiderManBrandNewDay
2026-08-04T10:09:34Z,Mastodon,cmconseils,Me irl #SpiderManBrandNewDay #spiderman,23,https://mastodon.social/@cmconseils/117036690574656274,post,#SpiderManBrandNewDay
2026-08-04T09:26:25Z,Mastodon,Mathrubhumi_English,"Brand New Day broke box office records but between a symbiote tease, a name-dropped successor, and Peter's grown-up reinvention, is Marvel quietly writing Tom Holland out? https://english.mathrubhumi.com/movies-music/news/is-marvel-already-planning-to-replace-tom-hollands-spider-man-v5ekg3nw?utm_source=dlvr.it&utm_medium=mastodon #SpiderManBrandNewDay #TomHolland #MCU #SpiderMan #Marvel",0,https://mastodon.social/@Mathrubhumi_English/117036520930498828,post,#SpiderManBrandNewDay
2026-08-04T09:10:04Z,Mastodon,guardianfeeds@rssfeed.media,Web of billions: how Spider-Man became the most heroic franchise in Hollywood By Jesse Hassenger Tom Holland’s fourth outing as Peter Parker broke box office records but how did the web-slinger avoid growing superhero fatigue? https://www.theguardian.com/film/2026/aug/04/spider-man-brand-new-day-performance #SpiderManBrandNewDay #TomHolland #Marvel #Culture #Film #Superheromovies #Zendaya #SpiderMan #TheGuardian #JesseHassenger,0,https://rssfeed.media/@guardianfeeds/117036456667023920,post,#SpiderManBrandNewDay
2026-08-04T06:03:49Z,Mastodon,dusfive,"Spider-Man: Brand New Day is fantastic! It was gripping, poignant, and thought-provoking. I can't wait see what's next for Spider-Man and the MCU! 5/5 8D #Thoughts #Reaction #Film #Theater #Ticket #SpiderManBrandNewDay #MCU #MarvelStudios #Marvel",0,https://mastodon.social/@dusfive/117035724248706891,post,#SpiderManBrandNewDay
2026-08-04T05:33:18Z,Mastodon,phantastiknews,YouTube Tipp ▶️ #SpiderManBrandNewDay Lands Top #OpeningWeekend Ever With $360M |#Spiderman #Sony https://youtu.be/jdUmCNlqqoI?is=jt0HPscqxHSlweww,0,https://mastodon.social/@phantastiknews/117035604278700833,post,#SpiderManBrandNewDay
2026-08-04T05:29:18Z,Mastodon,SaltiredPopcorn@zirk.us,http://foritismansnumber.blogspot.com/2026/08/spider-man-brand-new-day-2026.html More web content. #blog #blogger #review #MovieReview #SpidermanBrandNewDay #marvel #film #filmastodon,2,https://zirk.us/@SaltiredPopcorn/117035588580611391,post,#SpiderManBrandNewDay
2026-08-04T02:21:24Z,Mastodon,Lautaro_Ferrero,Mañana tengo entradas para ir a ver #SpiderManBrandNewDay!!! Estoy super ansioso desde el estreno de la película jeje,4,https://mastodon.social/@Lautaro_Ferrero/117034849705400582,post,#SpiderManBrandNewDay
2026-08-04T00:30:04Z,Mastodon,deadline,"‘Spider-Man: Brand New Day’ Producer Amy Pascal On How Destin Daniel Cretton’s Vision Made The Difference, Franchise’s Future & A 007 Update #News #AmyPascal #DestinDanielCretton #SonyPictures #SpiderManBrandNewDay #TomHolland https://deadline.com/2026/08/spider-man-brand-new-day-amy-pascal-interview-1237016593/",0,https://mastodon.social/@deadline/117034411939952888,post,#SpiderManBrandNewDay
2026-08-04T00:08:03Z,Mastodon,indiegenius,Movie TV Tech Geeks #MovieNews #SpiderManBrandNewDay #BoxOffice ‘Spider-Man: Brand New Day’ Officially Defeats Zack Snyder’s Biggest Superhero Movie http://dlvr.it/TTrM21,0,https://mastodon.social/@indiegenius/117034325318791961,post,#SpiderManBrandNewDay
2026-08-03T22:20:06Z,Mastodon,deadline,"‘Spider-Man: Brand New Day’ Director Destin Daniel Cretton Talks Sadie Sink, That Ending & What Might Be Next #News #DestinDanielCretton #QA #SadieSink #SonyPictures #SpiderManBrandNewDay #TomHolland https://deadline.com/2026/08/spider-man-brand-new-day-director-explains-ending-sadie-sink-1237016256/",0,https://mastodon.social/@deadline/117033900867713821,post,#SpiderManBrandNewDay
2026-08-03T22:20:05Z,Mastodon,comingsoon.net@web.brid.gy,Kevin Feige Explains How Spider-Man: Brand New Day Sets Up the MCU’s Future https://fed.brid.gy/r/https://www.comingsoon.net/movies/news/2170864-kevin-feige-spider-man-brand-new-day-mcu-future,1,https://fed.brid.gy/r/https://www.comingsoon.net/movies/news/2170864-kevin-feige-spider-man-brand-new-day-mcu-future,post,#SpiderManBrandNewDay
2026-08-03T22:14:29Z,Mastodon,indiegenius,Movie TV Tech Geeks #MovieFeatures #SpiderManBrandNewDay Spider-Man: Brand New Day Officially Addresses the Worst Decision in X-Men History http://dlvr.it/TTrJW5,0,https://mastodon.social/@indiegenius/117033878797383902,post,#SpiderManBrandNewDay
2026-08-03T22:10:07Z,Mastodon,deadline,‘Spider-Man: Brand New Day’: All The Box Office Records Broken #News #DestinDanielCretton #Marvel #SonyPictures #SpiderManBrandNewDay #TomHolland #Zendaya https://deadline.com/2026/08/spider-man-brand-new-day-box-office-records-1237016328/,0,https://mastodon.social/@deadline/117033861605448876,post,#SpiderManBrandNewDay
2026-08-03T21:45:07Z,Mastodon,hollywoodreporter,"Spider-Man’s Next Move? Sony’s Tom Rothman on Tom Holland’s Future, ‘Jumanji’ and Beatles #MovieNews #Movies #AvengersEndgame #DestinDanielCretton #JonBernthal #JumanjiOpenWorld #MarkRuffalo #Marvel #SadieSink #SamMendes #SonyPictures #SpiderManBrandNewDay #SpiderManNoWayHome #TheBeatles #TomHolland #TomRothman #Zendaya https://www.hollywoodreporter.com/movies/movie-news/spider-man-the-beatles-jumanji-sony-tom-rothman-interview-1236663221/",0,https://mastodon.social/@hollywoodreporter/117033763300209944,post,#SpiderManBrandNewDay
2026-08-03T21:20:04Z,Mastodon,variety_feed,"Popcorn Bucket Craze Pops Off With Skyrocketing Scalper Prices, Director Approvals and Imax’s First-Ever Movie Merch #Variety #Features #AMCTheatres #Cinemark #Regal #SpiderManBrandNewDay #TheOdyssey https://variety.com/2026/film/features/spider-man-popcorn-bucket-scalper-prices-imax-merch-1236817709/",0,https://mastodon.social/@variety_feed/117033664837146078,post,#SpiderManBrandNewDay
2026-08-03T21:17:29Z,Mastodon,indiegenius,Movie TV Tech Geeks #MovieFeatures #SpiderManBrandNewDay Marvel’s X-Men Reboot May Already Be Breaking Its Biggest Tradition http://dlvr.it/TTrHD4,0,https://mastodon.social/@indiegenius/117033654649299516,post,#SpiderManBrandNewDay
2026-08-03T21:15:32Z,Mastodon,AtlantaFilmCriticsCircle@defcon.social,"AFCC member Matt Goldberg has some thoughts on Sadie Sink's character in #SpiderManBrandNewDay ""I wanted to write about her character and why I think it’s the film’s biggest weakness despite Sink’s performance"" WARNING: SPOILERS! https://www.commentarytrack.net/who-does-sadie-sink-play-in-spider-man-brand-new-day/ #AFCC #ForTheLoveOfMovies",0,https://defcon.social/@AtlantaFilmCriticsCircle/117033647000186135,post,#SpiderManBrandNewDay
2026-08-03T21:15:00Z,Mastodon,variety.com@web.brid.gy,"Popcorn Bucket Craze Pops Off With Skyrocketing Scalper Prices, Director Approvals and Imax’s First-Ever Movie Merch https://fed.brid.gy/r/https://variety.com/2026/film/features/spider-man-popcorn-bucket-scalper-prices-imax-merch-1236817709/",0,https://fed.brid.gy/r/https://variety.com/2026/film/features/spider-man-popcorn-bucket-scalper-prices-imax-merch-1236817709/,post,#SpiderManBrandNewDay
2026-08-03T20:55:05Z,Mastodon,top_news,‘Spider-Man’ and ‘The Odyssey’ power biggest box office weekend in history The two blockbusters together pulled in more than $400 million at the domestic box office this weekend. https://www.nbcnews.com/pop-culture/pop-culture-news/spider-man-odyssey-biggest-box-office-weekend-history-rcna590477 #TopNews #News #Dergarabedian #SpiderManBrandNewDay #TheOdyssey,0,https://mastodon.social/@top_news/117033566599816024,post,#SpiderManBrandNewDay
2026-08-03T20:41:55Z,Mastodon,leifwells,"Was I expecting a Spidey movie to make me cry? No. But nevertheless, 😢 Entertaining movie. Loved Spidey + Punisher. #SpiderManBrandNewDay",0,https://mastodon.social/@leifwells/117033514777730042,post,#SpiderManBrandNewDay
2026-08-03T20:10:07Z,Mastodon,variety_feed,"Kevin Feige on ‘Brand New Day’ Breaking Records, Sadie Sink’s Reveal and Tom Holland Getting a ‘Restful Victory Lap’ Before a Potential ‘Spider-Man 5’ #Variety #News #KevinFeige #SpiderManBrandNewDay #TomHolland https://variety.com/2026/film/news/kevin-feige-spider-man-brand-new-day-sequel-tom-holland-1236826503/",1,https://mastodon.social/@variety_feed/117033389758830945,post,#SpiderManBrandNewDay
2026-08-03T20:05:06Z,Mastodon,variety.com@web.brid.gy,"Kevin Feige on ‘Brand New Day’ Breaking Records, Sadie Sink’s Reveal and Tom Holland Getting a ‘Restful Victory Lap’ Before a Potential ‘Spider-Man 5’ https://fed.brid.gy/r/https://variety.com/2026/film/news/kevin-feige-spider-man-brand-new-day-sequel-tom-holland-1236826503/",0,https://fed.brid.gy/r/https://variety.com/2026/film/news/kevin-feige-spider-man-brand-new-day-sequel-tom-holland-1236826503/,post,#SpiderManBrandNewDay
2026-08-03T19:22:11Z,Mastodon,comingsoon.net@web.brid.gy,Spider-Man Fans Upset About This Major Character’s Erasure in Brand New Day https://fed.brid.gy/r/https://www.comingsoon.net/movies/news/2170692-spider-man-fans-upset-major-character-erasure-brand-new-day,1,https://fed.brid.gy/r/https://www.comingsoon.net/movies/news/2170692-spider-man-fans-upset-major-character-erasure-brand-new-day,post,#SpiderManBrandNewDay
2026-08-03T19:21:30Z,Mastodon,matibotbot@zelk.space,"I just watched Spider-Man: Brand New Day (2026), my rating is: ★★★★★★★★☆☆ https://trakt.tv/movies/spider-man-brand-new-day-2026 #SpiderManBrandNewDay #trakt",0,https://zelk.space/@matibotbot/117033198599455948,post,#SpiderManBrandNewDay
2026-08-03T19:00:12Z,Mastodon,variety_feed,"This ‘Spider-Man’ Art Book Explores the Making of ‘Brand New Day,’ From Early Concept Sketches to Final Production Designs #Variety #News #SpiderManBrandNewDay https://variety.com/2026/shopping/news/spider-man-brand-new-day-art-book-sketches-1236826647/",1,https://mastodon.social/@variety_feed/117033114811203968,post,#SpiderManBrandNewDay
2026-08-03T18:55:18Z,Mastodon,variety.com@web.brid.gy,"This ‘Spider-Man’ Art Book Explores the Making of ‘Brand New Day,’ From Early Concept Sketches to Final Production Designs https://fed.brid.gy/r/https://variety.com/2026/shopping/news/spider-man-brand-new-day-art-book-sketches-1236826647/",0,https://fed.brid.gy/r/https://variety.com/2026/shopping/news/spider-man-brand-new-day-art-book-sketches-1236826647/,post,#SpiderManBrandNewDay
2026-08-03T18:55:03Z,Mastodon,variety_feed,Every ‘Spider-Man’ Movie Ranked From Worst to Best #Variety #News #SpiderMan #SpiderManBrandNewDay #TomHolland https://variety.com/lists/spider-man-movies-ranked-best-worst/,1,https://mastodon.social/@variety_feed/117033094609605289,post,#SpiderManBrandNewDay
2026-08-03T18:50:49Z,Mastodon,variety.com@web.brid.gy,Every ‘Spider-Man’ Movie Ranked From Worst to Best https://fed.brid.gy/r/https://variety.com/lists/spider-man-movies-ranked-best-worst/,0,https://fed.brid.gy/r/https://variety.com/lists/spider-man-movies-ranked-best-worst/,post,#SpiderManBrandNewDay
2026-08-03T18:37:16Z,Mastodon,comingsoon.net@web.brid.gy,Spider-Man 5 With Tom Holland Gets Hopeful Update Following Fan Concerns & Worries https://fed.brid.gy/r/https://www.comingsoon.net/movies/news/2170664-spider-man-5-tom-holland-hopeful-update-fan-concerns-worries,1,https://fed.brid.gy/r/https://www.comingsoon.net/movies/news/2170664-spider-man-5-tom-holland-hopeful-update-fan-concerns-worries,post,#SpiderManBrandNewDay
2026-08-03T18:00:08Z,Mastodon,hollywoodreporter,5 Reasons ‘Spider-Man: Brand New Day’ Crushed Superhero Fatigue #MovieNews #Movies #SpiderManBrandNewDay https://www.hollywoodreporter.com/movies/movie-news/spider-man-brand-new-day-box-office-superhero-fatigue-1236663071/,0,https://mastodon.social/@hollywoodreporter/117032878643208479,post,#SpiderManBrandNewDay
2026-08-03T17:38:43Z,Mastodon,top_news,‘Spider-Man: Brand New Day’ Breaks Record For Biggest Box Office Debut The newest “Spider-Man” film grossed an estimated $932 million worldwide—falling short only to a record set by “Avengers: Endgame.” https://www.forbes.com/sites/zacharyfolk/2026/08/03/spider-man-brand-new-day-tops-avengers-endgame-for-biggest-box-office-debut-ever/ #TopNews #News #SpiderManBrandNewDay #SpiderMan #TheOdyssey,0,https://mastodon.social/@top_news/117032794390452259,post,#SpiderManBrandNewDay
2026-08-03T17:30:56Z,Mastodon,cindy_ve,Tijd voor een filmpjes bij #Pathé #PathéStappegoor #PathéNederland met de film #SpiderManBrandNewDay 🎬🎥🍿🎞️,0,https://mastodon.social/@cindy_ve/117032763841534405,post,#SpiderManBrandNewDay
2026-08-03T17:26:38Z,Mastodon,comingsoon.net@web.brid.gy,Spider-Man 5 Must Fix Brand New Day’s Biggest Storytelling Issue https://fed.brid.gy/r/https://www.comingsoon.net/movies/features/2170553-spider-man-5-avoid-marvel-storytelling-issue-mystery-villain,1,https://fed.brid.gy/r/https://www.comingsoon.net/movies/features/2170553-spider-man-5-avoid-marvel-storytelling-issue-mystery-villain,post,#SpiderManBrandNewDay
2026-08-03T17:11:05Z,Mastodon,cbcworld_mirror@mastodon.hongkongers.net,"Spider-Man: Brand New Day breaks box-office record for biggest North American opening weekend Spider-Man: Brand New Day broke the Avengers: Endgame record for the biggest North American opening weekend with $360 million US in ticket sales from theatres in the U.S. and Canada, Sony Pictures said Monday. https://www.cbc.ca/news/entertainment/spider-man-brand-new-day-opening-weekend-9.7294989?cmp=rss",0,https://mastodon.hongkongers.net/@cbcworld_mirror/117032685787942841,post,#SpiderManBrandNewDay
2026-08-03T17:08:13Z,Mastodon,comingsoon.net@web.brid.gy,Spider-Man: Brand New Day Scores a Box Office Record Upset Over Avengers: Endgame https://fed.brid.gy/r/https://www.comingsoon.net/movies/news/2170613-spider-man-brand-new-day-box-office-record-upset-avengers-endgame,1,https://fed.brid.gy/r/https://www.comingsoon.net/movies/news/2170613-spider-man-brand-new-day-box-office-record-upset-avengers-endgame,post,#SpiderManBrandNewDay
2026-08-03T17:08:01Z,Mastodon,nekotsukistudio.bsky.social@bsky.brid.gy,Pratiquement aucun doute que #SpiderManBrandNewDay passera les 2 milliards de $ d'ici la fin. 🤪 RE: https://bsky.app/profile/did:plc:gecergrexhnl5pwn4itwss3y/post/3ms4xdthre22v,0,https://fed.brid.gy/r/https://bsky.app/profile/did:plc:skpzh4aoocs7t7dsyxissbqi/post/3ms6yef7hsc2f,post,#SpiderManBrandNewDay
2026-08-03T17:03:05Z,Mastodon,laberkopp@troet.cafe,RE: https://troet.cafe/@laberkopp/117031689509058854 Enttäuschung! Meine sehr wohlwollende Kritik: Gefühlsduseliger inhaltsleerer Bullshit! (Gibt es eigentlich nur noch Zendaya als verfügbare „Schauspielerin“?) #SpiderManBrandnewDay #SpiderMan,2,https://troet.cafe/@laberkopp/117032654330804586,post,#SpiderManBrandNewDay
2026-08-03T16:46:09Z,Mastodon,comingsoon.net@web.brid.gy,Spider-Man: Brand New Day’s Most Polarizing Scene Sparks Big Avengers: Doomsday Question https://fed.brid.gy/r/https://www.comingsoon.net/movies/news/2170594-spider-man-brand-new-day-tracker-theories,1,https://fed.brid.gy/r/https://www.comingsoon.net/movies/news/2170594-spider-man-brand-new-day-tracker-theories,post,#SpiderManBrandNewDay
2026-08-03T16:30:05Z,Mastodon,deadline,Sony Pictures Entertainment CEO Ravi Ahuja Celebrates ‘Spider-Man: Brand New Day’s “Historic Achievement” & “Bold Creative Choices” #News #RaviAhuja #Sony #SpiderManBrandNewDay https://deadline.com/2026/08/spider-man-brand-new-day-sony-ceo-ravi-ahuja-1237015870/,0,https://mastodon.social/@deadline/117032524560085704,post,#SpiderManBrandNewDay
2026-08-03T16:20:08Z,Mastodon,variety_feed,‘Movies Aren’t Dead After All’: Sony Pictures Boss Tom Rothman on Historic ‘Spider-Man’ Box Office and Losing Tarantino’s Cliff Booth Sequel to Netflix #Variety #News #SpiderManBrandNewDay #TomRothman https://variety.com/2026/film/news/sony-tom-rothman-spider-man-brand-new-day-box-office-record-1236826285/,1,https://mastodon.social/@variety_feed/117032485425634962,post,#SpiderManBrandNewDay
2026-08-03T16:15:00Z,Mastodon,variety.com@web.brid.gy,‘Movies Aren’t Dead After All’: Sony Pictures Boss Tom Rothman on Historic ‘Spider-Man’ Box Office and Losing Tarantino’s Cliff Booth Sequel to Netflix https://fed.brid.gy/r/https://variety.com/2026/film/news/sony-tom-rothman-spider-man-brand-new-day-box-office-record-1236826285/,0,https://fed.brid.gy/r/https://variety.com/2026/film/news/sony-tom-rothman-spider-man-brand-new-day-box-office-record-1236826285/,post,#SpiderManBrandNewDay
2026-08-03T15:45:34Z,Mastodon,AustinGorton@mstdn.social,"Coming from me this week: new Fire & Blood Files discussing Rhaena Targaryen & dragon eggs, #SpiderManBrandNewDay review & explainer, new Snap Into Marvel column, Uncanny X-Men #32 review (Vecchio is back!) and more #XMen97 coverage!",0,https://mstdn.social/@AustinGorton/117032349510080679,post,#SpiderManBrandNewDay
2026-08-03T15:20:39Z,Mastodon,top_news,"‘Spider-Man: Brand New Day’ Sets Imax Release as ‘The Odyssey’ Exclusive Run Ends ""Spider-Man: Brand New Day"" will (finally!) swing to Imax on Aug. 6. https://variety.com/2026/film/box-office/spider-man-brand-new-day-imax-release-odyssey-exclusive-run-ends-1236826306/ #TopNews #News #TheOdyssey #SpiderManBrandNewDay #SouthKorea",0,https://mastodon.social/@top_news/117032251542990507,post,#SpiderManBrandNewDay
2026-08-03T15:20:07Z,Mastodon,movizark@mastodon.world,"'Spider-Man: Brand New Day' Spins $355M aka the Second Biggest Opening Weekend of All Time at the BO!! #SpiderManBrandNewDay, #TheOdyssey, #boxoffice",1,https://mastodon.world/@movizark/117032249409607948,post,#SpiderManBrandNewDay
2026-08-03T15:19:22Z,Mastodon,movizark@mastodon.world,"Tom Holland Officially Confirms 'Spider-Man' Replacement Plan For Future!! #TomHolland, #Marvel, #SpiderMan, #SpiderManBrandNewDay",0,https://mastodon.world/@movizark/117032246455087518,post,#SpiderManBrandNewDay
2026-08-03T15:14:01Z,Mastodon,comingsoon.net@web.brid.gy,"Spider-Man Fans Can Soon See Brand New Day in IMAX Despite The Odyssey Takeover, Here’s How https://fed.brid.gy/r/https://www.comingsoon.net/movies/news/2170546-spider-man-fans-brand-new-day-imax-the-odyssey",1,https://fed.brid.gy/r/https://www.comingsoon.net/movies/news/2170546-spider-man-fans-brand-new-day-imax-the-odyssey,post,#SpiderManBrandNewDay
2026-08-03T15:09:00Z,Mastodon,top_news,"‘Spider-Man’ Beats ‘Avengers: Endgame’ as ‘Brand New Day’ Climbs to $360 Million, the Biggest Opening Weekend in Box Office History ""Spider-Man: Brand New Day"" beat the opening weekend record of ""Avengers: Endgame"" after all with $360 million in its domestic debut. https://variety.com/2026/film/box-office/spider-man-brand-new-day-box-office-opening-record-avengers-endgame-1236826336/ #TopNews #News #SpiderManBrandNewDay #PeterParker #NoWayHome",0,https://mastodon.social/@top_news/117032205736647649,post,#SpiderManBrandNewDay
2026-08-03T15:07:10Z,Mastodon,filmgenuss.com@filmgenuss.com,Spider-Man: Brand New Day (2026) DU ENTSCHULDIGE ICH KENN' DICH ... https://filmgenuss.com/2026/08/03/spider-man-brand-new-day-2026/,0,https://filmgenuss.com/2026/08/03/spider-man-brand-new-day-2026/,post,#SpiderManBrandNewDay
2026-08-03T14:50:02Z,Mastodon,guardianfeeds@rssfeed.media,"Spider-Man: Brand New Day: new characters, new flaws, new tech and brain-exploding future consequences – discuss with spoilers By Ben Child Now you’ve seen the new Spidey, let’s talk about new baddies (or are they goodies?), X-Men alumni, painful relationships and a potential Spidey-pig https://www.theguardian.com/film/2026/aug/03/spider-man-brand-new-day-new-characters-new-flaws-new-tech-and-brain-exploding-future-consequences-discuss-with-spoilers #Film #SpiderManBrandNewDay #Culture #TomHolland #Zendaya #SpiderMan #Marvel #Superheromovies #TheGuardian #BenChild",0,https://rssfeed.media/@guardianfeeds/117032131144602102,post,#SpiderManBrandNewDay
2026-08-03T14:48:25Z,Mastodon,comingsoon.net@web.brid.gy,Spider-Man 4’s Box Office Success Will Teach Hollywood the Worst Lesson https://fed.brid.gy/r/https://www.comingsoon.net/movies/features/2170541-spider-man-4-box-office-hollywood-wrong-lesson,1,https://fed.brid.gy/r/https://www.comingsoon.net/movies/features/2170541-spider-man-4-box-office-hollywood-wrong-lesson,post,#SpiderManBrandNewDay
2026-08-03T14:41:47Z,Mastodon,theguardian_us_culture@halo.nu,"Spider-Man: Brand New Day: new characters, new flaws, new tech and brain-exploding future consequences – discuss with spoilers https://www.theguardian.com/film/2026/aug/03/spider-man-brand-new-day-new-characters-new-flaws-new-tech-and-brain-exploding-future-consequences-discuss-with-spoilers #Film #SpidermanBrandNewDay #Culture #TomHolland #Zendaya #Spiderman #Marvel #SuperheroMovies",0,https://halo.nu/@theguardian_us_culture/117032098704338702,post,#SpiderManBrandNewDay
2026-08-03T14:40:15Z,Mastodon,hollywoodreporter,"Spidey Surprise! ‘Brand New Day’ Lands Top Opening Weekend Ever With $360M, Beating ‘Avengers: Endgame’ #MovieNews #Movies #AvengersEndgame #Boxoffice #DestinDanielCretton #JacobBatalon #JonBernthal #MarkRuffalo #MarvelStudios #SadieSink #SonyPictures #SpiderManBrandNewDay #TomHolland #Zendaya https://www.hollywoodreporter.com/movies/movie-news/spider-man-brand-new-day-opening-record-endgame-box-office-1236662986/",1,https://mastodon.social/@hollywoodreporter/117032092635139888,post,#SpiderManBrandNewDay
2026-08-03T14:40:05Z,Mastodon,variety_feed,"‘Spider-Man’ Beats ‘Avengers: Endgame’ as ‘Brand New Day’ Climbs to $360 Million, the Biggest Opening Weekend in Box Office History #Variety #BoxOffice #Marvel #SpiderManBrandNewDay https://variety.com/2026/film/box-office/spider-man-brand-new-day-box-office-opening-record-avengers-endgame-1236826336/",1,https://mastodon.social/@variety_feed/117032092040411895,post,#SpiderManBrandNewDay
2026-08-03T14:38:21Z,Mastodon,indiegenius,Movie TV Tech Geeks #MovieNews #SpiderManBrandNewDay 'Spider-Man: Brand New Day’ Is Officially Coming to IMAX http://dlvr.it/TTr0GG,0,https://mastodon.social/@indiegenius/117032085206246325,post,#SpiderManBrandNewDay
2026-08-03T14:37:16Z,Mastodon,variety.com@web.brid.gy,"‘Spider-Man’ Beats ‘Avengers: Endgame’ as ‘Brand New Day’ Climbs to $360 Million, the Biggest Opening Weekend in Box Office History https://fed.brid.gy/r/https://variety.com/2026/film/box-office/spider-man-brand-new-day-box-office-opening-record-avengers-endgame-1236826336/",0,https://fed.brid.gy/r/https://variety.com/2026/film/box-office/spider-man-brand-new-day-box-office-opening-record-avengers-endgame-1236826336/,post,#SpiderManBrandNewDay
2026-08-03T14:30:06Z,Mastodon,hollywoodreporter,"Imax Pivots to Give Spider-Man North American Screens, Taking From ‘The Odyssey’ #Business #BusinessNews #Imax #SpiderManBrandNewDay #TheOdyssey https://www.hollywoodreporter.com/business/business-news/imax-spider-man-north-american-screens-odyssey-1236662962/",0,https://mastodon.social/@hollywoodreporter/117032052719532247,post,#SpiderManBrandNewDay
2026-08-03T14:26:38Z,Mastodon,KIeran_Freemantle,My review of the new Spidey movie #SpiderMan #SpiderManBrandNewDay #MarvelCinematicUniverse #MCU #TomHolland #Zendaya #JacobBatalon #JonBernthal #MarkRuffalo #superheromovie #film #filmreview https://popculturemaniacs.com/spider-man-brand-new-day-review/,0,https://mastodon.social/@KIeran_Freemantle/117032039144777444,post,#SpiderManBrandNewDay
2026-08-03T14:21:51Z,Mastodon,popculturemaniacs,Spider-Man: Brand New Day Review #SpiderMan #SpiderManBrandNewDay @SpiderManMovie #MarvelCinematicUniverse #MCU #TomHolland #Zendaya #JacobBatalon #JonBernthal #MarkRuffalo #superheromovie #film #filmreview https://popculturemaniacs.com/spider-man-brand-new-day-review/,0,https://mastodon.social/@popculturemaniacs/117032020289169571,post,#SpiderManBrandNewDay
2026-08-03T14:10:11Z,Mastodon,deadline,‘Spider-Man’ Sets Imax Release Date In North America #News #IMAX #Marvel #Sony #SpiderManBrandNewDay https://deadline.com/2026/08/spider-man-brand-new-day-imax-release-north-america-1237015708/,0,https://mastodon.social/@deadline/117031974465008425,post,#SpiderManBrandNewDay
2026-08-03T13:47:01Z,Mastodon,phantastiknews,"YouTube Tipp ▶️ #TomHolland and #JonBernthal Test Their #SpideySenses, Talk #SpiderManBrandnewDay https://youtu.be/ymiklMGDJts?is=HNfHhnD2zwZlkxRF",0,https://mastodon.social/@phantastiknews/117031883317083312,post,#SpiderManBrandNewDay
2026-08-03T13:29:54Z,Mastodon,researchbuzz_firehose@rbfirehose.com,"Deadline: ‘Spider-Man: Brand New Day’ Is X’s Latest Bootleg Leak, Gets Millions Of Views Before Taken Down. “As Tom Holland’s summer blockbusters take over the big screen, X has spoiled yet another one of the actor’s theatrical releases. Following the leak of a high-quality bootleg of The Odyssey on X last week, Spider-Man: Brand New Day was leaked Friday morning on the Elon […] https://rbfirehose.com/2026/08/03/deadline-spider-man-brand-new-day-is-xs-latest-bootleg-leak-gets-millions-of-views-before-taken-down/",0,https://rbfirehose.com/2026/08/03/deadline-spider-man-brand-new-day-is-xs-latest-bootleg-leak-gets-millions-of-views-before-taken-down/,post,#SpiderManBrandNewDay
2026-08-03T13:25:04Z,Mastodon,variety_feed,‘Spider-Man: Brand New Day’ Sets Imax Release as ‘The Odyssey’ Exclusive Run Ends #Variety #BoxOffice #Imax #SpiderManBrandNewDay https://variety.com/2026/film/box-office/spider-man-brand-new-day-imax-release-odyssey-exclusive-run-ends-1236826306/,1,https://mastodon.social/@variety_feed/117031797005161704,post,#SpiderManBrandNewDay
2026-08-03T13:20:38Z,Mastodon,variety.com@web.brid.gy,‘Spider-Man: Brand New Day’ Sets Imax Release as ‘The Odyssey’ Exclusive Run Ends https://fed.brid.gy/r/https://variety.com/2026/film/box-office/spider-man-brand-new-day-imax-release-odyssey-exclusive-run-ends-1236826306/,0,https://fed.brid.gy/r/https://variety.com/2026/film/box-office/spider-man-brand-new-day-imax-release-odyssey-exclusive-run-ends-1236826306/,post,#SpiderManBrandNewDay
2026-08-03T13:14:23Z,Mastodon,nekotsukistudio.bsky.social@bsky.brid.gy,"Le score de #SpiderManBrandNewDay est littéralement MONSTRUEUX ! 👀 Ça en cacherait presque le fait que #TheOdyssey et ses 51 millions, c'est encore très bien. 🙃 RE: https://bsky.app/profile/did:plc:gecergrexhnl5pwn4itwss3y/post/3ms4x6t6crk2v",0,https://fed.brid.gy/r/https://bsky.app/profile/did:plc:skpzh4aoocs7t7dsyxissbqi/post/3ms6lclt4t22i,post,#SpiderManBrandNewDay
2026-08-03T13:09:39Z,Mastodon,theguardian_us_culture@halo.nu,Spider-Man: Brand New Day makes debut to $927m box office to land second biggest opening weekend in history https://www.theguardian.com/film/2026/aug/03/spiderman-brand-new-day-global-box-office #SpidermanBrandNewDay #Film #Culture #SuperheroMovies #Marvel #WorldNews,0,https://halo.nu/@theguardian_us_culture/117031736376880103,post,#SpiderManBrandNewDay
2026-08-03T13:00:09Z,Mastodon,galacticrambler.wordpress.com@galacticrambler.wordpress.com,"Spider-Man: Brand New Day | Movie Review I just saw Spider-Man: Brand New Day in the theater, and it absolutely rules. Don’t walk, run to see this movie. For years, I have told people that my two favorite superhero movies are Spider-Man 2 (with Toby Maguire) and Hellboy II: The Golden Army; however, I think I’m swapping Spider-Man movies. Brand New Day is really that good. At this point, I just think that Tom Holland is the perfect Peter Parker. This movie really feels like him coming into his own truly as THE MAIN CHARACTER of the entire Marvel Cinematic Universe. The way Spider-Man was always meant to be. At this point for these movies, keeping secrets from being spoiled in trailers is such a big deal for me. (Looking at you Thor Ragnarok spoiling the Hulk’s appearance.) I truly feel that this movie’s marketing didn’t spoil the main thrust of this movie. Brand New Day makes the Marvel Cinematic Universe feel lived in. The user of other heroes and villains is how you let one character",1,https://galacticrambler.wordpress.com/2026/08/03/spiderman-brand-new-day-movie-review/,post,#SpiderManBrandNewDay
2026-08-03T12:50:17Z,Mastodon,eurogamer.de@web.brid.gy,Marvel's Spider-Man: Spiele stürmen nach großem Kino-Erfolg die Steam-Charts https://fed.brid.gy/r/https://www.eurogamer.de/marvels-spider-man-steam-charts-kino,0,https://fed.brid.gy/r/https://www.eurogamer.de/marvels-spider-man-steam-charts-kino,post,#SpiderManBrandNewDay
2026-08-03T12:50:00Z,Mastodon,comingsoon.net@web.brid.gy,Spider-Man Fans Debate if Hulk Remembered Peter While Bruce Banner Didn’t https://fed.brid.gy/r/https://www.comingsoon.net/movies/news/2170474-spider-man-brand-new-day-hulk-remember-peter-parker,1,https://fed.brid.gy/r/https://www.comingsoon.net/movies/news/2170474-spider-man-brand-new-day-hulk-remember-peter-parker,post,#SpiderManBrandNewDay
2026-08-03T12:27:21Z,Mastodon,top_news,China Box Office: ‘Spider-Man: Brand New Day’ Swings to Massive $121 Million Five-Day Opening Sony's 'Spider-Man: Brand New Day' swung into the top spot at the mainland China box office with a five-day gross of $121.3 million. https://variety.com/2026/film/box-office/china-box-office-spider-man-brand-new-day-121-million-1236826171/ #TopNews #News #China #MakeZhongheGreatAgain #SpiderManBrandNewDay,0,https://mastodon.social/@top_news/117031570064776068,post,#SpiderManBrandNewDay
2026-08-03T11:40:56Z,Mastodon,KINOFANS,"Rekord-Wochenende! #SpiderManBrandNewDay holt 1,4 Mio. Besucher in 5 Tagen in DE und knackt weltweit fast die Milliarde (927 Mio. $)! Der beste Sony-Start aller Zeiten. Alle Zahlen: 🔗 https://kinofans.com/spider-man-brand-new-day-rekord-kinostart-deutschland-box-office",0,https://mastodon.social/@KINOFANS/117031387577500882,post,#SpiderManBrandNewDay
2026-08-03T11:29:44Z,Mastodon,comingsoon.net@web.brid.gy,The Devil Wears Prada 2 Beats Spider-Man Movies on Disney+ Amid Brand New Day Hype https://fed.brid.gy/r/https://www.comingsoon.net/movies/news/2170494-the-devil-wears-prada-2-disney-beats-spider-man-streaming,0,https://fed.brid.gy/r/https://www.comingsoon.net/movies/news/2170494-the-devil-wears-prada-2-disney-beats-spider-man-streaming,post,#SpiderManBrandNewDay
2026-08-03T11:00:00Z,Mastodon,comingsoon.net@web.brid.gy,Spider-Man 4 Post-Credits Scene Has Andrew Garfield Claiming He’s ‘Not the Werewolf’ https://fed.brid.gy/r/https://www.comingsoon.net/movies/news/2170481-spider-man-4-brand-new-day-post-credits-scene-andrew-garfield,1,https://fed.brid.gy/r/https://www.comingsoon.net/movies/news/2170481-spider-man-4-brand-new-day-post-credits-scene-andrew-garfield,post,#SpiderManBrandNewDay
2026-08-03T08:59:33Z,Mastodon,top_news,"‘Spider-Man: Brand New Day’ Swings to Mind-Blowing $355 Million Debut, Second-Biggest Opening Weekend in Box Office History ""Spider-Man: Brand New Day"" had a jaw-dropping debut at the box office. https://variety.com/2026/film/box-office/spider-man-brand-new-day-box-office-opening-weekend-1236825953/ #TopNews #News #SpiderManBrandNewDay #TheOdyssey #Sony",0,https://mastodon.social/@top_news/117030752975386630,post,#SpiderManBrandNewDay
2026-08-03T08:31:46Z,Mastodon,fumettologica.it@web.brid.gy,Gli incassi da record di Spider-Man: Brand New Day https://fed.brid.gy/r/https://fumettologica.it/2026/08/spider-man-brand-news-day-incassi-record-film-marvel/,0,https://fed.brid.gy/r/https://fumettologica.it/2026/08/spider-man-brand-news-day-incassi-record-film-marvel/,post,#SpiderManBrandNewDay
2026-08-03T08:20:02Z,Mastodon,donporque,¿Por qué Jon Bernthal compara el miedo a los pitbulls con el racismo? #JonBernthal #Pitbulls #Punisher #Marvel #SpiderManBrandNewDay #RacismoCanino #BienestarAnimal #ProteccionAnimal #AdopcionResponsable #TenenciaResponsable #Perros #DebateAnimal #felizlunes #3deagosto https://donporque.com/jon-bernthal-llama-racismo-al-miedo-a-los-pitbulls/,0,https://mastodon.social/@donporque/117030597608693296,post,#SpiderManBrandNewDay
2026-08-03T06:41:44Z,Mastodon,24timemedia,"Every Brand New Day brings a Brand New milestone 🙌🗣️ #SpiderManBrandNewDay in cinemas now, in English, Hindi, Tamil, Telugu, Malayalam & Kannada.",0,https://mastodon.social/@24timemedia/117030211088446966,post,#SpiderManBrandNewDay
2026-08-03T06:30:03Z,Mastodon,variety_feed,Korea Box Office: ‘Spider-Man: Brand New Day’ Captures 81% Market Share in Collosal Debut #Variety #Asia #BoxOffice #Global #News #Hope #MichaelFassbender #NaHongjin #SpiderManBrandNewDay https://variety.com/2026/film/box-office/korea-box-office-spider-man-brand-new-day-81-percent-market-share-1236826175/,1,https://mastodon.social/@variety_feed/117030165148282413,post,#SpiderManBrandNewDay
2026-08-03T06:25:29Z,Mastodon,variety.com@web.brid.gy,Korea Box Office: ‘Spider-Man: Brand New Day’ Captures 81% Market Share in Colossal Debut https://fed.brid.gy/r/https://variety.com/2026/film/box-office/korea-box-office-spider-man-brand-new-day-81-percent-market-share-1236826175/,0,https://fed.brid.gy/r/https://variety.com/2026/film/box-office/korea-box-office-spider-man-brand-new-day-81-percent-market-share-1236826175/,post,#SpiderManBrandNewDay
2026-08-03T06:00:06Z,Mastodon,variety_feed,China Box Office: ‘Spider-Man: Brand New Day’ Swings to Massive $121 Million Five-Day Opening #Variety #Asia #BoxOffice #Global #News #AllWishesComeTrue #KungFuSoccer #Obsession #SpiderManBrandNewDay https://variety.com/2026/film/box-office/china-box-office-spider-man-brand-new-day-121-million-1236826171/,1,https://mastodon.social/@variety_feed/117030047339397857,post,#SpiderManBrandNewDay
2026-08-03T05:55:18Z,Mastodon,variety.com@web.brid.gy,China Box Office: ‘Spider-Man: Brand New Day’ Swings to Massive $121 Million Five-Day Opening https://fed.brid.gy/r/https://variety.com/2026/film/box-office/china-box-office-spider-man-brand-new-day-121-million-1236826171/,0,https://fed.brid.gy/r/https://variety.com/2026/film/box-office/china-box-office-spider-man-brand-new-day-121-million-1236826171/,post,#SpiderManBrandNewDay
2026-08-03T05:33:59Z,Mastodon,phantastiknews,"Lesetipp 📕 #SpidermanBrandNewDay bricht am ersten Kino Wochenende, (fast) alle Rekorde https://www.spiegel.de/kultur/kino/spider-man-brand-new-day-bricht-am-ersten-kinowochenende-fast-alle-rekorde-a-41fa83ff-6b88-4b35-9372-fb32d3d8a0c9?sara_ref=re-so-app-sh",0,https://mastodon.social/@phantastiknews/117029944676699053,post,#SpiderManBrandNewDay
2026-08-03T04:58:13Z,Mastodon,kcarr2015@mstdn.social,"So somehow #TomHolland, #Zendaya, and #JonBernthal ended up starring in the two biggest #movies of the 2026 summer, and that just feels insane. 👀 #SpidermanBrandNewDay #TheOdyssey",2,https://mstdn.social/@kcarr2015/117029804012965631,post,#SpiderManBrandNewDay
2026-08-03T03:21:15Z,Mastodon,comingsoon.net@web.brid.gy,Hideo Kojima Gives His Verdict on Spider-Man: Brand New Day in Latest Review https://fed.brid.gy/r/https://www.comingsoon.net/movies/news/2170323-spider-man-brand-new-day-hideo-kojima-review,0,https://fed.brid.gy/r/https://www.comingsoon.net/movies/news/2170323-spider-man-brand-new-day-hideo-kojima-review,post,#SpiderManBrandNewDay
2026-08-03T02:57:46Z,Mastodon,comingsoon.net@web.brid.gy,Spider-Man: Brand New Day Almost Topples Endgame in 2nd Best Box Office Opening Ever https://fed.brid.gy/r/https://www.comingsoon.net/movies/news/2170302-spider-man-brand-new-day-box-office-almost-beat-avengers-endgame,1,https://fed.brid.gy/r/https://www.comingsoon.net/movies/news/2170302-spider-man-brand-new-day-box-office-almost-beat-avengers-endgame,post,#SpiderManBrandNewDay
2026-08-03T02:45:29Z,Mastodon,comingsoon.net@web.brid.gy,The Odyssey Has Already Lost To Spider-Man 4 Despite Its Imax Advantage https://fed.brid.gy/r/https://www.comingsoon.net/movies/news/2170301-the-odyssey-box-office-lose-spider-man-brand-new-day,1,https://fed.brid.gy/r/https://www.comingsoon.net/movies/news/2170301-the-odyssey-box-office-lose-spider-man-brand-new-day,post,#SpiderManBrandNewDay
2026-08-03T01:06:34Z,Mastodon,top_news,"‘Spider-Man: Brand New Day’ Swings to Mind-Blowing $355 Million Debut, Second-Biggest Opening Weekend in Box Office History With great power comes truly heroic ticket sales. Sony and Marvel’s comic book adventure “Brand New Day” obliterated box office expectations, collecting a jaw-dropping $355 million from 4,487 North Am... https://uk.news.yahoo.com/spider-man-brand-day-swings-150320352.html #TopNews #News #SpiderManBrandNewDay #Sony #TheOdyssey",0,https://mastodon.social/@top_news/117028893152196794,post,#SpiderManBrandNewDay
2026-08-03T00:50:03Z,Mastodon,guardianfeeds@rssfeed.media,"Spider-Man: Brand New Day makes debut to $927m box office to land second biggest opening weekend in history By Sian Cain and agencies Marvel Studios president Kevin Feige hails ‘phenomenal’ opening, which followed box office already buoyed by The Odyssey and Toy Story 5 https://www.theguardian.com/film/2026/aug/03/spiderman-brand-new-day-global-box-office #SpiderManBrandNewDay #Film #Culture #Superheromovies #Marvel #Worldnews #TheGuardian #SianCain #agencies",0,https://rssfeed.media/@guardianfeeds/117028828173722524,post,#SpiderManBrandNewDay
2026-08-03T00:49:37Z,Mastodon,midlifecrisiscrossover.com@midlifecrisiscrossover.com,"Yes, There’s Barely a Scene After the “Spider-Man: Brand New Day” End Credits Previously on Spider-Man: Five years ago as the pandemic trended downward -- been a while! -- No Way Home capped off Tom Holland's first trilogy by ruining Peter Parker's life even more depressingly than usual. The This Is Your Life fan-service parade of Spideys and Spider-villains from Spider-cinema past were a delight despite the Major Character Death casting a pall, though The Battle of the Spider-Stars fizzled out in its showdown letdown, a blurry mishmash of scaffolds and weightless automata typifying the rushed VFX of many a post-Endgame superhero blockbuster. But the deepest problem was the story structure itself, a betrayal of ""With great power comes great responsibility"", the very heart of every version of the Spider-mythos: taking ""great responsibility"" began with Peter asking Dr. Strange to fix all his problems for him, and ended with him asking Strange to fix all his new problems that ""fixing"" his",10,https://midlifecrisiscrossover.com/2026/08/02/yes-theres-barely-a-scene-after-the-spider-man-brand-new-day-end-credits/,post,#SpiderManBrandNewDay
2026-08-02T22:48:24Z,Mastodon,top_news,‘Spider-Man: Brand New Day’ Smashes Box Office Projections With Monster $355 Million Weekend The newest “Spider-Man” film grossed an estimated $927 million worldwide—falling short only to a record set by “Avengers: Endgame.” https://www.forbes.com/sites/zacharyfolk/2026/08/02/spider-man-brand-new-day-scores-second-biggest-box-office-opening-ever-with-355-million/ #TopNews #News #SpiderManBrandNewDay #SpiderMan #TheOdyssey,0,https://mastodon.social/@top_news/117028349834193751,post,#SpiderManBrandNewDay
2026-08-02T22:30:25Z,Mastodon,StefanHabel,#SpiderManBrandNewDay #ILM Credits 👏 https://www.ilm.com/credits/spider-man-brand-new-day-credits/,4,https://mastodon.social/@StefanHabel/117028279152267564,post,#SpiderManBrandNewDay
2026-08-02T21:25:42Z,Mastodon,AtlantaFilmCriticsCircle@defcon.social,"AFCC member Stephen Michael Brown reviews #SpiderManBrandNewDay saying ""Tom Holland is superb in the lead as he discovers new expansions and limits to his powers and reconciles his lonely lifestyle."" https://silverscreencapture.com/spider-man-brand-new-day-mostly-swings-into-success/ #AFCC #MovieReview #ForTheLoveOfMovies",0,https://defcon.social/@AtlantaFilmCriticsCircle/117028024670022004,post,#SpiderManBrandNewDay
2026-08-02T18:25:04Z,Mastodon,deadline,North American Box Office Sees Record $429M Weekend Thanks To ‘Brand New Day’; YTD B.O. Soars Past $6B #News #SpiderManBrandNewDay https://deadline.com/2026/08/box-office-domestic-record-weekend-spider-man-brand-new-day-1237015511/,0,https://mastodon.social/@deadline/117027314355525012,post,#SpiderManBrandNewDay
2026-08-02T17:36:46Z,Mastodon,top_news,"‘Spider-Man: Brand New Day’ and ‘The Odyssey’ Power Biggest Collective Weekend in Box Office History With $430 Million Thanks to the one-two punch of ""The Odyssey"" and ""Spider-Man: Brand New Day,"" the box office had its biggest collective haul of all time. https://variety.com/2026/film/box-office/the-odyssey-spiderman-biggest-box-office-weekend-history-1236825132/ #TopNews #News #SpiderManBrandNewDay #TheOdyssey #Holland",0,https://mastodon.social/@top_news/117027124423872841,post,#SpiderManBrandNewDay
2026-08-02T17:20:16Z,Mastodon,kcarr2015@mstdn.social,"@mklopez I saw #SpidermanBrandNewDay in a packed Sunday morning showing, and the movie was extremely pleasant. Nobody clapped tho. 🤷‍♂️",1,https://mstdn.social/@kcarr2015/117027059582398287,post,#SpiderManBrandNewDay
2026-08-02T16:51:00Z,Mastodon,tantek.com@tantek.com,"🎦 watched “Spider-Man: Brand New Day” in the Metreon Dolby Cinema this past Friday and really enjoyed it. Took a half day off to recover from a long week & last weekend, and decided to see the new Spider-Man movie. The theater was packed except for the front row. Lots of fans wearing Spider-Man gear. If you haven’t seen the previous Tom Holland Spider-Man movies, you could watch only those three then this film and still have a great time. No significant dependence on other MCU (Marvel Cinematic Universe) stories in Brand New Day. Optionally, you could watch the Tobey Maguire and Andrew Garfield Spider-Man movies before watching the third Tom Holland one, “No Way Home”, for character development and additional narratives. #SpiderMan #BrandNewDay #SpiderManBrandNewDay #Blaugust #Blaugust2026 #2026_212 #20260731",0,https://fed.brid.gy/r/https://tantek.com/2026/214/t1/watched-spider-man-brand-new-day,post,#SpiderManBrandNewDay
2026-08-02T16:50:56Z,Mastodon,LadyMandona@mas.to,"volviendo a casa tras #SpidermanBrandNewDay. MUY BIEN, hoygan.",1,https://mas.to/@LadyMandona/117026944199513293,post,#SpiderManBrandNewDay
2026-08-02T16:50:03Z,Mastodon,variety_feed,‘Spider-Man: Brand New Day’ Obliterates Expectations With $927 Million Global Debut #Variety #BoxOffice #SpiderManBrandNewDay https://variety.com/2026/film/box-office/spider-man-brand-new-day-global-debut-nears-1-billion-1236825975/,2,https://mastodon.social/@variety_feed/117026940734574951,post,#SpiderManBrandNewDay
2026-08-02T16:49:01Z,Mastodon,indiegenius,Movie TV Tech Geeks #Movie #SpiderManBrandNewDay #SpiderMan #MCU 8 Best Cameos in 'Spider-Man: Brand New Day' http://dlvr.it/TTqHFT,1,https://mastodon.social/@indiegenius/117026936655370157,post,#SpiderManBrandNewDay
2026-08-02T16:10:06Z,Mastodon,variety_feed,‘Spider-Man: Brand New Day’ and ‘The Odyssey’ Power Biggest Collective Weekend in Box Office History With $430 Million #Variety #BoxOffice #SpiderManBrandNewDay #TheOdyssey https://variety.com/2026/film/box-office/the-odyssey-spiderman-biggest-box-office-weekend-history-1236825132/,2,https://mastodon.social/@variety_feed/117026783677226741,post,#SpiderManBrandNewDay
2026-08-02T16:04:36Z,Mastodon,el7arte,#SpiderManBrandNewDay ha recaudado $927M en sus cinco primeros días en cines: $355M en los de Estados Unidos y $572M en los del resto del mundo https://www.elseptimoarte.net/noticias/criticas/spider-man-brand-new-day-que-hay-de-nuevo-viejo-53296.html,0,https://mastodon.social/@el7arte/117026762039008454,post,#SpiderManBrandNewDay
2026-08-02T15:55:04Z,Mastodon,deadline,‘Spider-Man: Brand New Day’ Powers To Amazing Second-Best Global Opening At Box Office With $927M WW #News #SpiderManBrandNewDay https://deadline.com/2026/08/box-office-global-spider-man-brand-new-day-1237015459/,1,https://mastodon.social/@deadline/117026724561621708,post,#SpiderManBrandNewDay
2026-08-02T15:52:00Z,Mastodon,indiegenius,Movie TV Tech Geeks #MovieNews #SpiderManBrandNewDay #BoxOffice ‘Spider-Man: Brand New Day’ Is Officially the New King of Marvel Movies http://dlvr.it/TTqFVj,1,https://mastodon.social/@indiegenius/117026712465250741,post,#SpiderManBrandNewDay
2026-08-02T15:43:57Z,Mastodon,Kraken17,Suputísimamadre #SpiderManBrandNewDay https://www.reddit.com/r/boxoffice/comments/1vdl4mv/spiderman_brand_new_day_has_opened_with_875m/,0,https://mastodon.social/@Kraken17/117026680862800637,post,#SpiderManBrandNewDay
2026-08-02T15:36:07Z,Mastodon,el7arte,"#SpiderManBrandNewDay ha recaudado unos $355M en su primer fin de semana en 4.487 cines de todo Estados Unidos. A priori, el segundo mayor estreno de la historia, tan sólo por detrás de los $357,12M de 'Vengadores: Endgame' en abril de 2019 https://www.elseptimoarte.net/noticias/criticas/spider-man-brand-new-day-que-hay-de-nuevo-viejo-53296.html",0,https://mastodon.social/@el7arte/117026650024163828,post,#SpiderManBrandNewDay
2026-08-02T15:26:34Z,Mastodon,bck1402@universeodon.com,"my thoughts on #SpiderManBrandNewDay which, while entertaining, raised some issues in my mind. #Marvel #Movie #Movies #MovieReview #SpiderMan https://berningaway.wordpress.com/2026/08/02/spider-man-brand-new-day-2026/",0,https://universeodon.com/@bck1402/117026612457242543,post,#SpiderManBrandNewDay
2026-08-02T15:20:06Z,Mastodon,hollywoodreporter,‘Spider-Man: Brand New Day’ Soars to $355M for Second-Biggest Opening Weekend Ever #MovieNews #Movies #AvengersEndgame #Boxoffice #DestinDanielCretton #JacobBatalon #JonBernthal #MarkRuffalo #MarvelStudios #SadieSink #SonyPictures #SpiderMan #SpiderManBrandNewDay #SpiderManNoWayHome #TomHolland #TomRothman #Zendaya https://www.hollywoodreporter.com/movies/movie-news/spider-man-brand-new-day-box-office-opening-weekend-second-1236661703/,0,https://mastodon.social/@hollywoodreporter/117026587033314509,post,#SpiderManBrandNewDay
2026-08-02T15:05:07Z,Mastodon,variety_feed,"‘Spider-Man: Brand New Day’ Swings to Mind-Blowing $355 Million Debut, Second-Biggest Opening Weekend in Box Office History #Variety #BoxOffice #Marvel #SpiderManBrandNewDay https://variety.com/2026/film/box-office/spider-man-brand-new-day-box-office-opening-weekend-1236825953/",1,https://mastodon.social/@variety_feed/117026528132609008,post,#SpiderManBrandNewDay
2026-08-02T14:40:37Z,Mastodon,fulviothecat@livellosegreto.it,"Di #spidermanbrandnewday , stando senza spoiler, posso scrivere che c'è un'interessante ombra del Marvel Cinematic Universe che verrà (soprattutto nel caso Avengers Doomsday fosse deludente in termini di incassi). Come? Più emotivamente tormentato, più tardoadolescenziale, autoriale cinematograficamente ma giusto per prendere le distanze dai supereroi in genere, dai quips di Whedon e dall'autoconsapevolezza estremizzata da Deadpool. In una parola, meno Millennial, più GenZ. Do you agree?",0,https://livellosegreto.it/@fulviothecat/117026431814569604,post,#SpiderManBrandNewDay
2026-08-02T12:43:33Z,Mastodon,el7arte,RE: https://mastodon.social/@el7arte/117019635378133601 Unos €11M en cuatro días. #SpiderManBrandNewDay,0,https://mastodon.social/@el7arte/117025971491137964,post,#SpiderManBrandNewDay
2026-08-02T11:16:05Z,Mastodon,top_news,"‘Spider-Man: Brand New Day’ Review: Sensational Spidey Sequel Is as Good as It Gets Tom Holland returns for a surprising and heartbreaking film about Peter Parker — and the superhero stuff is cool, too. https://www.thewrap.com/creative-content/movies/spider-man-brand-new-day-review-tom-holland-zendaya/ #TopNews #News #PeterParker #Punisher #SpiderManBrandNewDay",0,https://mastodon.social/@top_news/117025627544771982,post,#SpiderManBrandNewDay
2026-08-02T11:12:22Z,Mastodon,malva@masto.es,Me parece maravilloso que el núcleo de la peli sea justamente darle la vuelta a esto que criticaba Pop Culture Detective: la idea tóxica de que los héroes deben ser solitarios https://youtube.com/shorts/9vjW4U2yUAA #spiderman #SpiderManBrandNewDay #spidermanunnuevodia,1,https://masto.es/@malva/117025612944482974,post,#SpiderManBrandNewDay
2026-08-02T10:43:25Z,Mastodon,notclacke@fedia.social,"Marvel is BACK! ""_Spider-Man: Brand New Day_"" is the best Marvel movie made in years, and it's the best Spider-Man live-action movie ever made. Casting, choice of characters, writing, humor, emotional beats, pacing, production, it's all great and made with love. #SpiderMan #BrandNewDay #SpiderManBrandNewDay",2,https://fedia.social/notes/apf8kxrigj49j0n8,post,#SpiderManBrandNewDay
2026-08-02T10:32:35Z,Mastodon,phantastiknews,YouTube Tipp ▶️ #TomHolland had some horrific ideas for #SPIDERMANBRANDNEWDAY #Spiderman https://youtu.be/--tVdUmPGDw?is=o7uoMUn-GvB7cpo4,0,https://mastodon.social/@phantastiknews/117025456476832844,post,#SpiderManBrandNewDay
2026-08-02T09:17:31Z,Mastodon,el7arte,#SpiderManBrandNewDay https://www.elseptimoarte.net/noticias/criticas/spider-man-brand-new-day-que-hay-de-nuevo-viejo-53296.html,0,https://mastodon.social/@el7arte/117025161290510471,post,#SpiderManBrandNewDay
2026-08-02T08:46:36Z,Mastodon,themoviejunkie,Spider-Man: Brand New Day delivers stunning action and visuals but wastes its cast on a predictable plot. Skip theaters and wait for the OTT release. https://www.themoviejunkie.com/post/spider-man-brand-new-day-good-visuals-poor-plot #TomHolland #JonBernthal #Zendaya #JacobBatalon #SpiderManBrandNewDay #SadieSink,0,https://mastodon.social/@themoviejunkie/117025039726309255,post,#SpiderManBrandNewDay
2026-08-02T08:06:22Z,Mastodon,mcnita,"Cosas que hemos visto: #LegallyBlonde (llego tardísimo siempre a las pelis pero entiendo por qué es icónica), #MartySupreme (visualmente chulísima pero vaya estrés), #Colette, #PalmSprings (divertida), #SpiderManBrandNewDay, #AvatarTheLastAirbender S2 (increíble Toph). Cositas que he leído: poemarios del Premio Adonais como #LosDiosesDestruidos, #DespuésdelPop, #Oracióndelalluvia y #Pureza, #IfWeWereVillains y #TheInvisibleLifeofAddieLaRue.",2,https://mastodon.social/@mcnita/117024881555985893,post,#SpiderManBrandNewDay
2026-08-02T07:23:25Z,Mastodon,redlettermedia,Half in the Bag: Spider-Man: Brand New Day #rlm #redlettermedia #halfinthebag #spiderman #SpiderManBrandNewDay https://youtu.be/2Hi-iAZeNTQ,2,https://mastodon.social/@redlettermedia/117024712653785322,post,#SpiderManBrandNewDay
2026-08-02T07:07:19Z,Mastodon,Mathrubhumi_English,'Spider-Man: Brand New Day' has stunned the box office with a historic opening that even 'Avengers: Endgame' couldn't match. Here's the record everyone is talking about. https://english.mathrubhumi.com/movies-music/news/spider-man-brand-new-day-record-beats-avengers-endgame-v90yztil?utm_source=dlvr.it&utm_medium=mastodon #SpiderManBrandNewDay #TomHolland #Marvel #BoxOfficeCollection,0,https://mastodon.social/@Mathrubhumi_English/117024649322425515,post,#SpiderManBrandNewDay
2026-08-02T05:16:22Z,Mastodon,phantastiknews,YouTube Tipp ▶️ #TomHolland on when #Marvel lost #SpiderMan #SpidermanBrandNewDay #SpidermanCountdown https://youtu.be/ozzPeSBCWXQ?is=IMc16A8_UMDCv9uE,0,https://mastodon.social/@phantastiknews/117024213099995335,post,#SpiderManBrandNewDay
2026-08-02T04:00:06Z,Mastodon,variety_feed,Toymaker Hasbro Reimagines Most Iconic Board Games With Spider-Man-Themed Graphics and Gameplay #Variety #News #Games #Merch #NOADS #SpiderManBrandNewDay #Toys https://variety.com/2026/shopping/news/best-spider-man-board-games-hasbro-monopoly-buy-online-1236825826/,0,https://mastodon.social/@variety_feed/117023913160029606,post,#SpiderManBrandNewDay
2026-08-02T03:55:33Z,Mastodon,variety.com@web.brid.gy,Toymaker Hasbro Reimagines Most Iconic Board Games With Spider-Man-Themed Graphics and Gameplay https://fed.brid.gy/r/https://variety.com/2026/shopping/news/best-spider-man-board-games-hasbro-monopoly-buy-online-1236825826/,2,https://fed.brid.gy/r/https://variety.com/2026/shopping/news/best-spider-man-board-games-hasbro-monopoly-buy-online-1236825826/,post,#SpiderManBrandNewDay
2026-08-02T02:44:11Z,Mastodon,gnuplusmatt@fosstodon.org,Omg #redlettermedia actually likes a #comicbookmovie?! #spidermanbrandnewday #MCU #spiderman,1,https://fosstodon.org/@gnuplusmatt/117023614669618305,post,#SpiderManBrandNewDay
2026-08-02T02:38:46Z,Mastodon,mklopez,"#SpiderManBrandNewDay is a very long movie, even by marvel standards, but didn't feel like that while watching. Heartfelt, funny, plenty of action. Loved it. 8/10. #SpiderMan",2,https://mastodon.social/@mklopez/117023593350436541,post,#SpiderManBrandNewDay
2026-08-02T00:16:32Z,Mastodon,joel@polymaths.social,"Went to see #SpidermanBrandNewDay and this movie is actually amazing It has been years since a superhero film has made me cry, Spiderman is an actual hero of the people and I love this film so much",1,https://polymaths.social/@joel/statuses/01KYZX8NS8YM938R0BKZ6D75YW,post,#SpiderManBrandNewDay
2026-08-01T22:20:32Z,Mastodon,box464,On a proper date with the hubby. https://letterboxd.com/film/spider-man-brand-new-day/ #SpiderMan #SpiderManBrandNewDay,10,https://mastodon.social/@box464/117022577935243497,post,#SpiderManBrandNewDay
2026-08-01T22:00:57Z,Mastodon,AtlantaFilmCriticsCircle@defcon.social,"AFCC member Brian Skutle reviews #SpiderManBrandNewDay saying ""I think “Brand New Day” is my favorite of the Tom Holland films."" https://sonic-cinema.com/wordpress/movie/spider-man-brand-new-day/ #AFCC #MovieReview #ForTheLoveOfMovies",0,https://defcon.social/@AtlantaFilmCriticsCircle/117022500923179988,post,#SpiderManBrandNewDay
2026-08-01T21:52:30Z,Mastodon,LastOneToLeave,"This week I review Tom Holland, Zendaya, and Jon Bernthal in #SpiderManBrandNewDay, Cooper Hoffman and Olivia Wilde in #IWantYourSex, Antonio Banderas in #AboveAndBelow, and the documentary #PeterAsher Everywhere Man https://lastonetoleavethetheatre.blogspot.com/2026/07/spider-man-brand-new-day.html",0,https://mastodon.social/@LastOneToLeave/117022467715566195,post,#SpiderManBrandNewDay
2026-08-01T21:02:10Z,Mastodon,crampi@eldritch.cafe,"Vu le dernier Spiderman et j’ai bien aimé Les scènes d’actions sont cools, ya assez d’humour mais pas trop, on s’ennuie pas Seul hic, les méchants sont pas intéressants, on s’en fout un peu 8/10 #mastociné #seance21h #spidermanbrandnewday",0,https://eldritch.cafe/@crampi/117022269820347262,post,#SpiderManBrandNewDay
2026-08-01T19:56:15Z,Mastodon,indiegenius,"Movie TV Tech Geeks #Movie #SpiderManBrandNewDay #SpiderMan All 9 Live-Action Spider-Man Movies, Ranked http://dlvr.it/TTpmNZ",0,https://mastodon.social/@indiegenius/117022010574198629,post,#SpiderManBrandNewDay
2026-08-01T19:49:30Z,Mastodon,wevegotbackissues.com@wevegotbackissues.com,"‘Spider-Man: Brand New Day’ Has The Biggest Opening Day Of All Time Tom Holland’s latest outing as Spider-Man has started to tick of box office records in North America. Spider-Man: Brand New Day first broke the record for previews, taking $72 million on Thursday night. Now it has achieved a total of $168 million for its opening day, including the preview figure. This tops the $157 millions achieved by Avengers: Endgame back in 2019. Sony are now predicting the film will top out are $325 million for the weekend, which would put it second on the all time weekend list behind Avengers: Endgame which took $357 million. Source: THR RETURN TO MARVEL NEWS #DestinDanielCretton #MarvelStudios #MCU #SpiderManBrandNewDay #TomHolland",0,https://wevegotbackissues.com/2026/08/01/spider-man-brand-new-day-has-the-biggest-opening-day-of-all-time/,post,#SpiderManBrandNewDay
2026-08-01T19:14:56Z,Mastodon,campoamor.me@bsky.brid.gy,"Vista #spidermanbrandnewday. La verdad es que me gustó el cambio de tono, y la química de Tom y Zendaya es acojonante",0,https://fed.brid.gy/r/https://bsky.app/profile/did:plc:rmq3xljjqza6k2osee7sl2n6/post/3ms26jhzyys26,post,#SpiderManBrandNewDay
2026-08-01T19:14:45Z,Mastodon,rafacampoamor@masto.es,"Vista #spidermanbrandnewday. La verdad es que me gustó el cambio de tono, y la química de Tom y Zendaya es acojonante",1,https://masto.es/@rafacampoamor/117021847415788282,post,#SpiderManBrandNewDay
2026-08-01T18:39:39Z,Mastodon,helix2301@twit.social,#SpiderManBrandNewDay #spiderman I’m off to see Brand New Day,0,https://twit.social/@helix2301/117021709426306010,post,#SpiderManBrandNewDay
2026-08-01T17:49:21Z,Mastodon,NYCKNP@socel.net,#SpiderManBrandNewDay was a really solid film. It shows how we can all relate to the struggles of adulthood after being a youngster. Destin Daniel Cretton was the right person to direct this film,0,https://socel.net/@NYCKNP/117021511630976137,post,#SpiderManBrandNewDay
2026-08-01T17:31:29Z,Mastodon,edosecco@mastodon.uno,"Stamattina ho visto il nuovo film di Spider-Man. BELLISSIMO Sarò troppo emotivo, ma in un paio di scene mi sono commosso male. E poi, QUEL personaggio introdotto così che io ero tipo AAAAAAAAHHHHH #UnoCinema #spiderman #spidermanbrandnewday",1,https://mastodon.uno/@edosecco/117021441389876420,post,#SpiderManBrandNewDay
2026-08-01T17:30:13Z,Mastodon,martincidmag,Spider-Man: Brand New Day Bootleg Racked Up Millions of Views — the Box Office Didn’t Notice https://www.martincid.com/movies/spider-man-brand-new-day-leak-box-office/ #SpiderManBrandNewDay #Sony #XPremium,0,https://mastodon.social/@martincidmag/117021436391441357,post,#SpiderManBrandNewDay
2026-08-01T17:12:40Z,Mastodon,TheGeekOficial,'Homem-Aranha: Um Novo Dia' quebra mais um recorde e desafia reinado de 'Ultimato' nas bilheterias #SpiderManBrandNewDay https://oficialthegeek.wordpress.com/2026/08/01/homem-aranha-um-novo-dia-quebra-mais-um-recorde-e-desafia-reinado-de-ultimato-nas-bilheterias/?utm_source=mastodon&utm_medium=jetpack_social,0,https://mastodon.social/@TheGeekOficial/117021367356919776,post,#SpiderManBrandNewDay
2026-08-01T16:31:18Z,Mastodon,movizark@mastodon.world,"'Spider-Man: Brand New Day' is as a thrilling, heartfelt action-driven blockbuster that proves the MCU still has heart worth fighting for. #JacobBatalon, #JonBernthal, #LizaColonZayas, #MarkRuffalo, #Marvel, #MichaelMando, #SadieSink, #Sony, #SpiderMan4, #SpiderManBrandNewDay, #TomHolland, #TramellTillman, #Zendaya",0,https://mastodon.world/@movizark/117021204735865623,post,#SpiderManBrandNewDay
2026-08-01T16:20:05Z,Mastodon,hollywoodreporter,Did Zendaya Just Troll the Internet With Her ‘Spider-Man: Brand New Day’ Press Tour Looks? #MovieNews #Movies #Fashion #LawRoach #SpiderManBrandNewDay #Style #Zendaya https://www.hollywoodreporter.com/movies/movie-news/zendaya-trolls-internet-spider-man-brand-new-day-looks-1236658581/,1,https://mastodon.social/@hollywoodreporter/117021160612936745,post,#SpiderManBrandNewDay
2026-08-01T16:00:09Z,Mastodon,variety_feed,Box Office: ‘Spider-Man: Brand New Day’ Breaks Opening Day Record With $168 Million #Variety #News #SpiderManBrandNewDay #TomHolland https://variety.com/2026/film/news/box-office-spider-man-brand-new-day-opening-day-record-1236825606/,1,https://mastodon.social/@variety_feed/117021082215904790,post,#SpiderManBrandNewDay
2026-08-01T15:39:55Z,Mastodon,el7arte,"#SpiderManBrandNewDay suma más de $470M en sus tres primeros días en los cines de todo el mundo. Ya es la octava película más taquillera del año. El domingo superará a #LaOdisea como la cuarta, y el martes se convertirá en la nº 64 en superar los $1.000M https://www.elseptimoarte.net/noticias/criticas/spider-man-brand-new-day-que-hay-de-nuevo-viejo-53296.html",0,https://mastodon.social/@el7arte/117021002671334349,post,#SpiderManBrandNewDay
2026-08-01T15:32:21Z,Mastodon,stripeboy@mastodon.hk,I didn’t get around to seeing the latest Spider-Man movie. I feel like a bit of a letdown. 未有時間去看蜘蛛俠電影。我是「失敗的人」。 #SpiderManBrandNewDay #蜘蛛俠 #英雄重生,0,https://mastodon.hk/@stripeboy/117020972904213099,post,#SpiderManBrandNewDay
2026-08-01T15:30:06Z,Mastodon,hollywoodreporter,‘Spider-Man: Brand New Day’ Leaps to Record $168M First Day for Historic Opening Weekend #MovieNews #Movies #AvengersEndgame #Boxoffice #DestinDanielCretton #JacobBatalon #JonBernthal #MarkRuffalo #MarvelStudios #SadieSink #SonyPictures #SpiderMan #SpiderManBrandNewDay #SpiderManNoWayHome #TomHolland #Zendaya https://www.hollywoodreporter.com/movies/movie-news/spider-man-brand-new-day-opening-weekend-box-office-friday-1236661359/,0,https://mastodon.social/@hollywoodreporter/117020964037339082,post,#SpiderManBrandNewDay
2026-08-01T15:15:46Z,Mastodon,el7arte,"#SpiderManBrandNewDay ha recaudado $168M en su primer día en 4.487 cines de Estados Unidos (incluyendo las previas del jueves). De esta manera ha superado los $157,46M de 'Vengadores: Endgame' como el mejor día de estreno de la historia https://www.elseptimoarte.net/noticias/criticas/spider-man-brand-new-day-que-hay-de-nuevo-viejo-53296.html",1,https://mastodon.social/@el7arte/117020907673489667,post,#SpiderManBrandNewDay
2026-08-01T15:12:11Z,Mastodon,tigerclaw305,About to see SpiderMan: Brand New Day. #SpiderManBrandNewDay,0,https://mastodon.social/@tigerclaw305/117020893640636033,post,#SpiderManBrandNewDay
2026-08-01T15:11:30Z,Mastodon,NYCKNP@socel.net,Arrived for #SpiderManBrandNewDay,0,https://socel.net/@NYCKNP/117020890952238366,post,#SpiderManBrandNewDay
2026-08-01T15:11:18Z,Mastodon,indiegenius,Movie TV Tech Geeks #MovieNews #SpiderManBrandNewDay ‘Spider-Man: Brand New Day’ Swings Past ‘Avengers: Endgame’ in Monster Box Office Debut http://dlvr.it/TTpcnN,0,https://mastodon.social/@indiegenius/117020890139872893,post,#SpiderManBrandNewDay
2026-08-01T14:55:04Z,Mastodon,deadline,"‘Spider-Man: Brand New Day’ Sets All-Time First-Day High With $168M U.S., Could Beat ‘Avengers: Endgame’ $357M Weekend Record – Saturday AM Box Office Update #News #Sony #SpiderManBrandNewDay #TheOdyssey https://deadline.com/2026/08/box-office-spider-man-brand-new-day-1237014268/",0,https://mastodon.social/@deadline/117020826313000787,post,#SpiderManBrandNewDay
2026-08-01T14:34:20Z,Mastodon,phantastiknews,Soundtrack Tipp 🎹 Spider-Man: Brand New Day (Original Motion Picture #Soundtrack #FullAlbum - #MichaelGiacchino #spiderManBrandNewDay #spiderMan https://youtu.be/MhiHctbz0aQ?is=K7QNHH6ItgpTxjQo,0,https://mastodon.social/@phantastiknews/117020744757250690,post,#SpiderManBrandNewDay
2026-08-01T14:24:41Z,Mastodon,phantastiknews,"YouTube Tipp ▶️ #JacobBatalon Talks #SpiderManBrandNewDay, #Zendaya & #TomHolland, Pokemon, the MCU and Ned Leeds https://youtu.be/Y1wtxC7xY_4?is=Se8dkohJmPrXgahUNed",0,https://mastodon.social/@phantastiknews/117020706828055939,post,#SpiderManBrandNewDay
2026-08-01T14:03:15Z,Mastodon,johnhood,Spider-Man: Brand New Day https://www.generationstarwars.com/2026/08/spider-man-brand-new-day.html #SpiderMan #SpiderManBrandNewDay #Blog,5,https://mastodon.social/@johnhood/117020622582932943,post,#SpiderManBrandNewDay
2026-08-01T13:01:17Z,Mastodon,f1bot@mastodon.jeckyll.net,BMW M Motorsport (@BMWMotorsport): Swipe carefully. The Spider-Man: Brand New Day-inspired BMW M Hybrid V8 just keeps getting better with every photo. 🕷️ See #SpiderManBrandNewDay exclusively in cinemas now. 🎬 https://t.co/dtH624KUT6 #F1 #F1bot #F1FEN https://x.com/BMWMotorsport/status/2083538267480158578,0,https://mastodon.jeckyll.net/@f1bot/117020378911140194,post,#SpiderManBrandNewDay
2026-08-01T12:21:29Z,Mastodon,indiegenius,Movie TV Tech Geeks #MovieFeatures #SpiderManBrandNewDay #MCU #XMen Marvel's X-Men Casting Just Set Up the Perfect Rivalry After 'Spider-Man: Brand New Day' http://dlvr.it/TTpWKP,0,https://mastodon.social/@indiegenius/117020222407702002,post,#SpiderManBrandNewDay
2026-08-01T11:48:53Z,Mastodon,TPKritik@troet.cafe,"Neue Kritiken sind eingetroffen zum kommenden #Kino-Start der bemühten Liebeskomödie YOU, ME & ITALY sowie dem bereits gestarteten #SpiderManBrandNewDay: http://treffpunkt-kritik.de/ 🍿📽️",0,https://troet.cafe/@TPKritik/117020094197970553,post,#SpiderManBrandNewDay
2026-08-01T10:37:37Z,Mastodon,xenionx.bsky.social@bsky.brid.gy,#NowWatching #SpidermanBrandNewDay 📽️,0,https://fed.brid.gy/r/https://bsky.app/profile/did:plc:zs7ipxozo7uk44alreempiiy/post/3mrzbmgkkzs2l,post,#SpiderManBrandNewDay
2026-08-01T10:00:06Z,Mastodon,TPKritik@troet.cafe,"In #SpiderManBrandNewDay ist der Titel gebende Held lange Zeit auf sich allein gestellt und sieht sich mit einem übermächtigen Gegner gegenüber. Inhaltlich spürbar überfrachtet, funktionieren die Momente mit den Figuren und ein starker dritter Akt. Unsere Kritik: https://www.treffpunkt-kritik.de/spider-man-brand-new-day-2026/",0,https://troet.cafe/@TPKritik/117019666450391698,post,#SpiderManBrandNewDay
2026-08-01T08:31:06Z,Mastodon,in.mashable.com@web.brid.gy,Who Is Jean Grey? Why the X-Men Mutant Is Trending After Spider-Man: Brand New Day https://fed.brid.gy/r/https://in.mashable.com/entertainment/112403/who-is-jean-grey-why-the-x-men-mutant-is-trending-after-spider-man-brand-new-day,0,https://fed.brid.gy/r/https://in.mashable.com/entertainment/112403/who-is-jean-grey-why-the-x-men-mutant-is-trending-after-spider-man-brand-new-day,post,#SpiderManBrandNewDay
2026-08-01T08:26:19Z,Mastodon,PhilEdwards,Spider-Man: Brand New Day is Spinning Something Special. Read the review here https://bit.ly/4pVNe6q by @Contrarah #spidermanbrandnewday #spiderman #film #comic #marvel #ThePunisher #Hulk #TomHolland #zendaya #SadieSink #JonBernthal #review #Marvel #MCU,2,https://mastodon.social/@PhilEdwards/117019297654702816,post,#SpiderManBrandNewDay
2026-08-01T06:51:00Z,Mastodon,perfettamentechic.com@perfettamentechic.com,"Spider-Man Day (noto anche come Global Spider-Man Day) “Da grandi poteri derivano grandi responsabilità.” È probabilmente una delle frasi più celebri della cultura pop, e anche chi non ha mai letto un fumetto Marvel la conosce a memoria. Ma sapevate che esiste una giornata interamente dedicata al supereroe più amato di New York? Ogni anno, il 1° agosto, milioni di fan celebrano lo Spider-Man Day, conosciuto anche come Global Spider-Man Day, una ricorrenza che rende omaggio al simpatico ragazzo di quartiere capace di arrampicarsi sui muri, lanciare ragnatele e… arrivare sempre in ritardo agli appuntamenti con Mary Jane! Scopriamo insieme la storia di questa giornata, perché si festeggia proprio il 1° agosto e tante curiosità che forse nemmeno i fan più accaniti conoscono. Che cos’è lo Spider-Man Day? Lo Spider-Man Day è una giornata internazionale non ufficiale dedicata al celebre supereroe della Marvel, creato da Stan Lee e Steve Ditko. Non si tratta di una festività riconosciuta da go",0,https://perfettamentechic.com/2026/08/01/spider-man-day-noto-anche-come-global-spider-man-day/,post,#SpiderManBrandNewDay
2026-08-01T06:16:07Z,Mastodon,held_des_chaos,Heutiges Abendprogramm. #spidermanbrandnewday #movie #heldenchaos,1,https://mastodon.social/@held_des_chaos/117018785687244167,post,#SpiderManBrandNewDay
2026-08-01T05:39:01Z,Mastodon,Mathrubhumi_English,A quiet moment at the end of Spider-Man: Brand New Day has sparked one of the MCU's biggest fan theories. Did Ned really remember Peter Parker and what could it mean for MJ? https://english.mathrubhumi.com/movies-music/news/did-spider-man-brand-new-day-just-reveal-ned-remembers-peter-the-ending-twist-explained-jxidy5jv?utm_source=dlvr.it&utm_medium=mastodon #SpiderManBrandNewDay #SpiderMan #PeterParker #NedLeeds #Marvel,0,https://mastodon.social/@Mathrubhumi_English/117018639834863216,post,#SpiderManBrandNewDay
2026-08-01T04:23:28Z,Mastodon,Mathrubhumi_English,"The ending of Spider-Man: Brand New Day raises major questions about Tom Holland's Spider-Man. Here's what the post-credits scene could mean for Avengers: Doomsday, Secret Wars, Jean Grey, Ned and the future of the MCU. https://english.mathrubhumi.com/movies-music/news/spider-man-brand-new-day-ending-explained-tom-holland-zendaya-latest-movie-pjbaecm0?utm_source=dlvr.it&utm_medium=mastodon #SpiderManBrandNewDay #Marvel #AvengersDoomsday #PostCreditsScene",0,https://mastodon.social/@Mathrubhumi_English/117018342746000195,post,#SpiderManBrandNewDay
2026-08-01T01:35:03Z,Mastodon,deadline,"‘Spider-Man: Brand New Day’ Is X’s Latest Bootleg Leak, Gets Millions Of Views Before Taken Down #News #SpiderManBrandNewDay #Twitter https://deadline.com/2026/07/spider-man-brand-new-day-x-latest-bootleg-leak-1237015116/",0,https://mastodon.social/@deadline/117017680524035081,post,#SpiderManBrandNewDay
2026-08-01T00:57:37Z,Mastodon,indiegenius,Movie TV Tech Geeks #Movie #Superhero #SpiderManBrandNewDay #Superman 6 Best Superhero Movies Released Since 2010 http://dlvr.it/TTpBnH,0,https://mastodon.social/@indiegenius/117017533344601010,post,#SpiderManBrandNewDay
2026-08-01T00:36:36Z,Mastodon,cstephens2,"Definite recommend on this film. Even if you're not familiar with the back story, they tell you what you need to know. #Spiderman #SpidermanBrandNewDay #MovieReviews #FilmReviews 3/3",0,https://mastodon.social/@cstephens2/117017450676307302,post,#SpiderManBrandNewDay
2026-08-01T00:35:05Z,Mastodon,deadline,All The Songs In ‘Spider-Man: Brand New Day’: From Tame Impala To Steve Lacy #News #BadBunny #Marvel #SpiderManBrandNewDay #SteveLacy https://deadline.com/2026/07/spider-man-brand-new-day-soundtrack-songs-1237015094/,0,https://mastodon.social/@deadline/117017444729637887,post,#SpiderManBrandNewDay
2026-08-01T00:33:43Z,Mastodon,cstephens2,"I saw #SpidermanBrandNewDay #Spiderman last night, and I really enjoyed it. I loved where the story went, and the acting by the ensemble cast was terrific. Yeah, it's a ""superhero"" movie with all the action that implies, but there's a definite heart to the film, conveyed very well by Tom Holland. And I loved that Zendaya got her chances to really shine. I was also very happy to see #LizaColonZayas, who I didn't know was in this film. #FilmReviews #MovieReviews 1/3",1,https://mastodon.social/@cstephens2/117017439338878653,post,#SpiderManBrandNewDay
2026-08-01T00:25:44Z,Mastodon,lfrum,"Really enjoyed #SpiderManBrandNewDay quite a bit. Intense action scenes, lots of emotion, a few ""WHAAAA???"" moments, and the end credits scene was perfect for what's to come.",1,https://mastodon.social/@lfrum/117017407937215976,post,#SpiderManBrandNewDay
2026-07-31T23:50:04Z,Mastodon,variety_feed,‘Spider-Man: Brand New Day’ Leaks Online: Millions Watched Bootleg Before It Was Taken Down #Variety #News #SpiderMan #SpiderManBrandNewDay https://variety.com/2026/film/news/spider-man-brand-new-day-leaked-high-quality-1236825389/,1,https://mastodon.social/@variety_feed/117017267666805729,post,#SpiderManBrandNewDay
2026-07-31T23:47:48Z,Mastodon,variety.com@web.brid.gy,‘Spider-Man: Brand New Day’ Leaks Online: Millions Watched Bootleg Before It Was Taken Down https://fed.brid.gy/r/https://variety.com/2026/film/news/spider-man-brand-new-day-leaked-high-quality-1236825389/,1,https://fed.brid.gy/r/https://variety.com/2026/film/news/spider-man-brand-new-day-leaked-high-quality-1236825389/,post,#SpiderManBrandNewDay
2026-07-31T23:32:22Z,Mastodon,3DOR2D,Spider-Man Brand New Day is now out! #brandnewday #spidermanbrandnewday #spidermanbrandnewday3d #3dor2d #spidermanbnd How is the 3D aspect ? How is the movie? Our review will tell you all about it. Our review link is below: www.3dor2d.com/reviews/spider-man-brand-new-day-3d-movie-review,0,https://mastodon.social/@3DOR2D/117017198132312033,post,#SpiderManBrandNewDay
2026-07-31T23:23:16Z,Mastodon,MLB@sportsbots.xyz,"Jacob Batalon, the CEO of … the first pitch! ⚾️🤣 The 'Spider-Man: Brand New Day' star threw out the first pitch before the Mets game! 🕷️ #SpiderManBrandNewDay #SpiderMan",0,https://twitter.com/MLB/status/2083332697556975631,post,#SpiderManBrandNewDay
2026-07-31T23:04:16Z,Mastodon,indiegenius,Movie TV Tech Geeks #MovieFeatures #SpiderManBrandNewDay #Venom Spider-Man: Brand New Day' Just Dropped the First Major 'Avengers: Secret Wars' Clue http://dlvr.it/TTp8xm,0,https://mastodon.social/@indiegenius/117017087574200012,post,#SpiderManBrandNewDay
2026-07-31T23:00:22Z,Mastodon,rodhilton,I really don't know what else people could have wanted from a Spider-Man movie #Movies #SpiderManBrandNewDay https://letterboxd.com/rodhilton/film/spider-man-brand-new-day/,3,https://mastodon.social/@rodhilton/117017072278474129,post,#SpiderManBrandNewDay
2026-07-31T22:35:03Z,Mastodon,indiewire,"For Rising Stars, Good Taste Comes at a Cost — Superhero Films Are Just One Way to Satiate It #IndieWire #Awards #Industry #Film #MarvelCinematicUniverse #Oscars #SpiderManBrandNewDay https://www.indiewire.com/awards/industry/superhero-films-brand-deals-bankable-awards-contenders-1235208021/",0,https://mastodon.social/@indiewire/117016972690577294,post,#SpiderManBrandNewDay
2026-07-31T22:30:00Z,Mastodon,indiewire.com@web.brid.gy,"For Rising Stars, Good Taste Comes at a Cost — Superhero Films Are Just One Way to Satiate It https://fed.brid.gy/r/https://www.indiewire.com/awards/industry/superhero-films-brand-deals-bankable-awards-contenders-1235208021/",0,https://fed.brid.gy/r/https://www.indiewire.com/awards/industry/superhero-films-brand-deals-bankable-awards-contenders-1235208021/,post,#SpiderManBrandNewDay
2026-07-31T22:07:54Z,Mastodon,indiegenius,Movie TV Tech Geeks #Movie #SpiderManBrandNewDay #SpiderMan 21 ‘Spider-Man: Brand New Day’ Moments With Bigger Marvel Connections http://dlvr.it/TTp7nx,0,https://mastodon.social/@indiegenius/117016865944967341,post,#SpiderManBrandNewDay
2026-07-31T21:50:04Z,Mastodon,deadline,‘Spider-Man: Brand New Day’ Post-Credit Scene Explained: What’s Next For Tom Holland’s Peter Parker? #News #Marvel #MarvelCinematicUniverse #SpiderManBrandNewDay #TomHolland https://deadline.com/feature/spider-man-brand-new-day-post-credit-scene-explained-return-1237014884/,0,https://mastodon.social/@deadline/117016795839528206,post,#SpiderManBrandNewDay
2026-07-31T21:46:53Z,Mastodon,comingsoon.net@web.brid.gy,Spider-Man: The 1 Thing to Know Before Watching Brand New Day https://fed.brid.gy/r/https://www.comingsoon.net/movies/features/2170246-spider-man-the-1-thing-to-know-before-watching-brand-new-day,1,https://fed.brid.gy/r/https://www.comingsoon.net/movies/features/2170246-spider-man-the-1-thing-to-know-before-watching-brand-new-day,post,#SpiderManBrandNewDay
2026-07-31T21:45:46Z,Mastodon,geekboyeric.bsky.social@bsky.brid.gy,"A big joy for an old Marvel fan like me watching #Spider-ManBrandNewDay is that it’s a fantastic live-action version of an oversized issue of Marvel Team-Up. Those comics kept Peter front and center, but captured the fun of a big shared universe. *DON’T scroll to the last pic if you’re Spoiler wary*",1,https://bsky.brid.gy/r/https://bsky.app/profile/did:plc:4dtgp35fuly2yidz5z47wmci/post/3mrxwibmfo22v,post,#SpiderManBrandNewDay
2026-07-31T21:14:12Z,Mastodon,el7arte,#SpiderManBrandNewDay obtiene un #CinemaScore de A https://www.elseptimoarte.net/noticias/criticas/spider-man-brand-new-day-que-hay-de-nuevo-viejo-53296.html,0,https://mastodon.social/@el7arte/117016654785623655,post,#SpiderManBrandNewDay
2026-07-31T21:10:24Z,Mastodon,comingsoon.net@web.brid.gy,Spider-Man 4 Has MCU Fans Complaining About Unsolved Peter Parker Mystery https://fed.brid.gy/r/https://www.comingsoon.net/movies/news/2170197-spider-man-4-mcu-fans-complaining-peter-parker-mystery,0,https://fed.brid.gy/r/https://www.comingsoon.net/movies/news/2170197-spider-man-4-mcu-fans-complaining-peter-parker-mystery,post,#SpiderManBrandNewDay
2026-07-31T20:23:08Z,Mastodon,garcwrites,"I never realized how much I'd missed seeing Spider-Man simply... being in New York. #SpiderManBrandNewDay reminded me why the Friendly Neighborhood Spider-Man works so well, and somehow managed to make me cry twice. #TomHolland #SpiderMan #Marvel #MCU #MovieReview My full spoiler-free review ⬇️ http://wornoutspines.com/2026/07/31/spider-man-brand-new-day-movie-review/",5,https://mastodon.social/@garcwrites/117016454029564897,post,#SpiderManBrandNewDay
2026-07-31T20:20:33Z,Mastodon,AtlantaFilmCriticsCircle@defcon.social,"AFCC member Jonathan HIckman reviews #SpiderManBrandNewDay saying ""With this ninth live-action adaptation of the iconic comic book, we get an intimate and remarkably moving story of personal loss"" https://www.times-herald.com/arts_and_community/reviews/spider-man-brand-new-day/article_c8622347-0f37-48d3-991c-ecf5885e0be4.html #AFCC #MovieReview #ForTheLoveOfMovies",1,https://defcon.social/@AtlantaFilmCriticsCircle/117016443868151895,post,#SpiderManBrandNewDay
2026-07-31T20:03:28Z,Mastodon,paulsemel@pixelfed.social,"While I missed Peter and Ned being, well, Peter & Ned, and Peter and M.J. being, uh, Peter💕M.J., #SpiderManBrandNewDay was still spectacular. Everybody was good, especiallyPeter, Ned, and M.J., though also The Punisher and Sadie Sink as ah fuck I'm running out of... 📽️🕸️",0,https://pixelfed.social/p/paulsemel/988896960895033752,post,#SpiderManBrandNewDay
2026-07-31T20:03:15Z,Mastodon,paulsemel,"While I missed Peter and Ned being, well, Peter & Ned, and Peter and M.J. being, uh, Peter💕M.J., #SpiderManBrandNewDay was still spectacular. Everybody was good, especiallyPeter, Ned, and M.J., though also The Punisher and Sadie Sink as ah fuck I'm running out of... 📽️🕸️",0,https://mastodon.social/@paulsemel/117016375816454397,post,#SpiderManBrandNewDay
2026-07-31T20:02:15Z,Mastodon,f1bot@mastodon.jeckyll.net,"BMW M Motorsport (@BMWMotorsport): No, you didn't dream it. The Spider-Man: Brand New Day-themed BMW M Hybrid V8 is real. And somehow it looks even better on track. 🕸️ See #SpiderManBrandNewDay exclusively in cinemas now. 🎬 https://t.co/SOH8IJOK2G #F1 #F1bot #F1FEN https://x.com/BMWMotorsport/status/2083281869416591447",0,https://mastodon.jeckyll.net/@f1bot/117016371906086539,post,#SpiderManBrandNewDay
2026-07-31T19:31:45Z,Mastodon,comingsoon.net@web.brid.gy,Sadie Sink’s Spider-Man: Brand New Day Casting Has X-Men Fans Dreaming Big https://fed.brid.gy/r/https://www.comingsoon.net/movies/news/2170119-sadie-sink-jean-grey-spider-man-brand-new-day,1,https://fed.brid.gy/r/https://www.comingsoon.net/movies/news/2170119-sadie-sink-jean-grey-spider-man-brand-new-day,post,#SpiderManBrandNewDay
2026-07-31T18:40:22Z,Mastodon,hollywoodreporter,"‘Ted Lasso’ Returns, ‘Spider-Man: Brand New Day’ Swings Into Hollywood and This Week’s Best Events #Lifestyle #LifestyleNews #Events #Lioness #SpiderManBrandNewDay #TedLasso #TheShards https://www.hollywoodreporter.com/gallery/ted-lasso-spider-man-brand-new-day-red-carpet-events-1236656695/",0,https://mastodon.social/@hollywoodreporter/117016049875322687,post,#SpiderManBrandNewDay
2026-07-31T18:06:12Z,Mastodon,f1bot@mastodon.jeckyll.net,BMW M Motorsport (@BMWMotorsport): The car was already sick. But the Spider-Man: Brand New Day-inspired suits? They're in a different league. 🕸️ See #SpiderManBrandNewDay exclusively in cinemas now. 🎬 https://t.co/QB4IjuhVaZ #F1 #F1bot #F1FEN https://x.com/BMWMotorsport/status/2083252776495100000,0,https://mastodon.jeckyll.net/@f1bot/117015915569510433,post,#SpiderManBrandNewDay
2026-07-31T18:05:10Z,Mastodon,variety_feed,"Jon Bernthal on His ‘Brotherly Dynamic’ With Tom Holland in ‘Spider-Man’ and ‘The Odyssey,’ and Why Punisher Is Peter Parker’s ‘Cautionary Tale’ #Variety #Features #JonBernthal #SpiderManBrandNewDay #TomHolland https://variety.com/2026/film/features/spider-man-brand-new-day-punisher-jon-bernthal-odyssey-1236822987/",1,https://mastodon.social/@variety_feed/117015911467137200,post,#SpiderManBrandNewDay
2026-07-31T18:00:00Z,Mastodon,variety.com@web.brid.gy,"Jon Bernthal on His ‘Brotherly Dynamic’ With Tom Holland in ‘Spider-Man’ and ‘The Odyssey,’ and Why Punisher Is Peter Parker’s ‘Cautionary Tale’ https://fed.brid.gy/r/https://variety.com/2026/film/features/spider-man-brand-new-day-punisher-jon-bernthal-odyssey-1236822987/",0,https://fed.brid.gy/r/https://variety.com/2026/film/features/spider-man-brand-new-day-punisher-jon-bernthal-odyssey-1236822987/,post,#SpiderManBrandNewDay
2026-07-31T17:53:03Z,Mastodon,comingsoon.net@web.brid.gy,Spider-Man 4’s Box Office Is Already Beating No Way Home & Avengers: Endgame in Key Way https://fed.brid.gy/r/https://www.comingsoon.net/movies/news/2170048-spider-man-4-box-office-beating-no-way-home-avengers-endgame,1,https://fed.brid.gy/r/https://www.comingsoon.net/movies/news/2170048-spider-man-4-box-office-beating-no-way-home-avengers-endgame,post,#SpiderManBrandNewDay
2026-07-31T17:35:37Z,Mastodon,comingsoon.net@web.brid.gy,Spider-Man: Brand New Day Fans Convinced MCU Movie Quietly Hides a Major Cameo https://fed.brid.gy/r/https://www.comingsoon.net/movies/news/2170040-spider-man-brand-new-day-fans-mcu-cameo,1,https://fed.brid.gy/r/https://www.comingsoon.net/movies/news/2170040-spider-man-brand-new-day-fans-mcu-cameo,post,#SpiderManBrandNewDay
2026-07-31T17:22:48Z,Mastodon,indiegenius,Movie TV Tech Geeks #MovieNews #SpiderMan #SpiderManBrandNewDay Tom Holland Officially Confirms Spider-Man Replacement http://dlvr.it/TTnzvy,0,https://mastodon.social/@indiegenius/117015744898180266,post,#SpiderManBrandNewDay
2026-07-31T17:15:05Z,Mastodon,deadline,Sadie Sink’s Role In ‘Spider-Man: Brand New Day’ Explained #News #Marvel #MarvelCinematicUniverse #SadieSink #SpiderManBrandNewDay #XMen https://deadline.com/feature/sadie-sink-jean-grey-spider-man-brand-new-day-x-men-1237014567/,0,https://mastodon.social/@deadline/117015714543324476,post,#SpiderManBrandNewDay
2026-07-31T16:45:15Z,Mastodon,RollingStoneES,Crítica: El Hombre Araña: Un nuevo día | #RollingStoneES https://es.rollingstone.com/critica-el-hombre-arana-un-nuevo-dia/ #cine #cineytv #crítica #elhombrearañaunnuevodía #marvel #reseña #sony #spidermanbrandnewday #superhéroes,0,https://mastodon.social/@RollingStoneES/117015597235021162,post,#SpiderManBrandNewDay
2026-07-31T16:23:40Z,Mastodon,comingsoon.net@web.brid.gy,Spider-Man: Brand New Day Fans Clash Over Controversial MCU Post-Credits Scene https://fed.brid.gy/r/https://www.comingsoon.net/movies/news/2170006-spider-man-brand-new-day-post-credits-fan-reactions,0,https://fed.brid.gy/r/https://www.comingsoon.net/movies/news/2170006-spider-man-brand-new-day-post-credits-fan-reactions,post,#SpiderManBrandNewDay
2026-07-31T16:04:38Z,Mastodon,movizark@mastodon.world,"Tom Holland Officially Confirms Why He Never Appeared in Sony's Spider-Man Universe!! #TomHolland, #Sony, #Marvel, #Venom, #TomHardy, #SpiderMan, #SpiderManBrandNewDay",0,https://mastodon.world/@movizark/117015437572759203,post,#SpiderManBrandNewDay
2026-07-31T15:30:24Z,Mastodon,hollywoodreporter,Hard-to-Please Frank Miller Praises ‘Spider-Man: Brand New Day’: “Fan’s Dream Come True” #MovieNews #Movies #FrankMiller #SpiderManBrandNewDay #TomHolland https://www.hollywoodreporter.com/movies/movie-news/spider-man-brand-new-day-frank-miller-review-1236660793/,0,https://mastodon.social/@hollywoodreporter/117015302905164014,post,#SpiderManBrandNewDay
2026-07-31T15:28:59Z,Mastodon,indiegenius,Movie TV Tech Geeks #MovieNews #SpiderManBrandNewDay ‘Spider-Man: Brand New Day’ Officially Defeats ‘Avengers: Endgame’ as Marvel’s Largest Opening Weekend Ever http://dlvr.it/TTnvCn,0,https://mastodon.social/@indiegenius/117015297351926784,post,#SpiderManBrandNewDay
2026-07-31T15:16:31Z,Mastodon,PuppyNOTlistening@pari.cafe,#蜘蛛侠-崭新之日 #SpiderManBrandNewDay 武士头头那个女的好像李逗逗啊。 #噗的观影时间,0,https://pari.cafe/notes/apcngg2tzo932b31,post,#SpiderManBrandNewDay
2026-07-31T15:03:23Z,Mastodon,lauralunalu@mastodon.denibol.com,Qué maravilla #SpidermanBrandNewDay. Tom Holland está más Spidey que nunca y tiene una química brutal con Zendaya (no sólo por ser su mujer) y con Jon Bernthal. Qué madurez de guion y qué presentación tan malrollera y excelente que tiene su antagonista. Y cómo se nota la inspiración en los videojuegos. #cine #Marvel,4,https://mastodon.denibol.com/@lauralunalu/117015196664968938,post,#SpiderManBrandNewDay
2026-07-31T15:00:20Z,Mastodon,hollywoodreporter,"‘Spider-Man: Brand New Day’ Delivers Record $72M in Previews, Besting ‘Avengers: Endgame’ #MovieNews #Movies #AvengersEndgame #Boxoffice #DestinDanielCretton #GreggAraki #JacobBatalon #JonBernthal #MarkRuffalo #MarvelStudios #SadieSink #SonyPictures #SpiderMan #SpiderManBrandNewDay #SpiderManNoWayHome #TheOdyssey #TomHolland #Zendaya https://www.hollywoodreporter.com/movies/movie-news/spider-man-brand-new-day-box-office-previews-opening-1236660645/",0,https://mastodon.social/@hollywoodreporter/117015184676188707,post,#SpiderManBrandNewDay
2026-07-31T15:00:06Z,Mastodon,variety_feed,"‘Spider-Man: Brand New Day’ Sets Box Office Record With $72 Million in Previews, Beating ‘Avengers: Endgame’ #Variety #BoxOffice #SpiderManBrandNewDay https://variety.com/2026/film/box-office/spider-man-brand-new-day-box-office-record-previews-1236824394/",1,https://mastodon.social/@variety_feed/117015183814771627,post,#SpiderManBrandNewDay
2026-07-31T14:55:19Z,Mastodon,variety.com@web.brid.gy,"‘Spider-Man: Brand New Day’ Sets Box Office Record With $72 Million in Previews, Beating ‘Avengers: Endgame’ https://fed.brid.gy/r/https://variety.com/2026/film/box-office/spider-man-brand-new-day-box-office-record-previews-1236824394/",0,https://fed.brid.gy/r/https://variety.com/2026/film/box-office/spider-man-brand-new-day-box-office-record-previews-1236824394/,post,#SpiderManBrandNewDay
2026-07-31T14:47:44Z,Mastodon,el7arte,"Estrenos 31/07/26 (nº cines): #SpiderManBrandNewDay = 421 #MotherMary = 114 #AtrapaElMillón = 114 #LaÚltimaRondaEnVenecia = 43 #MalaBestia = 14 PVI https://www.elseptimoarte.net/foro/index.php/topic,60482.0.html",0,https://mastodon.social/@el7arte/117015135156321480,post,#SpiderManBrandNewDay
2026-07-31T14:44:36Z,Mastodon,AustinGorton@mstdn.social,Which Amazing Spider-Man #1 cover is your favorite? #SpiderMan #SpiderManBrandNewDay #BrandNewDay #SpiderManBND https://comicon.com/2026/07/29/spider-man-week-ranking-every-amazing-spider-man-1-cover/,0,https://mstdn.social/@AustinGorton/117015122863600788,post,#SpiderManBrandNewDay
2026-07-31T14:42:35Z,Mastodon,phantastiknews,YouTube Tipp ▶️ #SpiderManBrandNewDay FINAL #BoxOffice #Predictions https://youtu.be/qgVYKZGYJ2U?is=XsCAbyNFkk7vthUj,0,https://mastodon.social/@phantastiknews/117015114920882501,post,#SpiderManBrandNewDay
2026-07-31T14:34:08Z,Mastodon,phantastiknews,YouTube Tipp ▶️ We surprised #TomHolland and #Zendaya with AMAZING Titanium Flashmob #spidermanBrandnewday #Spiderman #spiderManCountdown https://youtu.be/aMQOcbZ6Ls4?is=w3re81rcqOd8LXgJ,0,https://mastodon.social/@phantastiknews/117015081651531212,post,#SpiderManBrandNewDay
2026-07-31T14:19:33Z,Mastodon,QuirkyFilms@c.im,#BehindTheScenes #SpiderManBrandNewDay (2026) A forgotten Peter Parker lives alone as a full-time Spider-Man until mounting pressure triggers a dangerous change and a powerful new enemy emerges. #TomHolland ready for some Spidey action.,1,https://c.im/@QuirkyFilms/117015024367369749,post,#SpiderManBrandNewDay
2026-07-31T13:05:26Z,Mastodon,LadyMandona@mas.to,"let the motherforking weekend begin! 2 semanas para las vacaciones, este finde @Savior1980 tiene sesión doble de cine, hoy se va a ver #TheOdyssey con unos amigos (plan de chicos súper excluyente, pero no me molesta porque PEREZA DE PELI, y sobre todo, porque van a verla DOBLADA 🤢) y el domingo nos vamos los #FrikiMovies al completo a ver #SpidermanBrandNewDay, yayyy!!!",0,https://mas.to/@LadyMandona/117014732918126622,post,#SpiderManBrandNewDay
2026-07-31T12:58:00Z,Mastodon,comingsoon.net@web.brid.gy,Spider-Man: Brand New Day’s Jacob Batalon Gets Candid on the Viral ‘CEO of Sex’ Meme https://fed.brid.gy/r/https://www.comingsoon.net/movies/news/2169816-spider-man-brand-new-day-jacob-batalon-responds-ceo-of-sex-meme,1,https://fed.brid.gy/r/https://www.comingsoon.net/movies/news/2169816-spider-man-brand-new-day-jacob-batalon-responds-ceo-of-sex-meme,post,#SpiderManBrandNewDay
2026-07-31T12:01:53Z,Mastodon,nukehavoc@dice.camp,"Saw #SpidermanBrandNewDay yesterday and loved it. And I loved it all the more for spoilery reasons I won't go into now. But if you know me, and you've seen the movie, well ... then you know. #MakeMineMarvel",0,https://dice.camp/@nukehavoc/117014483024826721,post,#SpiderManBrandNewDay
2026-07-31T11:15:00Z,Mastodon,comingsoon.net@web.brid.gy,Viral Arkansas Spider-Man Invited to Brand New Day Premiere After Helping a Man on Wheelchair https://fed.brid.gy/r/https://www.comingsoon.net/movies/news/2169886-spider-man-brand-new-day-arkansas-real-life-hero,1,https://fed.brid.gy/r/https://www.comingsoon.net/movies/news/2169886-spider-man-brand-new-day-arkansas-real-life-hero,post,#SpiderManBrandNewDay
2026-07-31T11:13:03Z,Mastodon,el7arte,"Récord el miércoles... y récord el jueves, con más de €2,2M. #SpiderManBrandNewDay encadena el mejor día de estreno y el mejor jueves de la historia del cine en España para sumar más de €5,5M en tan sólo dos días https://www.elseptimoarte.net/noticias/criticas/spider-man-brand-new-day-que-hay-de-nuevo-viejo-53296.html",0,https://mastodon.social/@el7arte/117014290987563203,post,#SpiderManBrandNewDay
2026-07-31T11:05:00Z,Mastodon,comingsoon.net@web.brid.gy,Spider-Man: Brand New Day’s CinemaScore Is Lower Than No Way Home https://fed.brid.gy/r/https://www.comingsoon.net/movies/news/2169844-spider-man-brand-new-day-cinemascore-no-way-home,1,https://fed.brid.gy/r/https://www.comingsoon.net/movies/news/2169844-spider-man-brand-new-day-cinemascore-no-way-home,post,#SpiderManBrandNewDay
2026-07-31T11:00:00Z,Mastodon,fumettologica.it@web.brid.gy,La scena dei titoli di coda di Spider-Man: Brand New Day https://fed.brid.gy/r/https://fumettologica.it/2026/07/spider-man-brand-new-day-scena-titoli-di-coda-film-marvel/,0,https://fed.brid.gy/r/https://fumettologica.it/2026/07/spider-man-brand-new-day-scena-titoli-di-coda-film-marvel/,post,#SpiderManBrandNewDay
2026-07-31T10:49:51Z,Mastodon,Kraken17,Pensando en como Bruce Banner/Hulk en #SpiderManBrandNewDay está básicamente ocupando el nicho de Curt Connors/Lagarto.,1,https://mastodon.social/@Kraken17/117014199740911023,post,#SpiderManBrandNewDay
2026-07-31T09:42:53Z,Mastodon,in.mashable.com@web.brid.gy,Spider-Man: Brand New Day Review—A Peter-First Film That Redefines the MCU https://fed.brid.gy/r/https://in.mashable.com/entertainment/112380/spider-man-brand-new-day-review-a-peter-first-film-that-redefines-the-mcu,0,https://fed.brid.gy/r/https://in.mashable.com/entertainment/112380/spider-man-brand-new-day-review-a-peter-first-film-that-redefines-the-mcu,post,#SpiderManBrandNewDay
2026-07-31T09:03:39Z,Mastodon,davidmarantz,"Spider-Man: Brand New Day Directed by Dustin Daniel Cretton; starring Tom Holland, Jon Bernthal, Sadie Sink, Zendaya; written by Chris McKenna, Erik Sommers (2h25m) Peter Parker still struggles with being forgotten while a new foe emerges. The movie hits a comfortable middle ground. On the plus side: skillful cast, clear actions sequences, iconic fights. But it's just a long setup for the MCU’s next big and long-awaited new protagonists. Rating: B- #SpiderManBrandNewDay #MovieReview #Movies",0,https://mastodon.social/@davidmarantz/117013782142154369,post,#SpiderManBrandNewDay
2026-07-31T08:41:24Z,Mastodon,el7arte,"Deadline adelanta que #SpiderManBrandNewDay ha recaudado al menos $50M en las previas del jueves noche en Estados Unidos, mientras que Borys_Kit (de THR) eleva la cifra por encima de los $70M... destrozando así el récord de $60M de 'Vengadores: Endgame' https://www.elseptimoarte.net/noticias/criticas/spider-man-brand-new-day-que-hay-de-nuevo-viejo-53296.html",0,https://mastodon.social/@el7arte/117013694702419750,post,#SpiderManBrandNewDay
2026-07-31T06:11:01Z,Mastodon,in.mashable.com@web.brid.gy,Spider-Man: Brand New Day Star Jacob Batalon Marries Veronica Leahov: Know Their Career & Net Worth https://fed.brid.gy/r/https://in.mashable.com/entertainment/112374/spider-man-brand-new-day-star-jacob-batalon-marries-veronica-leahov-know-their-career-net-worth,0,https://fed.brid.gy/r/https://in.mashable.com/entertainment/112374/spider-man-brand-new-day-star-jacob-batalon-marries-veronica-leahov-know-their-career-net-worth,post,#SpiderManBrandNewDay
2026-07-31T05:42:01Z,Mastodon,phantastiknews,YouTube Tipp ▶️ #Spoiler #SpiderMan 4: #Ende & #PostCredit Scene erklärt | Wie wichtig wird #Spidey für #Doomsday #spidermanbrandnewday https://youtu.be/H-8RhbuMt94?is=6-PqoAtzelXycury,1,https://mastodon.social/@phantastiknews/117012989341723545,post,#SpiderManBrandNewDay
2026-07-31T05:33:42Z,Mastodon,comingsoon.net@web.brid.gy,Why Fans Think Peter Parker Just Created the Mutant Inhibitor Collar in Spider-Man 4 https://fed.brid.gy/r/https://www.comingsoon.net/guides/news/2169786-spider-man-brand-new-day-mutant-inhibitor-collar,1,https://fed.brid.gy/r/https://www.comingsoon.net/guides/news/2169786-spider-man-brand-new-day-mutant-inhibitor-collar,post,#SpiderManBrandNewDay
2026-07-31T05:30:20Z,Mastodon,martincidmag,Spider-Man: Brand New Day Looks Like Tom Holland’s Comeback. It Plays Like a Farewell https://www.martincid.com/movies/spider-man-brand-new-day-tom-holland-farewell/ #SuperheroMovies #SpiderManBrandNewDay #Marvel,0,https://mastodon.social/@martincidmag/117012943378155354,post,#SpiderManBrandNewDay
2026-07-31T05:11:30Z,Mastodon,phantastiknews,YouTube Tipp ▶️ #Zendaya and #TomHolland: The Puppy Interview #SpiderManCountdown #spidermanbrandnewday https://youtu.be/z_k1UGy4-qU?is=XFfYsLT7ohdRD_3a,0,https://mastodon.social/@phantastiknews/117012869294286746,post,#SpiderManBrandNewDay
2026-07-31T05:10:06Z,Mastodon,deadline,‘Spider-Man: Brand New Day’ Besting ‘No Way Home’s $50M U.S. Previews – Thursday PM Box Office #News #Sony #SpiderManBrandNewDay https://deadline.com/2026/07/box-office-spider-man-brand-new-day-1237014268/,0,https://mastodon.social/@deadline/117012863811375320,post,#SpiderManBrandNewDay
2026-07-31T05:06:28Z,Mastodon,comingsoon.net@web.brid.gy,When Will Spider-Man: Brand New Day Get Its Digital & Streaming Release Date? https://fed.brid.gy/r/https://www.comingsoon.net/guides/news/2169758-spider-man-brand-new-day-digital-release-date-streaming-netflix,1,https://fed.brid.gy/r/https://www.comingsoon.net/guides/news/2169758-spider-man-brand-new-day-digital-release-date-streaming-netflix,post,#SpiderManBrandNewDay
2026-07-31T05:05:04Z,Mastodon,hollywoodreporter,Sadie Sink’s Secret Role in ‘Spider-Man: Brand New Day’ Finally Revealed #MovieNews #Movies #Marvel #MarvelCinematicUniverse #SadieSink #SpiderManBrandNewDay #TomHolland https://www.hollywoodreporter.com/movies/movie-news/sadie-sinks-spider-man-brand-new-day-role-revealed-1236654621/,0,https://mastodon.social/@hollywoodreporter/117012844014723235,post,#SpiderManBrandNewDay
2026-07-31T04:59:41Z,Mastodon,noescinetodo@mastodon.world,"Hoy es el día que llegan los estrenos de cine de la semana, entre los que nos decantamos por #SpiderManBrandNewDay como película de la semana. Os dejamos con el video avance de todos los estrenos: https://noescinetodoloquereluce.com/2026/07/video-avance-estrenos-cine-31-julio-2026.html",0,https://mastodon.world/@noescinetodo/117012822829800685,post,#SpiderManBrandNewDay
2026-07-31T04:06:50Z,Mastodon,indiegenius,Movie TV Tech Geeks #MovieFeatures #SpiderManBrandNewDay #TomHolland 'Spider-Man: Brand New Day' Ending Explained http://dlvr.it/TTnQWw,0,https://mastodon.social/@indiegenius/117012615028731910,post,#SpiderManBrandNewDay
2026-07-31T03:51:58Z,Mastodon,lukesawhook@sportsbots.xyz,I have seen #SpiderManBrandNewDay The Spidy-GOAT Debate IS OVER Tom Holland is MY SPIDER-MAN,0,https://twitter.com/lukesawhook/status/2083037929429954990,post,#SpiderManBrandNewDay
2026-07-31T03:50:00Z,Mastodon,lukesawhook@sportsbots.xyz,"I love #SpidermanBrandNewDay I can’t even begin to count how many times I said out loud “that was so cool” This movie absolutely rules. Tom Holland acted his ass off, and I can whole heartedly say this felt like a love letter to the character Spider-Man itself. TOP TIER MARVEL MOVIE",0,https://twitter.com/lukesawhook/status/2083037438436417853,post,#SpiderManBrandNewDay
2026-07-31T03:47:00Z,Mastodon,RidersBlock@c.im,#SpiderManBrandNewDay #Letterboxd,1,https://c.im/@RidersBlock/117012537069966112,post,#SpiderManBrandNewDay
2026-07-31T03:05:03Z,Mastodon,variety_feed,‘Spider-Man: Brand New Day’ Credits Scene Explained: Will Tom Holland Return in ‘Avengers: Doomsday’ or ‘Secret Wars’? #Variety #News #AvengersDoomsday #SpiderManBrandNewDay #TomHolland https://variety.com/2026/film/news/spider-man-brand-new-day-credits-avengers-doomsday-secret-wars-1236821075/,1,https://mastodon.social/@variety_feed/117012372111625889,post,#SpiderManBrandNewDay
2026-07-31T03:00:00Z,Mastodon,variety.com@web.brid.gy,‘Spider-Man: Brand New Day’ Credits Scene Explained: Will Tom Holland Return in ‘Avengers: Doomsday’ or ‘Secret Wars’? https://fed.brid.gy/r/https://variety.com/2026/film/news/spider-man-brand-new-day-credits-avengers-doomsday-secret-wars-1236821075/,0,https://fed.brid.gy/r/https://variety.com/2026/film/news/spider-man-brand-new-day-credits-avengers-doomsday-secret-wars-1236821075/,post,#SpiderManBrandNewDay
2026-07-31T02:27:07Z,Mastodon,nickfoster56.bsky.social@bsky.brid.gy,Daaaaaang 10/10 for #SpiderManBrandNewDay 😍🕷️,0,https://fed.brid.gy/r/https://bsky.app/profile/did:plc:vdodgktw2w7fhck75h2kibug/post/3mrvvqhrur72m,post,#SpiderManBrandNewDay
2026-07-31T02:23:11Z,Mastodon,njf@social.lol,Daaaaaang 10/10 for #SpiderManBrandNewDay 😍🕷️,0,https://social.lol/@njf/117012207446861870,post,#SpiderManBrandNewDay
2026-07-31T01:58:21Z,Mastodon,lapatilla.com@web.brid.gy,La inesperada confesión de Tom Holland sobre el futuro de Spider-Man https://fed.brid.gy/r/https://lapatilla.com/2026/07/30/la-inesperada-confesion-de-tom-holland-sobre-el-futuro-de-spider-man/,0,https://fed.brid.gy/r/https://lapatilla.com/2026/07/30/la-inesperada-confesion-de-tom-holland-sobre-el-futuro-de-spider-man/,post,#SpiderManBrandNewDay
2026-07-31T00:59:19Z,Mastodon,theluckiest,Spider-Man: Brand New Day (2026) ★★★☆☆☆☆☆☆☆ https://trakt.tv/comments/1008542 #SpiderManBrandNewDay #trakt,0,https://mastodon.social/@theluckiest/117011877672967749,post,#SpiderManBrandNewDay
2026-07-31T00:45:14Z,Mastodon,theluckiest,Spider-Man: Brand New Day (2026) ★★★☆☆☆☆☆☆☆ https://trakt.tv/movies/spider-man-brand-new-day-2026 #SpiderManBrandNewDay #trakt,0,https://mastodon.social/@theluckiest/117011822286924722,post,#SpiderManBrandNewDay
2026-07-31T00:35:04Z,Mastodon,variety_feed,‘Spider-Man: Brand New Day’: Sadie Sink Is [SPOILER]. How Her Role Sets Up Marvel’s Next Reboot #Variety #News #SadieSink #SpiderManBrandNewDay #XMen https://variety.com/2026/film/news/sadie-sink-jean-grey-spider-man-brand-new-day-x-men-1236816949/,1,https://mastodon.social/@variety_feed/117011782313139328,post,#SpiderManBrandNewDay
2026-07-31T00:30:00Z,Mastodon,variety.com@web.brid.gy,‘Spider-Man: Brand New Day’: Sadie Sink Is [SPOILER]. How Her Role Sets Up Marvel’s Next Reboot https://fed.brid.gy/r/https://variety.com/2026/film/news/sadie-sink-jean-grey-spider-man-brand-new-day-x-men-1236816949/,0,https://fed.brid.gy/r/https://variety.com/2026/film/news/sadie-sink-jean-grey-spider-man-brand-new-day-x-men-1236816949/,post,#SpiderManBrandNewDay
2026-07-30T23:33:55Z,Mastodon,vortexmp4.wordpress.com@vortexmp4.wordpress.com,"Baixar Homem-Aranha: Um Novo Dia 2026 MP4 Dublado Sinopse: É um novo dia para Peter Parker. Combatendo o crime em tempo integral como Homem-Aranha em um mundo que não se lembra mais dele e lidando com a pressão de ver seus antigos amigos seguirem em frente sem sua presença, Peter passa por uma mudança que talvez nem ele tenha o poder de controlar. Mas essa transformação também pode ser a única coisa capaz de deter uma surpreendente nova ameaça à cidade e às pessoas que ele ama: um poderoso vilão https://vortexmp4.wordpress.com/2026/08/11/baixar-homem-aranha-um-novo-dia-2026-mp4-dublado/",0,https://vortexmp4.wordpress.com/2026/07/30/baixar-homem-aranha-um-novo-dia-2026-mp4-dublado/,post,#SpiderManBrandNewDay
2026-07-30T23:05:11Z,Mastodon,deadline,‘Spider-Man: Brand New Day’s $309 Million Promo Partner Campaign Is A Hollywood Record #News #SpiderManBrandNewDay https://deadline.com/2026/07/spider-man-brand-new-day-marketing-campaign-record-bmw-1237013669/,0,https://mastodon.social/@deadline/117011428928141845,post,#SpiderManBrandNewDay
2026-07-30T22:37:30Z,Mastodon,jimp@masto.ai,I have acquired immunity to Spider-man spoilers #spidermanbrandnewday #spiderman,0,https://masto.ai/@jimp/117011320064787701,post,#SpiderManBrandNewDay
2026-07-30T22:03:45Z,Mastodon,noescinetodo@mastodon.world,"Hoy llegan los estrenos de cine de la semana, entre los que nos encontramos: #AtrapaElMillon #LaUltimaRondaEnVenecia #MalaBestia #MotherMary #SpiderManBrandNewDay Más información en: https://noescinetodoloquereluce.com/2026/07/estrenos-cine-31-julio-2026.html",0,https://mastodon.world/@noescinetodo/117011187365750713,post,#SpiderManBrandNewDay
2026-07-30T22:01:41Z,Mastodon,AtlantaFilmCriticsCircle@defcon.social,"AFCC member Emma Loggins reviews #SpiderManBrandNewDay and says ""Sadie Sink’s secret role pays off in Tom Holland’s quietest and best-directed Spider-Man in ‘Spider-Man: A Brand New Day."" https://www.fanbolt.com/178335/spider-man-brand-new-day-review-tom-hollands-loneliest-spider-man-is-his-best/ #AFCC #MovieReview #ForTheLoveOfMovies",0,https://defcon.social/@AtlantaFilmCriticsCircle/117011179181131148,post,#SpiderManBrandNewDay
2026-07-30T21:46:28Z,Mastodon,comingsoon.net@web.brid.gy,Spider-Man: Brand New Day Star Jacob Batalon Secretly Marries Longtime Girlfriend https://fed.brid.gy/r/https://www.comingsoon.net/movies/news/2169677-spider-man-jacob-batalon-veronica-leahov-wedding,1,https://fed.brid.gy/r/https://www.comingsoon.net/movies/news/2169677-spider-man-jacob-batalon-veronica-leahov-wedding,post,#SpiderManBrandNewDay
2026-07-30T21:35:04Z,Mastodon,variety_feed,"‘Spider-Man: Brand New Day’ Early Cut ‘Took Notes From Random People’ at Test Screenings and ‘We Hated It,’ Says Tom Holland: ‘It Totally Didn’t Work’ #Variety #News #SpiderManBrandNewDay #TomHolland https://variety.com/2026/film/news/tom-holland-spider-man-brand-new-day-test-screenings-1236824202/",2,https://mastodon.social/@variety_feed/117011074522582887,post,#SpiderManBrandNewDay
2026-07-30T21:00:00Z,Mastodon,owikj,https://boxd.it/fxmuMF #SpiderManBrandNewDay #moviereview #moviereviews,0,https://mastodon.social/@owikj/117010936650817855,post,#SpiderManBrandNewDay
2026-07-30T19:50:46Z,Mastodon,comingsoon.net@web.brid.gy,Tom Holland Reveals the Wild Spider-Man Idea Marvel Thought Was Too Scary https://fed.brid.gy/r/https://www.comingsoon.net/movies/news/2169599-tom-holland-wild-spider-man-puberty-idea-marvel,1,https://fed.brid.gy/r/https://www.comingsoon.net/movies/news/2169599-tom-holland-wild-spider-man-puberty-idea-marvel,post,#SpiderManBrandNewDay
2026-07-30T19:02:35Z,Mastodon,AustinGorton@mstdn.social,Any last minute guesses? #SpiderMan #SpiderManBrandNewDay #BrandNewDay https://comicon.com/2026/07/28/spider-man-wee-sadie-sinks-character-in-spider-man-brand-new-day-is/,0,https://mstdn.social/@AustinGorton/117010474937679848,post,#SpiderManBrandNewDay
2026-07-30T18:40:07Z,Mastodon,variety_feed,The Next Spider-Man Actor: Tom Holland Has a ‘Clear Vision’ For His Successor and a ‘Whole Plan’ Is Already ‘Laid Out’ #Variety #News #SpiderMan #SpiderManBrandNewDay #TomHolland https://variety.com/2026/film/news/spider-man-actors-tom-holland-successor-1236824415/,1,https://mastodon.social/@variety_feed/117010386637941544,post,#SpiderManBrandNewDay
2026-07-30T17:49:29Z,Mastodon,themoviejunkie,"MCU movies now feel like setup for the next Avengers film. #SpiderManBrandNewDay has great visuals but a weak plot, predictable writing, and wastes its cast. Bernthal, Ruffalo & Sadie Sink deserved better. 2/5. Wait for OTT. #Marvel #MCU #MovieReview",0,https://mastodon.social/@themoviejunkie/117010187488657134,post,#SpiderManBrandNewDay
2026-07-30T17:40:54Z,Mastodon,eurogamer.de@web.brid.gy,Spider-Man: Brand New Day liefert fulminante Action und tiefe Emotionen im Stil der alten Raimi-Klassiker https://fed.brid.gy/r/https://www.eurogamer.de/spider-man-brand-new-day-kritik,0,https://fed.brid.gy/r/https://www.eurogamer.de/spider-man-brand-new-day-kritik,post,#SpiderManBrandNewDay
2026-07-30T17:35:07Z,Mastodon,deadline,Tom Holland Says There’s “A Whole Plan” For Passing Spider-Man Baton To Another Actor: “I Have A Really Clear Vision” #News #Marvel #SpiderMan #SpiderManBrandNewDay #TomHolland https://deadline.com/2026/07/tom-holland-plan-passing-spider-man-another-actor-1237013456/,0,https://mastodon.social/@deadline/117010131016835073,post,#SpiderManBrandNewDay
2026-07-30T17:00:15Z,Mastodon,hollywoodreporter,Spider-Man: The Last Blockbuster Franchise Nobody’s Managed to Screw Up #MovieNews #Movies #SpiderMan #SpiderManBrandNewDay #TomHolland https://www.hollywoodreporter.com/movies/movie-news/spider-man-brand-new-day-box-office-ranked-1236660008/,0,https://mastodon.social/@hollywoodreporter/117009993909602363,post,#SpiderManBrandNewDay
2026-07-30T16:02:11Z,Mastodon,JayJustice@blacktwitter.io,"On top of the movie being fantastic, all the swag I got from seeing Spider-Man Brand New Day was really nice! But the real swag is the friends I met along the way 🫶🏿 it was so good to see everyone in Bangkok this week! Can't wait to hang out with you guys again soon 💗 #SpidermanBrandNewDay",3,https://blacktwitter.io/@JayJustice/117009765570361194,post,#SpiderManBrandNewDay
2026-07-30T16:00:00Z,Mastodon,f1bot@mastodon.jeckyll.net,BMW M Motorsport (@BMWMotorsport): We told Spider-Man to leave his mark. We didn't expect him to take it this literally. 🕷️ Here's a closer look at the Spider-Man: Brand New Day-inspired BMW M Hybrid V8 for IMSA Road America. See #SpiderManBrandNewDay exclusively in cinemas 31st July. @SpiderManMovie https://t.co/5KkqPKk1IH #F1 #F1bot #F1FEN https://x.com/BMWMotorsport/status/2082858524845957228,0,https://mastodon.jeckyll.net/@f1bot/117009756992404562,post,#SpiderManBrandNewDay
2026-07-30T13:53:10Z,Mastodon,AtlantaFilmCriticsCircle@defcon.social,"AFCC member Jason Evans reviews #SpiderManBrandNewDay which he says ""Perhaps the best Marvel movie since Endgame."" https://flixchat.blogspot.com/2026/07/jason-evans-100-word-reviews-spider-man.html #AFCC #MovieReview #ForTheLoveOfMovies",0,https://defcon.social/@AtlantaFilmCriticsCircle/117009258256431668,post,#SpiderManBrandNewDay
2026-07-30T13:51:43Z,Mastodon,indiegenius,Movie TV Tech Geeks #MovieNews #SpiderManBrandNewDay #SpiderMan Tom Holland Officially Confirms Why His Spider-Man Never Appeared in Tom Hardy's 'Venom' http://dlvr.it/TTmyMN,0,https://mastodon.social/@indiegenius/117009252568310102,post,#SpiderManBrandNewDay
2026-07-30T13:49:35Z,Mastodon,tonypower,"Spider-Man: Brand New Day 🌕🌕🌕🌕🌘 Spider-Mans newest adventure is certainly a friendly neighbourhood one. Action packed, that hits its emotional beats well, while having an assuredness and flair missing from the 'Home' trilogy. The best of the Holland Spidey flicks. It even teases the next phase of the MCU... 90% #SpiderManBrandNewDay https://youtu.be/8TZMtslA3UY?is=4_z2F9kv7ccm1RHT",0,https://mastodon.social/@tonypower/117009244208353525,post,#SpiderManBrandNewDay
2026-07-30T13:15:23Z,Mastodon,1@meisskey.one,"Sadie Sink rumors were true, she is indeed Jean Grey in 'Brand New Day' #marvelstudios #spidermanbrandnewday",0,https://meisskey.one/notes/719fb32a555023a7884077a5,post,#SpiderManBrandNewDay
2026-07-30T12:28:05Z,Mastodon,phantastiknews,"YouTube Tipp ▶️ #TomHolland on #SPIDERMANBRANDNEWDAY, #THEODYSSEY, plus #KevinFeige & #AmyPascal https://youtu.be/9DvB4G2FZ_o?is=hh8LfhZourFwO6-d",0,https://mastodon.social/@phantastiknews/117008923713210478,post,#SpiderManBrandNewDay
2026-07-30T11:00:00Z,Mastodon,fumettologica.it@web.brid.gy,Chi è il personaggio di Sadie Sink in Spider-Man: Brand New Day https://fed.brid.gy/r/https://fumettologica.it/2026/07/sadie-sink-personaggio-spider-man-brand-new-day-film-marvel/,0,https://fed.brid.gy/r/https://fumettologica.it/2026/07/sadie-sink-personaggio-spider-man-brand-new-day-film-marvel/,post,#SpiderManBrandNewDay
2026-07-30T10:48:50Z,Mastodon,noescinetodo@mastodon.world,"#SpiderManBrandNewDay es la entrega más adulta y melancólica de la etapa de Holland. La película, bien interpretada y bien rodada, sabe equilibrar drama y acción sin perder de vista lo humano de sus personajes, y cierra con una declaración de amor a Nueva York tan sincera como el propio personaje. Critica de Laura Zurita: https://noescinetodoloquereluce.com/2026/07/critica-review-spider-man-brand-new-day.html",0,https://mastodon.world/@noescinetodo/117008533463333871,post,#SpiderManBrandNewDay
2026-07-30T10:34:56Z,Mastodon,f1bot@mastodon.jeckyll.net,BMW M Motorsport (@BMWMotorsport): You'll never guess who inspired this collaboration. 🕷️ The Spider-Man: Brand New Day-themed BMW M Hybrid V8 is sticking around at IMSA Road America all weekend. Blame the web. See #SpiderManBrandNewDay exclusively in cinemas 31st July. @SpiderManMovie https://t.co/gxkEhkFsTi #F1 #F1bot #F1FEN https://x.com/BMWMotorsport/status/2082776820819087550,0,https://mastodon.jeckyll.net/@f1bot/117008478778678643,post,#SpiderManBrandNewDay
2026-07-30T09:55:31Z,Mastodon,cinehubcity,"✨ Zendaya just delivered another unforgettable fashion moment! The actress stunned in a sparkling Tamara Ralph couture gown at the Spider-Man: Brand New Day London premiere, complete with a subtle gold spider tribute. 🕷️🤍 👉 Read more on CineHubCity. #Zendaya #SpiderManBrandNewDay #TomHolland #TamaraRalph #RedCarpet #CelebrityStyle #Hollywood #Fashion https://cinehubcity.com/zendaya-tamara-ralph-premiere/",0,https://mastodon.social/@cinehubcity/117008323795507096,post,#SpiderManBrandNewDay
2026-07-30T08:49:18Z,Mastodon,el7arte,"#SpiderManBrandNewDay supera los €3,2M en su primer día de proyección y se convierte en la mejor apertura de la historia en España https://www.elseptimoarte.net/noticias/criticas/spider-man-brand-new-day-que-hay-de-nuevo-viejo-53296.html",0,https://mastodon.social/@el7arte/117008063453725262,post,#SpiderManBrandNewDay
2026-07-30T07:17:44Z,Mastodon,Amoguy,(노스포)영화 스파이더맨 브랜드 뉴 데이 보고 왔습니다. 톰 홀랜드의 스파이더맨 영화 중 액션이 가장 시원했습니다. 스크린으로 뉴욕을 거미줄로 가로지르는 장면이 그리운 분들께 추천드립니다. 이번 영화에서는 안티 히어로들이 인상적이었습니다. 특히 프랭크는 2번째 주인공입니다. 요즘처럼 비정한 사람이 빼곡한 세상에서 스파이더맨 같은 순수하고 친절한 이웃들은 무슨 도움이 될까요? 그 대답은 영웅도 악당도 아닌 결핍이 많은 안티 히어로들이 풀어줍니다. 그리고 옛 친구들인 MJ와 네드는 피터와의 관계에서 눈물 없이는 볼 수 없었습니다…😿 아쉬운 점은 생체 거미줄 쏘는 스파이더맨의 활략이 생각보다 적었다는 점입니다. 그래도 후속작에서 활략을 기대 중입니다. #SpiderMan #SpiderManBrandNewDay #스파이더맨,0,https://mastodon.social/@Amoguy/117007703350437555,post,#SpiderManBrandNewDay
2026-07-30T05:30:54Z,Mastodon,phantastiknews,YouTube Tipp ▶️ #JonBernthal Explains Just How Connected His and #TomHolland's Marvel Journey has been #spiderManBrandNewDay #spiderManCountdown https://youtu.be/Vf0OwxY9Ymo?is=hJlLJFbYhn7K6klf,0,https://mastodon.social/@phantastiknews/117007283288101283,post,#SpiderManBrandNewDay
2026-07-30T05:13:59Z,Mastodon,phantastiknews,YouTube Tipp ▶️ #TomHolland and #Zendaya Step Out in #Style for #SpiderManBrandNewDay #SpidermanCountdown https://youtu.be/gLjv_6zagOE?is=oAKTxorJ5hDzo2a6,0,https://mastodon.social/@phantastiknews/117007216787881894,post,#SpiderManBrandNewDay
2026-07-30T04:28:02Z,Mastodon,Mathrubhumi_English,"‘Spider-Man: Brand New Day’ marks Tom Holland's return as the beloved superhero. As the film opens worldwide, early reactions are lighting up social media. https://english.mathrubhumi.com/movies-music/review/tom-holland-spider-man-brand-new-day-x-reviews-c6wi5pal?utm_source=dlvr.it&utm_medium=mastodon #SpiderManBrandNewDay #MovieReview #Hollywood #SpiderMan",0,https://mastodon.social/@Mathrubhumi_English/117007036069972055,post,#SpiderManBrandNewDay
2026-07-30T02:55:04Z,Mastodon,deadline,Tom Holland Recalls Seeing ‘Spider-Man: Brand New Day’ Cut He “Hated”: “It Totally Didn’t Work” #News #SpiderManBrandNewDay #TomHolland https://deadline.com/2026/07/tom-holland-spider-man-brand-new-day-cut-he-hated-1237012949/,0,https://mastodon.social/@deadline/117006670548996287,post,#SpiderManBrandNewDay
2026-07-30T02:30:06Z,Mastodon,hollywoodreporter,‘Spider-Man: Brand New Day’ Aims to Make Box Office History as It Targets High-Flying Opening #MovieNews #Movies #Boxoffice #DestinDanielCretton #Disney #JacobBatalon #JonBernthal #MarkRuffalo #MarvelStudios #SadieSink #SonyPictures #SpiderMan #SpiderManBrandNewDay #SpiderManNoWayHome #TheOdyssey #TomHolland #Zendaya https://www.hollywoodreporter.com/movies/movie-news/spider-man-brand-new-day-box-office-opening-tom-holland-1236659734/,1,https://mastodon.social/@hollywoodreporter/117006572345373698,post,#SpiderManBrandNewDay
2026-07-30T00:11:21Z,Mastodon,mirror@yt.lostpod.space,"SPIDER-MAN BRAND NEW DAY : miracle, Marvel a refait un bon film ! https://yt.lostpod.space/w/bDQu8ZX6pyQWFBB5jh9dXC",1,https://yt.lostpod.space/w/bDQu8ZX6pyQWFBB5jh9dXC,post,#SpiderManBrandNewDay
2026-07-29T22:43:16Z,Mastodon,comingsoon.net@web.brid.gy,Spider-Man’s Tom Holland on Why His MCU Character Could Beat Superman in a Fight https://fed.brid.gy/r/https://www.comingsoon.net/movies/news/2169214-tom-holland-spider-man-superman-fight,1,https://fed.brid.gy/r/https://www.comingsoon.net/movies/news/2169214-tom-holland-spider-man-superman-fight,post,#SpiderManBrandNewDay
2026-07-29T22:42:49Z,Mastodon,wevegotbackissues.com@wevegotbackissues.com,"The Marvel Cinematic Universe Films Ranked (Spider-Man: Brand New Day Update) The Marvel Cinematic Universe (MCU) burst into existence with the release of Iron Man in 2008. This film, directed by Jon Favreau and starring Robert Downey Jr. as Tony Stark, would have been a standard superhero film if not for a post-credits tag introducing Samuel L. Jackson as Nick Fury and the first mention of the Avengers. This last-minute addition kickstarted what would become a global cinematic phenomenon. Following the success of Iron Man, Marvel Studios expanded the MCU with The Incredible Hulk, Thor, and Captain America: The First Avenger, all of which laid the foundation for the interconnected storytelling that would define the franchise. Everything came together with The Avengers in 2012, which united the heroes from the previous films. The success of this team-up solidified the MCU’s place in popular culture and helped superheroes dominate cinema for the next decade-plus. Over the years, the fran",11,https://wevegotbackissues.com/2026/07/29/the-marvel-cinematic-universe-films-ranked-spider-man-brand-new-day-update/,post,#SpiderManBrandNewDay
2026-07-29T22:18:45Z,Mastodon,emkingma@mstdn.social,"Just got back from Spider-Man: Brand New Day. OMG! THIS FILM! One of the best comic book movies I have had the pleasure of watching. End credits, yes. Also, someone at Marvel must love TV On The Radio. Daredevil: Born Again and now Brand New Day?! Taste. #spidermanbrandnewday",1,https://mstdn.social/@emkingma/117005583985453003,post,#SpiderManBrandNewDay
2026-07-29T22:07:39Z,Mastodon,PotsDame@nerdculture.de,#potsdameschaut #SpidermanBrandNewDay 8 von 10 Eine Post Credit Scene,1,https://nerdculture.de/@PotsDame/117005540371380184,post,#SpiderManBrandNewDay
2026-07-29T22:04:24Z,Mastodon,gabrielkaszewski@movies.gabrielkaszewski.dev,"⭐⭐⭐⭐⭐ Spider-Man: Brand New Day (2026) the BEST spiderman movie. cried multiple times. Watched: Jul 29, 2026",0,https://movies.gabrielkaszewski.dev/reviews/79ab245e-6b97-4ab1-8f37-fa250f2c7a57,post,#SpiderManBrandNewDay
2026-07-29T21:15:26Z,Mastodon,wevegotbackissues.com@wevegotbackissues.com,"Spider-Man: Brand New Day (2026) – Review Look you guys, I’m going to come clean. As much as I adored the spider-themed nostalgia explosion that was Spider-Man: No Way Home, that ending hurt me pretty bad. Second only to the mass dusting of the majority of the cast of Avengers: Infinity War, the forgotten-ing of Peter Parker in order to save the multiverse was possibly too much tragedy to bear for even this weathered spider-veteran. Yes, the saying goes that for Spider-Man to be at his best, Peter Parker has to suffer, but surely this was crueler than a dozen slain Gwen Staceys. Even since the December of 2021, I’ve been waiting with bated breath to see what horrible injustices the MCU has in store for comic’s most beloved punching bag in the hope that the wall crawler can catch some semblance of a break. But with a new director at the helm and a new outlook on Spidey’s Marvel Cinematic tenure, can our beleaguered Spider-Man manage to score a great film AND a happy ending? Since sacrif",24,https://wevegotbackissues.com/2026/07/29/spider-man-brand-new-day-2026-review/,post,#SpiderManBrandNewDay
2026-07-29T20:57:52Z,Mastodon,comingsoon.net@web.brid.gy,Spider-Man & Kingpin’s MCU Crossover May Happen Sooner Than Fans Expected https://fed.brid.gy/r/https://www.comingsoon.net/movies/news/2169177-spider-man-kingpin-fight-kevin-feige,1,https://fed.brid.gy/r/https://www.comingsoon.net/movies/news/2169177-spider-man-kingpin-fight-kevin-feige,post,#SpiderManBrandNewDay
2026-07-29T20:43:42Z,Mastodon,AtlantaFilmCriticsCircle@defcon.social,AFCC member Damius Green (Nocturnal Critic) reviews #SpiderManBrandNewDay https://youtube.com/shorts/VgONhJZdsfw?si=sXOTPQu2ebChOh4H #AFCC #MovieReview #ForTheLoveOfMovies,0,https://defcon.social/@AtlantaFilmCriticsCircle/117005210270045940,post,#SpiderManBrandNewDay
2026-07-29T20:05:11Z,Mastodon,charlietvgeek@mast.lat,#NOSPOILERS 🤫🤫🤫 #SpiderManUnNuevoDía ya se encuentra disponible en cines! Únete a la campaña de NO SPOILERS y permite que la gente la disfrute sin arruinarles la experiencia. Gracias 🫂 #SpiderManBrandNewDay,1,https://mast.lat/@charlietvgeek/117005058826788424,post,#SpiderManBrandNewDay
2026-07-29T19:40:56Z,Mastodon,AtlantaFilmCriticsCircle@defcon.social,"AFCC member Robert Prentice reviews #SpiderManBrandNewDay saying ""Spider-Man: Brand New Days marks Tom Holland’s fourth solo outing as the webbed hero and is one of his best and most heartfelt to date."" https://www.threeifbyspace.net/2026/07/review-spider-man-brand-new-day-is-hollands-best-and-most-heartfelt/ #AFCC #MovieReview #ForTheLoveOfMovies",0,https://defcon.social/@AtlantaFilmCriticsCircle/117004963437013428,post,#SpiderManBrandNewDay
2026-07-29T19:40:48Z,Mastodon,phantanews@mastodon.online,"Da klingelt der Spinnensinn: SPIDER-MAN – BRAND NEW DAY Es ist viel die Rede von Superhero-Fatigue. Gemeint ist damit, dass die Leute Superhelden-Filme leid sind. Meiner Ansicht nach ist das ein Buzzword – und ein falsches. Tatsächlich gibt es kein Superhero-Fatigue, sondern nur Bad Movie-Fatigue. https://phantanews.de/wp/aartikel/da-klingelt-der-spinnensinn-spider-man-brand-new-day/ #Marvel #MCU #SadieSink #SpiderManBrandNewDay #SpiderMan #TomHolland #Zendaya",2,https://mastodon.online/@phantanews/117004962894617057,post,#SpiderManBrandNewDay
2026-07-29T19:38:14Z,Mastodon,comingsoon.net@web.brid.gy,Spider-Man & Venom MCU Crossover Update Gives Tom Holland & Hardy Fans Hope https://fed.brid.gy/r/https://www.comingsoon.net/movies/news/2169128-spider-man-venom-mcu-crossover-tom-holland-hardy,1,https://fed.brid.gy/r/https://www.comingsoon.net/movies/news/2169128-spider-man-venom-mcu-crossover-tom-holland-hardy,post,#SpiderManBrandNewDay
2026-07-29T19:30:14Z,Mastodon,RollingStoneES,‘Spider-Man: Brand New Day’ es la misma tontería de siempre | #RollingStoneES https://es.rollingstone.com/arg-spider-man-brand-new-day-es-la-misma-tonteria-de-siempre/ #cine #cineytv #reviews #spiderman #spidermanbrandnewday #tomholland #zendaya,1,https://mastodon.social/@RollingStoneES/117004921403390474,post,#SpiderManBrandNewDay
2026-07-29T18:55:06Z,Mastodon,Kraken17,My ★★★★½ review of Spider-Man: Brand New Day (2026) on Letterboxd: https://boxd.it/fvYudt) #SpiderManBrandNewDay #movies #film #Letterboxd #cinemastodon,1,https://mastodon.social/@Kraken17/117004783223057153,post,#SpiderManBrandNewDay
2026-07-29T18:53:49Z,Mastodon,indiegenius,Movie TV Tech Geeks #MovieNews #SpiderManBrandNewDay #BoxOffice 'Spider-Man: Brand New Day' Eyes $1 Billion in Phenomenal Global Box-Office Debut http://dlvr.it/TTmKPM,1,https://mastodon.social/@indiegenius/117004778200345491,post,#SpiderManBrandNewDay
2026-07-29T18:49:31Z,Mastodon,phantastiknews,"YouTube Tipp ▶️ #TomHolland Was in the Writers' Room for #SpiderManBrandNewDay, Says this movie is for the Fans https://youtu.be/YG5fvuXl1yk?is=F2p_Ix_WBYnfQa7B",0,https://mastodon.social/@phantastiknews/117004761283521914,post,#SpiderManBrandNewDay
2026-07-29T18:35:06Z,Mastodon,deadline,Tom Holland Was Finally Ready To Host ‘SNL’ & Face His Fear But “They’re Dark During The Summer” #LateNightTV #News #NBC #SaturdayNightLive #SNL #SpiderMan #SpiderManBrandNewDay #TomHolland https://deadline.com/2026/07/tom-holland-ready-host-snl-1237012503/,0,https://mastodon.social/@deadline/117004704560710142,post,#SpiderManBrandNewDay
2026-07-29T18:16:11Z,Mastodon,eugenkagan@social.anoxinon.de,#NowWatching (First Viewing) Spider-Man: Brand New Day (2026) #FilmMastodon 📽 #SpiderManBrandNewDay #DestinDanielCretton #TomHolland #Zendaya #JonBernthal #MarkRuffalo,0,https://social.anoxinon.de/@eugenkagan/117004630210696448,post,#SpiderManBrandNewDay
2026-07-29T18:09:27Z,Mastodon,comingsoon.net@web.brid.gy,Spider-Man 4 Is Breaking The Odyssey’s Box Office Records Before MCU Movie Is Even Released https://fed.brid.gy/r/https://www.comingsoon.net/movies/news/2169063-spider-man-brand-new-day-the-odyssey-record,1,https://fed.brid.gy/r/https://www.comingsoon.net/movies/news/2169063-spider-man-brand-new-day-the-odyssey-record,post,#SpiderManBrandNewDay
2026-07-29T17:56:51Z,Mastodon,indiegenius,Movie TV Tech Geeks #MovieNews #SpiderManBrandNewDay #TomHolland Marvel’s Biggest Superhero Officially Returns in 2 Days Amid 'The Odyssey' Onslaught http://dlvr.it/TTmHP6,0,https://mastodon.social/@indiegenius/117004554182688293,post,#SpiderManBrandNewDay
2026-07-29T17:48:31Z,Mastodon,comingsoon.net@web.brid.gy,Spider-Man: Why Tom Holland Was the Last Person to Read Brand New Day’s Script https://fed.brid.gy/r/https://www.comingsoon.net/movies/news/2169049-tom-holland-phone-call-spider-man-brand-new-day-script,1,https://fed.brid.gy/r/https://www.comingsoon.net/movies/news/2169049-tom-holland-phone-call-spider-man-brand-new-day-script,post,#SpiderManBrandNewDay
2026-07-29T17:34:32Z,Mastodon,comingsoon.net@web.brid.gy,"Tom Holland Finally Agreed To Host SNL, But One Hilarious Problem Stopped Him https://fed.brid.gy/r/https://www.comingsoon.net/tv/news/2169070-tom-holland-snl-host",1,https://fed.brid.gy/r/https://www.comingsoon.net/tv/news/2169070-tom-holland-snl-host,post,#SpiderManBrandNewDay
2026-07-29T17:17:58Z,Mastodon,top_news,"‘Superhero Fatigue Is Real. Spider-Man Fatigue Is Not’: Tom Holland’s ‘Brand New Day’ Could Score One of the Biggest Opening Weekends Ever ""Spider-Man: Brand New Day"" is on track to land one of the biggest opening weekends in history. https://variety.com/2026/film/news/spider-man-brand-new-day-box-office-opening-records-1236822094/ #TopNews #News #SpiderManBrandNewDay #SpiderMan #Marvel",0,https://mastodon.social/@top_news/117004401249789537,post,#SpiderManBrandNewDay
2026-07-29T17:17:58Z,Mastodon,AtlantaFilmCriticsCircle@defcon.social,AFCC member Sasha Raquel reviews #SpiderManBrandNewDay https://youtu.be/Xx0fGltZcKc?si=_6tLa3quOkZ03uPM #AFCC #MovieReview #ForTheLoveOfMovies,0,https://defcon.social/@AtlantaFilmCriticsCircle/117004401298835350,post,#SpiderManBrandNewDay
2026-07-29T15:47:04Z,Mastodon,karenwoodham@mastodon.world,Who's heading to see or has seen Spider-Man: Brand New Day today? #SpiderManBrandNewDay #Marvel #FilmMastodon,0,https://mastodon.world/@karenwoodham/117004043865073515,post,#SpiderManBrandNewDay
2026-07-29T15:41:36Z,Mastodon,comingsoon.net@web.brid.gy,"All Spider-Man MCU Movies Ranked, Including Tom Holland’s Brand New Day https://fed.brid.gy/r/https://www.comingsoon.net/movies/features/2168684-all-spider-man-mcu-movies-ranked-tom-holland-brand-new-day",1,https://fed.brid.gy/r/https://www.comingsoon.net/movies/features/2168684-all-spider-man-mcu-movies-ranked-tom-holland-brand-new-day,post,#SpiderManBrandNewDay
2026-07-29T15:02:44Z,Mastodon,f1bot@mastodon.jeckyll.net,BMW M Motorsport (@BMWMotorsport): A brand new livery. Pure power. The #24 BMW M Hybrid V8 brought #SpiderManBrandNewDay to the track ahead of its cinematic release. See #SpiderManBrandNewDay exclusively in cinemas 31st July. https://t.co/tSYwWljDmZ #F1 #F1bot #F1FEN https://x.com/BMWMotorsport/status/2082481733971177812,0,https://mastodon.jeckyll.net/@f1bot/117003869497707656,post,#SpiderManBrandNewDay
2026-07-29T14:24:27Z,Mastodon,AtlantaFilmCriticsCircle@defcon.social,"AFCC member Kyle Pinion reviews #SpiderManBrandNewDay saying ""Spider-Man: Brand New Day is an enormously cluttered experience"" https://screenrex.com/spider-man-brand-new-day-same-old-clutter/ #AFCC #MovieReview #ForTheLoveOfMovies",0,https://defcon.social/@AtlantaFilmCriticsCircle/117003719004846343,post,#SpiderManBrandNewDay
2026-07-29T14:15:00Z,Mastodon,nickfoster56.bsky.social@bsky.brid.gy,"Got tickets to see #SpiderManBrandNewDay tomorrow, pretty excited 😄",0,https://fed.brid.gy/r/https://bsky.app/profile/did:plc:vdodgktw2w7fhck75h2kibug/post/3mrs4egaqep2x,post,#SpiderManBrandNewDay
2026-07-29T14:12:49Z,Mastodon,abysim@whitelion.me,"#SpiderManBrandNewDay класний фільм - початок це реально нарешті справжній фільм про Людину-павука від Марвел - сильно відчувається атмосфера та візуал, відчувається, що в останні відеоігри творці грали) Каратель знову не зовсім Каратель, але відповідає тону фільму - хімія хороша, так само, як і з Ем Джей, само собою, сильна хімія. Персонажів багато та добре втілені, якщо не рахувати головного лиходія, але це типово для Марвел. Закінчення стрічки це більше оріджн ключового персонажа наступної саги кіновсесвіту після саги мультивсесвітнього безладу - також типовий крок для Марвел, котрий бачили не раз. Зал був майже повний, хоча це був обід буднього дня - аплодували раз посередині та по закінченні стрічки. Сильні емоції при такому перегляді. Й під час титрів весь повний зал сидів - уже не пам'ятаю коли останній раз так було)",0,https://whitelion.me/display/8417e586-166a-6a0a-6110-c91344198061,post,#SpiderManBrandNewDay
2026-07-29T14:12:00Z,Mastodon,njf@social.lol,"Got tickets to see #SpiderManBrandNewDay tomorrow, pretty excited 😄",0,https://social.lol/@njf/117003670040582781,post,#SpiderManBrandNewDay
2026-07-29T13:54:20Z,Mastodon,Kraken17,En la sala sentado esperando a que arranque #SpiderManBrandNewDay y hacia mucho tiempo que no veía a tanta gente en el cine.,0,https://mastodon.social/@Kraken17/117003600571810838,post,#SpiderManBrandNewDay
2026-07-29T13:45:22Z,Mastodon,coololddude1963,Our Spider-Man: Brand New Day Review #SpiderManBrandNewDay #IGN #SpiderMan https://youtube.com/shorts/lnQP_wog9lw?is=JbYddt5oTC7SLBzp,0,https://mastodon.social/@coololddude1963/117003565270435560,post,#SpiderManBrandNewDay
2026-07-29T13:04:43Z,Mastodon,AtlantaFilmCriticsCircle@defcon.social,"AFCC member Jake Peffer reviews #SpiderManBrandNewDay saying ""This may very well be the best of the Tom Holland Spider-Man movies."" https://youtu.be/Vejlu5ZHckE?si=IXwG7qFbAeJaAAKU #AFCC #MovieReview #ForTheLoveOfMovies",1,https://defcon.social/@AtlantaFilmCriticsCircle/117003405460593808,post,#SpiderManBrandNewDay
2026-07-29T12:30:09Z,Mastodon,el7arte,Hoy es un nuevo día. #SpiderManBrandNewDay se estrena hoy en 421 cines de toda España https://www.elseptimoarte.net/noticias/criticas/spider-man-brand-new-day-que-hay-de-nuevo-viejo-53296.html,0,https://mastodon.social/@el7arte/117003269551355426,post,#SpiderManBrandNewDay
2026-07-29T11:58:46Z,Mastodon,Mathrubhumi_English,"Zendaya continued her Spider-Man: Brand New Day fashion narrative at the Los Angeles premiere in an abstract spider-inspired Ashi Studio ensemble, proving that her method dressing streak remained intact through the film's global press tour. https://english.mathrubhumi.com/lifestyle/fashion/zendaya-keeps-her-method-dressing-streak-alive-with-a-metamorphosis-inspired-premiere-look-v2yfgn2y?utm_source=dlvr.it&utm_medium=mastodon #Zendaya #SpiderManBrandNewDay #MethodDressing #CelebrityFashion",0,https://mastodon.social/@Mathrubhumi_English/117003146159493354,post,#SpiderManBrandNewDay
2026-07-29T11:00:05Z,Mastodon,TPKritik@troet.cafe,"Ab heute im #Kino: #SpiderManBrandNewDay. Als Bindeglied zwischen Streaming-Serien und Film-Franchise gestaltet sich der Einstieg für nicht Bewanderte etwas holprig, dank der guten Besetzung und eines starken letzten Drittels funktioniert das aber nicht nur für Fans. Zur #Review: https://www.treffpunkt-kritik.de/spider-man-brand-new-day-2026/",0,https://troet.cafe/@TPKritik/117002915402801214,post,#SpiderManBrandNewDay
2026-07-29T10:48:02Z,Mastodon,phantastiknews,YouTube Tipp ▶️ #TomHolland Reveals If He Would Return for Another #SpiderMan' Film #spiderManBrandNewDay #spiderManCountdown https://youtu.be/z4rUf47uC-U?is=mV_CHquJL6wsTDSl,0,https://mastodon.social/@phantastiknews/117002867966389291,post,#SpiderManBrandNewDay
2026-07-29T10:42:11Z,Mastodon,phantastiknews,"YouTube Tipp ▶️ #SpiderManBrandNewDay stars #SadieSink, #JacobBatalon, and more at #LosAngeles premiere https://youtu.be/RkN_IJl7X-o?is=OPsdEwr74K2g1oZk",0,https://mastodon.social/@phantastiknews/117002845007020294,post,#SpiderManBrandNewDay
2026-07-29T09:54:34Z,Mastodon,Mathrubhumi_English,Spider-Man is finally meeting Marvel's most ruthless antihero. Here's why The Punisher's return in Brand New Day could be Peter Parker's darkest team-up yet. https://english.mathrubhumi.com/movies-music/news/who-is-punisher-frank-castles-spider-man-brand-new-day-l17cw4zc?utm_source=dlvr.it&utm_medium=mastodon #SpiderManBrandNewDay #ThePunisher #TomHolland #MarvelStudios,0,https://mastodon.social/@Mathrubhumi_English/117002657760768699,post,#SpiderManBrandNewDay
2026-07-29T09:29:03Z,Mastodon,el7arte,"¿Qué hay de nuevo, viejo? Crítica de #SpiderManBrandNewDay https://www.elseptimoarte.net/noticias/criticas/spider-man-brand-new-day-que-hay-de-nuevo-viejo-53296.html",0,https://mastodon.social/@el7arte/117002557415362475,post,#SpiderManBrandNewDay
2026-07-29T09:09:12Z,Mastodon,SevillaFC@sportsbots.xyz,"🕷️ 𝐒𝐩𝐢𝐝𝐞𝐫-𝐌𝐚𝐧 🤝 𝐒𝐞𝐯𝐢𝐥𝐥𝐚 𝐅𝐂 ❤️ 🎬 Hoy, 29 de julio, se estrena en España una nueva película de la saga Spider-Man. #SpiderManBrandNewDay",0,https://twitter.com/SevillaFC/status/2082392988332830770,post,#SpiderManBrandNewDay
2026-07-29T08:21:33Z,Mastodon,fumettologica.it@web.brid.gy,"Spider-Man: Brand New Day, la recensione https://fed.brid.gy/r/https://fumettologica.it/2026/07/spider-man-brand-new-day-recensione-film-marvel/",0,https://fed.brid.gy/r/https://fumettologica.it/2026/07/spider-man-brand-new-day-recensione-film-marvel/,post,#SpiderManBrandNewDay
2026-07-29T07:31:40Z,Mastodon,galaxyaddicted.it@web.brid.gy,Marvel’s Spider-Man 2 si aggiorna a sorpresa: due nuovi costumi gratis per Peter Parker https://fed.brid.gy/r/https://www.galaxyaddicted.it/2026/07/marvels-spider-man-2-nuovi-costumi-gratis/,0,https://fed.brid.gy/r/https://www.galaxyaddicted.it/2026/07/marvels-spider-man-2-nuovi-costumi-gratis/,post,#SpiderManBrandNewDay
2026-07-29T05:55:04Z,Mastodon,hollywoodreporter,‘Spider-Man: Brand New Day’ Swings to China’s Biggest Superhero Opening in Seven Years #MovieNews #Movies #Asia #Boxoffice #China #International #SpiderMan #SpiderManBrandNewDay https://www.hollywoodreporter.com/movies/movie-news/spider-man-brand-new-day-china-box-office-1236658858/,0,https://mastodon.social/@hollywoodreporter/117001715977459062,post,#SpiderManBrandNewDay
2026-07-29T05:50:20Z,Mastodon,phantastiknews,YouTube Tipp ▶️ Should You Get The #SPIDEY #BUCLET & #CUP? #SpidermanBrandNewDay #SpidermanCountdown https://youtube.com/shorts/Wlxx7sTeFuw?is=81GEA27Sp7Beb-jJ,0,https://mastodon.social/@phantastiknews/117001697392002329,post,#SpiderManBrandNewDay
2026-07-29T05:39:13Z,Mastodon,Mathrubhumi_English,Watching Spider-Man: Brand New Day this week? You could see the Ramayana trailer too https://english.mathrubhumi.com/movies-music/news/spider-man-brand-new-day-ramayana-trailer-surprise-mhjst9us?utm_source=dlvr.it&utm_medium=mastodon #Ramayana #SpiderManBrandNewDay #Marvel #TrailerRelease,0,https://mastodon.social/@Mathrubhumi_English/117001653672403187,post,#SpiderManBrandNewDay
2026-07-29T05:30:24Z,Mastodon,phantastiknews,YouTube Tipp ▶️ #SpiderManBrandNewDay #Cast Test Their #SpiderMan Knowledge https://youtu.be/__vLZslytN0?is=6VawtBrvm9YGCKhh,0,https://mastodon.social/@phantastiknews/117001618996415813,post,#SpiderManBrandNewDay
2026-07-29T05:12:27Z,Mastodon,Mathrubhumi_English,"The first reactions to Spider-Man: Brand New Day are in, with early viewers praising Tom Holland's emotional performance, Destin Daniel Cretton's fresh vision and Sadie Sink's standout role ahead of the film's India release on July 30. https://english.mathrubhumi.com/movies-music/news/spider-man-brand-new-day-first-reactions-hail-tom-holland-in-best-spider-man-film-to-date-yplghgj3?utm_source=dlvr.it&utm_medium=mastodon #SpiderManBrandNewDay #TomHolland #MarvelStudios #SpiderMan #Zendaya",0,https://mastodon.social/@Mathrubhumi_English/117001548424682442,post,#SpiderManBrandNewDay
2026-07-29T05:10:27Z,Mastodon,top_news,"Steve Lacy Spoils 'Spider-Man: Brand New Day,' Faces Nerd Crash-Outs Sadie Sink's character in the new 'Spider-Man' movie is top secret, but Steve Lacy may not have known that. https://www.rollingstone.com/music/music-news/steve-lacy-spoils-spider-man-brand-new-day-1235599804/ #TopNews #News #SteveLacy #SpiderManBrandNewDay #DestinDanielCretton",0,https://mastodon.social/@top_news/117001540534566052,post,#SpiderManBrandNewDay
2026-07-29T03:01:37Z,Mastodon,AustinGorton@mstdn.social,Who is Sadie Sink playing in Brand New Day? I break down the odds on all the favorites (and some not-so-favorites). #SpiderManBrandNewDay #BrandNewDay #SpiderMan https://comicon.com/2026/07/28/spider-man-wee-sadie-sinks-character-in-spider-man-brand-new-day-is/,0,https://mstdn.social/@AustinGorton/117001033983329609,post,#SpiderManBrandNewDay
2026-07-29T02:56:08Z,Mastodon,wikioftheday@masto.ai,"With 361,888 views on Tuesday, 28 July 2026, the popular Wiki of the Day is Spider-Man: Brand New Day. Listen to the new episode here: https://wikioftheday.com/wotdep.php?pod=popular&epnum=3374 See our archives or subscribe here: https://wikioftheday.com #SpiderManBrandNewDay #wiki #wikipedia #podcast",0,https://masto.ai/@wikioftheday/117001012411417594,post,#SpiderManBrandNewDay
2026-07-28T23:57:59Z,Mastodon,geekrealmhub,"First look at the new Spider-Man: Brand New Day skins coming to Fortnite! The collaboration introduces new skins for: Spider-Man, Hulk and The Punisher #Fortnite #SpiderManBrandNewDay #Marvel",0,https://mastodon.social/@geekrealmhub/117000311878457829,post,#SpiderManBrandNewDay
2026-07-28T22:06:58Z,Mastodon,AtlantaFilmCriticsCircle@defcon.social,"AFCC member Jake Cole reviews #SpidermanBrandNewDay saying ""For the first time in his current screen iteration, Spider-Man seems like what he is in the comics: the beating heart of Marvel and its most compelling figure."" https://www.slantmagazine.com/film/spider-man-brand-new-day-review-tom-holland-zendaya/ #AFCC #ForTheLoveOfMovies",0,https://defcon.social/@AtlantaFilmCriticsCircle/116999875370140721,post,#SpiderManBrandNewDay
2026-07-28T21:26:33Z,Mastodon,comingsoon.net@web.brid.gy,Spider-Man 4 Sets Unfortunate MCU Record Following Reviews & Rotten Tomatoes Score https://fed.brid.gy/r/https://www.comingsoon.net/movies/news/2168712-spider-man-4-unfortunate-mcu-record-reviews-rotten-tomatoes-score,1,https://fed.brid.gy/r/https://www.comingsoon.net/movies/news/2168712-spider-man-4-unfortunate-mcu-record-reviews-rotten-tomatoes-score,post,#SpiderManBrandNewDay
2026-07-28T20:58:11Z,Mastodon,top_news,"‘Spider-Man: Brand New Day’ Early Critic Reviews Render A Unanimous Verdict A few days before the release of Spider-Man: Brand New Day, the social media embargo on the film has lifted, allowing critics to share early initial impression reviews. https://www.forbes.com/sites/paultassi/2026/07/28/spider-man-brand-new-day-early-critic-reviews-render-a-unanimous-verdict/ #TopNews #News #SpiderManBrandNewDay #SpiderMan #Marvel",0,https://mastodon.social/@top_news/116999604862897889,post,#SpiderManBrandNewDay
2026-07-28T20:47:14Z,Mastodon,AtlantaFilmCriticsCircle@defcon.social,"AFCC member Matt Goldberg reviews #SpidermanBrandNewDay saying that this is ""the first Tom Holland Spider-Man movie that leans into the character’s angst."" https://www.decodingeverything.com/spider-man-brand-new-day-movie-review/ #AFCC #MovieReview #ForTheLoveOfMovies",0,https://defcon.social/@AtlantaFilmCriticsCircle/116999561842302993,post,#SpiderManBrandNewDay
2026-07-28T20:43:19Z,Mastodon,comingsoon.net@web.brid.gy,Tom Holland’s Cryptic MCU Comment Just Made Spider-Man 5 More Uncertain https://fed.brid.gy/r/https://www.comingsoon.net/movies/news/2168686-spider-man-5-tom-holland-mcu-update,1,https://fed.brid.gy/r/https://www.comingsoon.net/movies/news/2168686-spider-man-5-tom-holland-mcu-update,post,#SpiderManBrandNewDay
2026-07-28T20:37:01Z,Mastodon,LastOneToLeave,"This week on FanBolt I preview 4 new movies coming out: #SpidermanBrandNewDay, #IWantYourSex, #AboveandBelow and Wham! 10 Days in China #Whamfilm https://www.fanbolt.com/178045/a-look-at-new-movies-coming-out-this-week-spider-man-brand-new-day-i-want-your-sex-and-more/",0,https://mastodon.social/@LastOneToLeave/116999521647261903,post,#SpiderManBrandNewDay
2026-07-28T19:40:05Z,Mastodon,deadline,"Look Out, Here Comes ‘Spider-Man: Brand New Day’: $465M WW Opening Set To Be 2nd Biggest Ever For Sony – Preview #News #MarvelStudios #Sony #SpiderManBrandNewDay https://deadline.com/2026/07/spider-man-brand-new-day-box-office-projection-1237005824/",0,https://mastodon.social/@deadline/116999297802634507,post,#SpiderManBrandNewDay
2026-07-28T19:30:08Z,Mastodon,variety_feed,‘Superhero Fatigue Is Real. Spider-Man Fatigue Is Not’: Tom Holland’s ‘Brand New Day’ Could Score One of the Biggest Opening Weekends Ever #Variety #News #SpiderManBrandNewDay #TheOdyssey #TomHolland https://variety.com/2026/film/news/spider-man-brand-new-day-box-office-opening-records-1236822094/,1,https://mastodon.social/@variety_feed/116999258671073856,post,#SpiderManBrandNewDay
2026-07-28T19:28:12Z,Mastodon,variety.com@web.brid.gy,‘Superhero Fatigue Is Real. Spider-Man Fatigue Is Not’: Tom Holland’s ‘Brand New Day’ Could Score One of the Biggest Opening Weekends Ever https://fed.brid.gy/r/https://variety.com/2026/film/news/spider-man-brand-new-day-box-office-opening-records-1236822094/,0,https://fed.brid.gy/r/https://variety.com/2026/film/news/spider-man-brand-new-day-box-office-opening-records-1236822094/,post,#SpiderManBrandNewDay
2026-07-28T18:47:04Z,Mastodon,thecosmiccircus.com@web.brid.gy,‘Spider-Man: Brand New Day’ Review: The MCU Finally Gets Its Groove Back https://fed.brid.gy/r/https://thecosmiccircus.com/spider-man-brand-new-day-movie-review/,0,https://fed.brid.gy/r/https://thecosmiccircus.com/spider-man-brand-new-day-movie-review/,post,#SpiderManBrandNewDay
2026-07-28T18:20:22Z,Mastodon,cinehubcity,"✨ A moment fans can’t stop talking about! Zendaya and Tom Holland shared a sweet look at the Spider-Man: Brand New Day premiere, proving their red carpet chemistry is as iconic as ever. 🕷️❤️ #Zendaya #TomHolland #SpiderManBrandNewDay #Marvel #HollywoodNews #CelebrityStyle https://cinehubcity.com/zendaya-tom-holland-spider-man-brand-new-day-premiere/",0,https://mastodon.social/@cinehubcity/116998984319244765,post,#SpiderManBrandNewDay
2026-07-28T16:56:45Z,Mastodon,movizark@mastodon.world,"'Spider-Man: Brand New Day': 'Daredevil' Star Rosario Dawson Confirms Her Crossover Role Has Been Cut!! #RosarioDawson, #SpiderManBrandNewDay, #Daredevil, #Marvel",0,https://mastodon.world/@movizark/116998655518753700,post,#SpiderManBrandNewDay
2026-07-28T15:23:03Z,Mastodon,indiegenius,Movie TV Tech Geeks #MovieNews #SpiderManBrandNewDay #MCU #Marvel ‘Spider-Man: Brand New Day’ Secures Epic Rotten Tomatoes Score Ahead of Box Office Debut http://dlvr.it/TTlHtR,1,https://mastodon.social/@indiegenius/116998287067497983,post,#SpiderManBrandNewDay
2026-07-28T13:52:08Z,Mastodon,phantastiknews,YouTube Tipp ▶️ EINFACH NUR GEIL: #SpiderManBrandNewDay | #Review #SpidermanCountdown https://youtu.be/4umBWqgDZxY?is=O7XMHo_4ml7AE5K2,0,https://mastodon.social/@phantastiknews/116997929570053078,post,#SpiderManBrandNewDay
2026-07-28T13:28:58Z,Mastodon,indiegenius,Movie TV Tech Geeks #MovieReviews #SpiderManBrandNewDay #MCU Tom Holland's 'Spider-Man: Brand New Day' Is the Best Spidey Adventure in 20 Years | Review http://dlvr.it/TTlBdF,1,https://mastodon.social/@indiegenius/116997838522772081,post,#SpiderManBrandNewDay
2026-07-28T13:05:48Z,Mastodon,deadline,‘Spider-Man: Brand New Day Review: Tom Holland And Zendaya Forge A Challenging Path Forward In Dark And Thrilling New Chapter From Marvel Superhero #News #Reviews #DestinDanielCretton #JacobBatalon #JonBernthal #MarkRuffalo #Marvel #SadieSink #SpiderManBrandNewDay #TomHolland #Zendaya https://deadline.com/2026/07/spider-man-brand-new-day-review-tom-holland-and-zendaya-forge-a-challenging-path-forward-in-dark-and-thrilling-new-chapter-from-marvel-superhero-1237005422/,1,https://mastodon.social/@deadline/116997747420482814,post,#SpiderManBrandNewDay
2026-07-28T13:05:23Z,Mastodon,variety_feed,‘Spider-Man: Brand New Day’ Review: Tom Holland Returns in a ‘Mature’ Adventure That for All Its Good Action Is Trying Too Hard #Variety #Reviews #JonBernthal #SpiderManBrandNewDay #TomHolland #Zendaya https://variety.com/2026/film/reviews/spider-man-brand-new-day-review-tom-holland-zendaya-1236821873/,1,https://mastodon.social/@variety_feed/116997745788205320,post,#SpiderManBrandNewDay
2026-07-28T13:05:09Z,Mastodon,indiewire,‘Spider-Man: Brand New Day’ Review: The MCU Wastes Its Chance for a Fresh Start with a Dull and Downbeat Sequel #IndieWire #Criticism #Movies #Film #Reviews #SpiderManBrandNewDay #TomHolland https://www.indiewire.com/criticism/movies/spider-man-brand-new-day-review-1235207238/,0,https://mastodon.social/@indiewire/116997744884784759,post,#SpiderManBrandNewDay
2026-07-28T13:00:07Z,Mastodon,hollywoodreporter,‘Spider-Man: Brand New Day’ Review: Tom Holland Bares His Soul in a Superhero Installment That Balances Self-Reflection With Action #MovieReviews #Movies #DestinDanielCretton #JacobBatalon #JonBernthal #LizaColónZayas #MarkRuffalo #Marvel #MCU #SadieSink #SpiderManBrandNewDay #TomHolland #TramellTillman #Zendaya https://www.hollywoodreporter.com/movies/movie-reviews/spider-man-brand-new-day-review-tom-holland-zendaya-1236657988/,1,https://mastodon.social/@hollywoodreporter/116997725087898530,post,#SpiderManBrandNewDay
2026-07-28T13:00:00Z,Mastodon,indiewire.com@web.brid.gy,‘Spider-Man: Brand New Day’ Review: The MCU Wastes Its Chance for a Fresh Start with a Dull and Downbeat Sequel https://fed.brid.gy/r/https://www.indiewire.com/criticism/movies/spider-man-brand-new-day-review-1235207238/,0,https://fed.brid.gy/r/https://www.indiewire.com/criticism/movies/spider-man-brand-new-day-review-1235207238/,post,#SpiderManBrandNewDay
2026-07-28T13:00:00Z,Mastodon,variety.com@web.brid.gy,‘Spider-Man: Brand New Day’ Review: Tom Holland Returns in a ‘Mature’ but Arduous Adventure That for All Its Good Action Is Trying Too Hard https://fed.brid.gy/r/https://variety.com/2026/film/reviews/spider-man-brand-new-day-review-tom-holland-zendaya-1236821873/,0,https://fed.brid.gy/r/https://variety.com/2026/film/reviews/spider-man-brand-new-day-review-tom-holland-zendaya-1236821873/,post,#SpiderManBrandNewDay
2026-07-28T10:20:59Z,Mastodon,phantastiknews,"YouTube Tipp ▶️ „It's a Mystery and a Thriller"" #TomHolland & #Cast on #SpiderManBrandNewDay https://youtu.be/Rae6cNivwQo?is=sPDri8n4xyRuetFA",0,https://mastodon.social/@phantastiknews/116997099334340154,post,#SpiderManBrandNewDay
2026-07-28T08:39:21Z,Mastodon,top_news,Zendaya Stuns ‘Spider-Man: Brand New Day’ Premiere in ‘Abstract’ Spider-Inspired Look: ‘It’s Like This Metamorphosis’ Zendaya stunned the 'Spider-Man: Brand New Day' premiere in an 'abstract' spider-inspired look. https://variety.com/2026/film/news/zendaya-spider-man-brand-new-day-premiere-dress-law-roach-1236822294/ #TopNews #News #Zendaya #Roach #SpiderManBrandNewDay,0,https://mastodon.social/@top_news/116996699714800171,post,#SpiderManBrandNewDay
2026-07-28T06:09:36Z,Mastodon,top_news,"‘Spider-Man: Brand New Day’ Los Angeles Premiere Red Carpet Photos: Zendaya, Tom Holland, Sadie Sink & More Tom Holland and Zendaya have traveled the world promoting Spider-Man: Brand New Day, and their latest stop is Los Angeles. https://deadline.com/gallery/spider-man-brand-new-day-los-angeles-premiere-red-carpet-photos-zendaya-tom-holland/ #TopNews #News #LosAngeles #SpiderManBrandNewDay #DolbyTheatre",0,https://mastodon.social/@top_news/116996110840237364,post,#SpiderManBrandNewDay
2026-07-28T05:44:52Z,Mastodon,phantastiknews,YouTube Tipp ▶️ #JacobBatalon Reveals What It's Like Witnessing #TomHolland & #Zendaya's Partnership Onset #SpiderManCountdown #SpidermanBrandNewDay https://youtu.be/dShpX1yFIx0?is=BYjw3Y-azxetCtqp,0,https://mastodon.social/@phantastiknews/116996013559389971,post,#SpiderManBrandNewDay
2026-07-28T05:40:05Z,Mastodon,variety_feed,‘Spider-Man: Brand New Day’ First Reactions: Tom Holland Has ‘Never Been Better’ in a Sequel That Ditches ‘Multiverse Tedium’ and Delivers a ‘Grounded Spider-Man Tale’ #Variety #News #SpiderMan #SpiderManBrandNewDay #TomHolland #Zendaya https://variety.com/2026/film/news/spider-man-brand-new-day-first-reactions-tom-holland-1236821722/,1,https://mastodon.social/@variety_feed/116995994766360218,post,#SpiderManBrandNewDay
2026-07-28T05:35:59Z,Mastodon,variety.com@web.brid.gy,‘Spider-Man: Brand New Day’ First Reactions: Tom Holland Has ‘Never Been Better’ in a Sequel That Ditches ‘Multiverse Tedium’ and Delivers a ‘Grounded Spider-Man Tale’ https://fed.brid.gy/r/https://variety.com/2026/film/news/spider-man-brand-new-day-first-reactions-tom-holland-1236821722/,0,https://fed.brid.gy/r/https://variety.com/2026/film/news/spider-man-brand-new-day-first-reactions-tom-holland-1236821722/,post,#SpiderManBrandNewDay
2026-07-28T05:28:48Z,Mastodon,phantastiknews,YouTube Tipp ▶️ #Spoiler #SpiderManBrandNewDay Out Of The Theater #Reaction! #FirstReview #spiderman https://youtu.be/4QL6bNosH80?is=YWtYDiAOCNhYR1iC,0,https://mastodon.social/@phantastiknews/116995950395187505,post,#SpiderManBrandNewDay
2026-07-28T05:10:04Z,Mastodon,hollywoodreporter,"Tom Holland Says He’ll Play Spider-Man “For as Long as They’ll Have Me” After ‘Brand New Day’: “If This Movie Does Good, I Guess We’ll See!” #MovieNews #Movies #Events #SpiderMan #SpiderManBrandNewDay #TheOdyssey #TomHolland https://www.hollywoodreporter.com/movies/movie-news/tom-holland-spider-man-brand-new-day-premiere-1236657726/",0,https://mastodon.social/@hollywoodreporter/116995876760918696,post,#SpiderManBrandNewDay
2026-07-28T05:05:07Z,Mastodon,hollywoodreporter,‘Spider-Man: Brand New Day’: First Reactions From the Premiere #MovieNews #Movies #DestinDanielCretton #MarvelCinematicUniverse #MarvelStudios #MCU #SadieSink #SonyPictures #SpiderManBrandNewDay #SpiderMan #TomHolland #Zendaya https://www.hollywoodreporter.com/movies/movie-news/spider-man-brand-new-day-first-reactions-1236657719/,1,https://mastodon.social/@hollywoodreporter/116995857307133227,post,#SpiderManBrandNewDay
2026-07-28T04:10:06Z,Mastodon,variety_feed,Zendaya Stuns ‘Spider-Man: Brand New Day’ Premiere in ‘Abstract’ Spider-Inspired Look: ‘It’s Like This Metamorphosis’ #Variety #News #Marvel #SpiderManBrandNewDay #Zendaya https://variety.com/2026/film/news/zendaya-spider-man-brand-new-day-premiere-dress-law-roach-1236822294/,1,https://mastodon.social/@variety_feed/116995640959214890,post,#SpiderManBrandNewDay
2026-07-28T04:09:33Z,Mastodon,variety.com@web.brid.gy,Zendaya Stuns ‘Spider-Man: Brand New Day’ Premiere in ‘Abstract’ Spider-Inspired Look: ‘It’s Like This Metamorphosis’ https://fed.brid.gy/r/https://variety.com/2026/film/news/zendaya-spider-man-brand-new-day-premiere-dress-law-roach-1236822294/,0,https://fed.brid.gy/r/https://variety.com/2026/film/news/zendaya-spider-man-brand-new-day-premiere-dress-law-roach-1236822294/,post,#SpiderManBrandNewDay
2026-07-28T03:55:03Z,Mastodon,deadline,Tom Holland Says ‘Spider-Man: Brand New Day’ Is “More Mature” & Why Film “Is Incredibly Relatable To Young People” #News #SpiderMan #SpiderManBrandNewDay #TomHolland https://deadline.com/2026/07/tom-holland-spider-man-brand-new-day-mature-film-1237005340/,0,https://mastodon.social/@deadline/116995581786600261,post,#SpiderManBrandNewDay
2026-07-27T20:43:18Z,Mastodon,Yonomeaburro@mastodon.world,#SpidermanNoWayHome curiosidades y #cameos con #TomHolland Haciendo memoria de cara al estreno de #SpiderManBrandNewDay https://yonomeaburro.blogspot.com/2026/07/spiderman-no-way-home-2021-curiosidades-cameos.html,0,https://mastodon.world/@Yonomeaburro/116993884053645304,post,#SpiderManBrandNewDay
2026-07-27T16:01:18Z,Mastodon,comingsoon.net@web.brid.gy,Best Mark Ruffalo Movies Ranked Ahead of Spider-Man: Brand New Day https://fed.brid.gy/r/https://www.comingsoon.net/movies/features/2167368-best-mark-ruffalo-movies-ranked-ahead-of-spider-man-brand-new-day,0,https://fed.brid.gy/r/https://www.comingsoon.net/movies/features/2167368-best-mark-ruffalo-movies-ranked-ahead-of-spider-man-brand-new-day,post,#SpiderManBrandNewDay
2026-07-27T15:51:01Z,Mastodon,comingsoon.net@web.brid.gy,Spider-Man: Brand New Day Cut This Huge Daredevil Crossover Out of MCU Movie https://fed.brid.gy/r/https://www.comingsoon.net/movies/news/2167972-spider-man-brand-new-day-daredevil-crossover-mcu-movie,1,https://fed.brid.gy/r/https://www.comingsoon.net/movies/news/2167972-spider-man-brand-new-day-daredevil-crossover-mcu-movie,post,#SpiderManBrandNewDay
2026-07-27T12:36:35Z,Mastodon,popcornpunchlines,Spider-Man: Brand New Day (2026) #webcomic #cartoon #spiderman #spidermanbrandnewday #batman #MCU #marvel,1,https://mastodon.social/@popcornpunchlines/116991970187705431,post,#SpiderManBrandNewDay
2026-07-27T10:00:20Z,Mastodon,oneeyedman@luzeed.org,AAAAAAAAAAAAAAAAAAAAA #Nails #PrincessNailsSpa #Spiderman #SpidermanBrandNewDay,4,https://luzeed.org/p/oneeyedman/987295626337068448,post,#SpiderManBrandNewDay
2026-07-27T08:52:55Z,Mastodon,Yonomeaburro@mastodon.world,#Spiderman Lejos de casa #FarFromHome curiosidades y #cameos con #TomHolland Haciendo memoria de cara al estreno de #SpiderManBrandNewDay https://yonomeaburro.blogspot.com/2026/07/spiderman-lejos-de-casa-far-from-home-2019-curiosidades-cameos.html,0,https://mastodon.world/@Yonomeaburro/116991090692957548,post,#SpiderManBrandNewDay
2026-07-27T06:56:35Z,Mastodon,Mathrubhumi_English,KL Rahul opens up about his lifelong love for Spider-Man and reveals why the superhero means even more to him now that he is a father. https://english.mathrubhumi.com/movies-music/news/kl-rahul-reveals-why-spider-man-feels-even-more-special-to-him-as-a-father-video-irfkuyah?utm_source=dlvr.it&utm_medium=mastodon #KLRahul #SpiderManBrandNewDay #SpiderMan #TomHolland,0,https://mastodon.social/@Mathrubhumi_English/116990633247872641,post,#SpiderManBrandNewDay
2026-07-27T05:38:49Z,Mastodon,phantastiknews,"YouTube Tipp ▶️ #BoxOffice - #TheOdyssey 2nd Weekend Drop, #SpiderManBrandNewDay Opening Weekend Prediction https://youtu.be/RGkCm-Wxehk?is=B8XNd3FioOIwnePS",0,https://mastodon.social/@phantastiknews/116990327479179941,post,#SpiderManBrandNewDay
2026-07-27T05:07:31Z,Mastodon,phantastiknews,YouTube Tipp ▶️ Can #SpiderMan's #TomHolland Recognise #Zendaya's Old Song Lyrics? #spiderManBrandNewDay https://youtu.be/4mQq1bmvdl4?is=OF4N0g4_WFJp3sWZ,0,https://mastodon.social/@phantastiknews/116990204416745083,post,#SpiderManBrandNewDay
2026-07-27T05:00:00Z,Mastodon,fumettologica.it@web.brid.gy,"Con Spider-Man: Brand New Day, Marvel Comics fece qualcosa che non aveva mai fatto prima https://fed.brid.gy/r/https://fumettologica.it/2026/07/spider-man-brand-new-day-fumetti/",0,https://fed.brid.gy/r/https://fumettologica.it/2026/07/spider-man-brand-new-day-fumetti/,post,#SpiderManBrandNewDay
2026-07-26T20:10:07Z,Mastodon,hollywoodreporter,"Tom Holland Says Some of His Movies Are “Sh**,” Making Them Hard to Promote #MovieNews #Movies #SpiderManBrandNewDay #TheOdyssey #TomHolland https://www.hollywoodreporter.com/movies/movie-news/tom-holland-some-movies-bad-hard-promote-1236656794/",3,https://mastodon.social/@hollywoodreporter/116988091268854567,post,#SpiderManBrandNewDay
2026-07-26T20:09:56Z,Mastodon,Yonomeaburro@mastodon.world,"#Spiderman Homecoming, curiosidades y #cameos con #TomHolland Haciendo memoria de cara al estreno de #SpiderManBrandNewDay https://yonomeaburro.blogspot.com/2026/07/spiderman-homecoming-2017-curiosidades-cameos.html",0,https://mastodon.world/@Yonomeaburro/116988090565586782,post,#SpiderManBrandNewDay
2026-07-26T19:44:20Z,Mastodon,indiegenius,Movie TV Tech Geeks #Movie #SpiderManBrandNewDay #Marvel #TomHolland 10 Things 'Spider-Man: Brand New Day' Absolutely Must Deliver http://dlvr.it/TTjr73,0,https://mastodon.social/@indiegenius/116987989910441382,post,#SpiderManBrandNewDay
2026-07-26T15:14:52Z,Mastodon,kotaku.com@web.brid.gy,"Black Panther, Ghost Rider, And More: Everything Marvel Revealed At San Diego Comic Con 2026 https://fed.brid.gy/r/https://kotaku.com/avengers-ghost-rider-and-more-everything-marvel-revealed-at-san-diego-comic-con-2026-2000719376",0,https://fed.brid.gy/r/https://kotaku.com/avengers-ghost-rider-and-more-everything-marvel-revealed-at-san-diego-comic-con-2026-2000719376,post,#SpiderManBrandNewDay
2026-07-26T11:21:02Z,Mastodon,ripppleapp,🍿 Weekly Tracker 🕷️ #SpiderManBrandNewDay faces an unseen threat as this week’s most anticipated movie. 🔪 #Furious leads a killer chase as this week’s most anticipated show. 🦁 #Lioness returns August 2 with a new mission. 👽 #DisclosureDay was this week’s most watched movie with a UFO secret. 🐉 #HouseOfTheDragon was this week’s most watched TV show amid war. #RipppleWeekly #Discover #TV #Movies #Trailers https://ripppleapp.writeas.com/rippples-weekly-tracker-27-jul-2026-2-aug-2026,0,https://mastodon.social/@ripppleapp/116986010815314945,post,#SpiderManBrandNewDay
2026-07-26T07:23:08Z,Mastodon,phantastiknews,YouTube Tipp ▶️ #TomHolland truly manifested his ENTIRE life #spiderman #spiderManBrandNewDay #TheOdyssey https://youtu.be/Wrunyg4n58Y?is=TMioI-gS4BnPsjeL,0,https://mastodon.social/@phantastiknews/116985075367002006,post,#SpiderManBrandNewDay
2026-07-25T22:00:08Z,Mastodon,AustinGorton@mstdn.social,"New cards this week include a second Scorpion and possibly Spider-Man's greatest nemesis, J. Jonah Jameson, as the Brand New Day season continues! #MARVELSNAP #SpiderManBrandNewDay https://comicon.com/2026/07/02/snap-into-marvel-spider-man-brand-new-day-swings-into-snap/",0,https://mstdn.social/@AustinGorton/116982861530960515,post,#SpiderManBrandNewDay
2026-07-25T16:00:00Z,Mastodon,filmtopp@friendica.helvetet.eu,Fyra år efter senaste filmer lever vår hjälte i total anonymitet och nu håller hans superkrafter på att förändras på ett sätt han inte förstår.#Tips #Spider-Man:BrandNewDay #TomHolland #DestinDanielCretton #Zendaya #MarkRuffalo #Bio En av årets största filmer släpps i veckan – över 1 miljard har sett trailern,0,https://friendica.helvetet.eu/display/a7e70941-47720c42-0f0d4411fb990b73,post,#SpiderManBrandNewDay
2026-07-25T09:55:27Z,Mastodon,phantastiknews,YouTube Tipp ▶️ #TomHolland and #JonBernthal Team Up While Eating Spicy Wings #spiderManBrandNewDay #theOdyssey https://youtu.be/mc9WVVAUQGE?is=jBQvPimaiDvv-Pjy,0,https://mastodon.social/@phantastiknews/116980012015580113,post,#SpiderManBrandNewDay
2026-07-25T04:54:32Z,Mastodon,top_news,"These people walked into the IMAX to see 'The Odyssey.' They didn't realize it was in 4D. Imagine not realizing you're about to get shaken and sprayed with water for three hours before walking into a 4DX IMAX theater to see ""The Odyssey."" https://www.businessinsider.com/odyssey-imax-theater-4dx-4d-accidentally-2026-7 #TopNews #News #TheOdyssey #SpiderManBrandNewDay #MinionsMonsters",0,https://mastodon.social/@top_news/116978828742436874,post,#SpiderManBrandNewDay
2026-07-25T01:25:25Z,Mastodon,FilmBook,SPIDER-MAN: BRAND NEW DAY (2026) Movie Trailer 3: Spidey's Selflessness Journey faces Anarchy Link: https://film-book.com/spider-man-brand-new-day-2026-movie-trailer-3/?fsp_sid=229278 #ComicBook #DestinDanielCretton #JacobBatalon #JonBernthal #MarkRuffalo #MarvelComics #MichaelMando #MoviePoster #MovieTrailer #SadieSink #SonyPictures #SpiderManBrandNewDay #TomHolland #TramellTillman #Zendaya,0,https://mastodon.social/@FilmBook/116978006471354999,post,#SpiderManBrandNewDay
2026-07-25T00:52:40Z,Mastodon,top_news,"‘The Odyssey’ Holding Strong for Big Second Weekend in $84.5M Range The film could decline as little as 32 percent, a rare hold for a blockbuster movie. https://www.hollywoodreporter.com/movies/movie-news/the-odyssey-big-second-weekend-box-office-1236656039/ #TopNews #News #Nolan #ObsessionandBackrooms #SpiderManBrandNewDay",0,https://mastodon.social/@top_news/116977877699447170,post,#SpiderManBrandNewDay
2026-07-24T13:57:17Z,Mastodon,phantastiknews,YouTube Tipp ▶️ #Zendaya Sings The #Song That Always Makes #TomHolland Think of #SpiderMan #spiderManBrandNewDay https://youtu.be/XEX6a2AgH08?is=yALY-z__IIswZ8ub,1,https://mastodon.social/@phantastiknews/116975300633372837,post,#SpiderManBrandNewDay
2026-07-24T07:32:14Z,Mastodon,mrulity,"ONE WEEK BEFORE SPIDER-MAN BRAND NEW DAY MOVIE'S RELEASE!!! I'M SOOOO HYPED, LET'S GOOOOOO!!! (i also made a meme lmao) #SpiderManBrandNewDay",0,https://mastodon.social/@mrulity/116973786517041661,post,#SpiderManBrandNewDay
2026-07-23T18:38:16Z,Mastodon,indiegenius,Movie TV Tech Geeks #Exclusives #Marvel #SpiderManBrandNewDay Heroes From Across the Spider-Verse Unite in First Teaser for Marvel's Biggest Crossover Yet [Exclusive] http://dlvr.it/TTgn7K,0,https://mastodon.social/@indiegenius/116970743138423998,post,#SpiderManBrandNewDay
2026-07-23T17:50:06Z,Mastodon,hollywoodreporter,Destin Daniel Cretton Believes Secrecy Around Sadie Sink’s Role Makes ‘Spider-Man: Brand New Day’ a Better Movie #MovieFeatures #Movies #DestinDanielCretton #SadieSink #SpiderManBrandNewDay #SpiderManNoWayHome #TomHolland https://www.hollywoodreporter.com/movies/movie-features/spider-man-brand-new-day-sadie-sink-role-1236654512/,0,https://mastodon.social/@hollywoodreporter/116970553763763372,post,#SpiderManBrandNewDay
2026-07-23T13:05:03Z,Mastodon,indiewire,How Losing ‘Avengers’ Brought Destin Daniel Cretton to ‘Spider-Man: Brand New Day’ #IndieWire #Features #InterviewsCelebrityInterviewsInsiderTakes #AvengersTheKangDynasty #DestinDanielCretton #Film #Interviews #ShangChiandtheLegendoftheTenRings #SpiderManBrandNewDay https://www.indiewire.com/features/interviews/spider-man-brand-new-day-director-interview-1235206443/,0,https://mastodon.social/@indiewire/116969432912939530,post,#SpiderManBrandNewDay
2026-07-23T07:57:02Z,Mastodon,phantanews@mastodon.online,Final Trailer – SPIDER-MAN: BRAND NEW DAY In nur knapp einer Woche ist es so weit: Ein Film aus dem deutlich rarer gewordenen Marvel Cinematic Universe kommt in die Lichtspielhäuser. https://phantanews.de/wp/2026/07/final-trailer-spider-man-brand-new-day/ #Film #Marvel #MarvelCinematicUniverse #MCU #Movie #SpiderManBrandNewDay #SpiderMan #TomHolland #Trailer,0,https://mastodon.online/@phantanews/116968221737854879,post,#SpiderManBrandNewDay
2026-07-23T05:38:56Z,Mastodon,phantastiknews,"YouTube Tipp ▶️ #SpiderManBrandNewDay #Zendaya & #TomHolland On Happiest Memories, Difficulties On Set & Emotional Fan Moments #spiderMan https://youtu.be/NHaFrl6o4go?is=jEVBkWt9f12vUKup",0,https://mastodon.social/@phantastiknews/116967678713091841,post,#SpiderManBrandNewDay
2026-07-22T22:05:38Z,Mastodon,comingsoon.net@web.brid.gy,Spider-Man 4 Confirms Sadie Sink’s MCU Character Has a Surprising Peter Parker Connection https://fed.brid.gy/r/https://www.comingsoon.net/movies/news/2166284-sadie-sink-spider-man-character-connection,1,https://fed.brid.gy/r/https://www.comingsoon.net/movies/news/2166284-sadie-sink-spider-man-character-connection,post,#SpiderManBrandNewDay
2026-07-22T21:49:50Z,Mastodon,comingsoon.net@web.brid.gy,MCU & DCU Fans Argue Over if Clayface or Avengers: Doomsday Had the Better Trailer https://fed.brid.gy/r/https://www.comingsoon.net/movies/news/2166278-mcu-dcu-fans-argue-over-if-clayface-or-avengers-doomsday-had-the-better-trailer,1,https://fed.brid.gy/r/https://www.comingsoon.net/movies/news/2166278-mcu-dcu-fans-argue-over-if-clayface-or-avengers-doomsday-had-the-better-trailer,post,#SpiderManBrandNewDay
2026-07-22T21:16:03Z,Mastodon,comingsoon.net@web.brid.gy,"Spider-Man 4 Cut a Fight Scene With Multiple Villains, But Fans May Still Be Able to See It https://fed.brid.gy/r/https://www.comingsoon.net/guides/news/2166252-spider-man-4-cut-a-fight-scene-with-multiple-villains-but-fans-may-still-be-able-to-see-it",1,https://fed.brid.gy/r/https://www.comingsoon.net/guides/news/2166252-spider-man-4-cut-a-fight-scene-with-multiple-villains-but-fans-may-still-be-able-to-see-it,post,#SpiderManBrandNewDay
2026-07-22T20:49:52Z,Mastodon,comingsoon.net@web.brid.gy,Spider-Man: Brand New Day Director Teases Bigger MCU Twist Than Sadie Sink Role Reveal https://fed.brid.gy/r/https://www.comingsoon.net/movies/news/2166229-spider-man-brand-new-day-director-teases-bigger-mcu-twist-than-sadie-sink-role-reveal,1,https://fed.brid.gy/r/https://www.comingsoon.net/movies/news/2166229-spider-man-brand-new-day-director-teases-bigger-mcu-twist-than-sadie-sink-role-reveal,post,#SpiderManBrandNewDay
2026-07-22T18:29:15Z,Mastodon,comingsoon.net@web.brid.gy,Tom Holland Reveals Biggest Difference Between Nolan’s The Odyssey & Spider-Man Sets https://fed.brid.gy/r/https://www.comingsoon.net/movies/news/2166079-tom-holland-biggest-difference-nolan-marvel-sets,0,https://fed.brid.gy/r/https://www.comingsoon.net/movies/news/2166079-tom-holland-biggest-difference-nolan-marvel-sets,post,#SpiderManBrandNewDay
2026-07-22T17:57:54Z,Mastodon,indiegenius,Movie TV Tech Geeks #MovieNews #SpiderManBrandNewDay #MilesMorales Marvel Boss Officially Confirms Spider-Man's New Replacement http://dlvr.it/TTfsqh,0,https://mastodon.social/@indiegenius/116964922144381186,post,#SpiderManBrandNewDay
2026-07-22T17:25:12Z,Mastodon,scifibr.wordpress.com@scifibr.wordpress.com,"Assista ao Trailer Final de HOMEM-ARANHA: UM NOVO DIA A Sony Pictures divulgou o trailer final de Homem-Aranha: Um Novo Dia, o quarto filme do super-herói no MCU protagonizado por Tom Holland: Além de Holland como Parker o elenco inclui Sadie Sink em papel ainda não revelado, Jon Bernthal como Frank Castle, o Justiceiro, Michael Mando como Escorpião, Mark Ruffalo como Bruce Banner, Tramell Tillman como William Metzger e os retornos de Jacob Batalon e Zendaya respectivamente como Ned Leeds e MJ. O filme, com direção de Destin Daniel Cretton, de Shang-Chi, e roteiro de Chris McKenna e Erik Sommers, estreia no Brasil dia 29 de julho. #ChrisMcKenna #DestinDanielCretton #ErikSommers #Filmes #HomemAranha4 #HomemAranhaUmNovoDia #JacobBatalon #JonBernthal #MarkRuffalo #MarvelStudios #MichaelMando #Quadrinhos #SadieSink #SciFiNews #SonyPictures #SpiderManBrandNewDay #TomHolland #Trailer #TramellTillman #Zendaya",0,https://scifibr.wordpress.com/2026/07/22/assista-ao-trailer-final-de-homem-aranha-um-novo-dia/,post,#SpiderManBrandNewDay
2026-07-22T17:00:18Z,Mastodon,hollywoodreporter,Married With Tentpoles: Tom and Zendaya’s Blockbuster Honeymoon #MovieNews #Movies #SpiderManBrandNewDay #TheOdyssey #TomHolland #Zendaya https://www.hollywoodreporter.com/movies/movie-news/tom-holland-zendaya-blockbuster-honeymoon-1236653698/,0,https://mastodon.social/@hollywoodreporter/116964695613692314,post,#SpiderManBrandNewDay
2026-07-22T16:22:00Z,Mastodon,LASparks@sportsbots.xyz,Spider-Man in LA? We’ve got your itinerary covered. Spider-Man: Brand New Day in theaters July 31st! @SpiderManMovie@twitter.com #SpiderManBrandNewDay,0,https://twitter.com/LASparks/status/2079965191543165187,post,#SpiderManBrandNewDay
2026-07-22T16:03:49Z,Mastodon,indiegenius,Movie TV Tech Geeks #Exclusives #SpiderManBrandNewDay ‘Spider-Man: Brand New Day’ Director Teases a Darker MCU Story Thanks to The Punisher http://dlvr.it/TTfn50,0,https://mastodon.social/@indiegenius/116964473506507182,post,#SpiderManBrandNewDay
2026-07-22T15:40:08Z,Mastodon,variety_feed,"‘Spider-Man: Brand New Day’ Merch Swings Into Stores With Luxury Watches, Lego Sets, Funko Collectibles and More #Variety #News #SpiderManBrandNewDay https://variety.com/2026/shopping/news/spider-man-brand-new-day-merch-collectibles-shop-online-1236818071/",0,https://mastodon.social/@variety_feed/116964380381031069,post,#SpiderManBrandNewDay
2026-07-22T14:06:21Z,Mastodon,comingsoon.net@web.brid.gy,Major Spider-Man Star Thought They Were Done Before Brand New Day’s Surprise Return https://fed.brid.gy/r/https://www.comingsoon.net/movies/news/2165850-spider-man-brand-new-day-ned-mj-no-way-home-return,0,https://fed.brid.gy/r/https://www.comingsoon.net/movies/news/2165850-spider-man-brand-new-day-ned-mj-no-way-home-return,post,#SpiderManBrandNewDay
2026-07-22T13:35:00Z,Mastodon,comingsoon.net@web.brid.gy,Spider-Man: Brand New Day’s Jacob Batalon Makes His Feelings Clear on Playing Hobgoblin https://fed.brid.gy/r/https://www.comingsoon.net/movies/news/2165702-spider-man-brand-new-day-jacob-batalon-ned-leeds-hobgoblin,0,https://fed.brid.gy/r/https://www.comingsoon.net/movies/news/2165702-spider-man-brand-new-day-jacob-batalon-ned-leeds-hobgoblin,post,#SpiderManBrandNewDay
2026-07-22T13:07:00Z,Mastodon,comingsoon.net@web.brid.gy,Spider-Man: Brand New Day Fans Are Saying the Same Thing About Final Trailer https://fed.brid.gy/r/https://www.comingsoon.net/movies/news/2165712-spider-man-brand-new-day-trailer-final-reactions,0,https://fed.brid.gy/r/https://www.comingsoon.net/movies/news/2165712-spider-man-brand-new-day-trailer-final-reactions,post,#SpiderManBrandNewDay
2026-07-22T12:52:22Z,Mastodon,movizark@mastodon.world,"'Spider-Man: Brand New Day': Final Trailer Focuses on Peter Parker’s Journey!! Check It Out!! #JacobBatalon, #JonBernthal, #LizaColonZayas, #MarkRuffalo, #Marvel, #MarvinJonesIII, #MelanieScrofano, #MichaelMando, #SadieSink, #Sony, #SpiderMan4, #SpiderManBrandNewDay, #TomHolland, #TramellTillman, #Zendaya",0,https://mastodon.world/@movizark/116963720734838278,post,#SpiderManBrandNewDay
2026-07-22T11:20:00Z,Mastodon,comingsoon.net@web.brid.gy,Kevin Feige’s Spider-Man: Brand New Day Review Is Exactly What Fans Would Want https://fed.brid.gy/r/https://www.comingsoon.net/movies/news/2165788-spider-man-brand-new-day-kevin-feige-review-destin-daniel-cretton,0,https://fed.brid.gy/r/https://www.comingsoon.net/movies/news/2165788-spider-man-brand-new-day-kevin-feige-review-destin-daniel-cretton,post,#SpiderManBrandNewDay
2026-07-22T11:10:00Z,Mastodon,comingsoon.net@web.brid.gy,Why Spider-Man: Brand New Day Won’t Reveal Sadie Sink’s Role Yet https://fed.brid.gy/r/https://www.comingsoon.net/movies/news/2165740-spider-man-brand-new-day-sadie-sink-mystery-role-destin-daniel-cretton,0,https://fed.brid.gy/r/https://www.comingsoon.net/movies/news/2165740-spider-man-brand-new-day-sadie-sink-mystery-role-destin-daniel-cretton,post,#SpiderManBrandNewDay
2026-07-22T09:30:30Z,Mastodon,fumettologica.it@web.brid.gy,Il trailer finale di Spider-Man: Brand New Day https://fed.brid.gy/r/https://fumettologica.it/2026/07/spider-man-brand-new-day-trailer-finale/,0,https://fed.brid.gy/r/https://fumettologica.it/2026/07/spider-man-brand-new-day-trailer-finale/,post,#SpiderManBrandNewDay
2026-07-22T09:05:26Z,Mastodon,WinFuture,"Der finale Trailer zu #SpiderMan Brand New Day verspricht reichlich Action: Peter Parker muss sich nicht nur einem unsichtbaren Feind stellen, sondern auch gegen den #Hulk kämpfen. #SpiderManBrandNewDay #Marvel https://winfuture.de/videos/Film-TV/Spider-Man-Brand-New-Day-Marvel-zeigt-den-finalen-Trailer-28884.html?utm_source=Mastodon&utm_medium=ManualStatus&utm_campaign=SocialMedia",0,https://mastodon.social/@WinFuture/116962828415201774,post,#SpiderManBrandNewDay
2026-07-22T07:11:22Z,Mastodon,Mathrubhumi_English,Tom Holland has revealed why Spider-Man: Brand New Day is Peter Parker's darkest and most emotional story yet and fans have plenty to unpack. https://english.mathrubhumi.com/movies-music/news/spider-man-brand-new-day-tom-holland-peter-parker-details-oclezv58?utm_source=dlvr.it&utm_medium=mastodon #SpiderManBrandNewDay #TomHolland #SpiderMan #Marvel #PeterParker,0,https://mastodon.social/@Mathrubhumi_English/116962379886694930,post,#SpiderManBrandNewDay
2026-07-22T04:45:37Z,Mastodon,LASparks@sportsbots.xyz,Asking our players to do their best Spidey pose in honor of Spider-Man Brand New Day in theaters July 31st! @SpiderManMovie@twitter.com x #SpiderManBrandNewDay,0,https://twitter.com/LASparks/status/2079789943640273325,post,#SpiderManBrandNewDay
2026-07-22T04:26:41Z,Mastodon,comingsoon.net@web.brid.gy,Zendaya’s Three-Word Response to Fan’s Marriage Proposal Has Everyone Smiling https://fed.brid.gy/r/https://www.comingsoon.net/movies/news/2165600-zendaya-fan-proposal-response-reaction,1,https://fed.brid.gy/r/https://www.comingsoon.net/movies/news/2165600-zendaya-fan-proposal-response-reaction,post,#SpiderManBrandNewDay
2026-07-22T03:50:05Z,Mastodon,deadline,‘Spider-Man: Brand New Day’ Final Trailer Shows Tom Holland Swinging With Zendaya & Closer Look At Mark Ruffalo’s Hulk #News #MarkRuffalo #SpiderMan #SpiderManBrandNewDay #TomHolland #Zendaya https://deadline.com/2026/07/spider-man-brand-new-day-final-trailer-tom-holland-zendaya-hulk-1236999940/,0,https://mastodon.social/@deadline/116961588389616684,post,#SpiderManBrandNewDay
2026-07-22T00:25:07Z,Mastodon,hollywoodreporter,How Christopher Nolan’s ‘The Odyssey’ Conquered the Box Office #MovieNews #Movies #AnneHathaway #Boxoffice #ChristopherNolan #Imax #Letterboxd #MattDamon #Oppenheimer #RobertPattinson #SpiderManBrandNewDay #TheOdyssey #TomHolland #UniversalPictures #Zendaya https://www.hollywoodreporter.com/movies/movie-news/the-odyssey-christopher-nolan-box-office-success-explained-1236652731/,0,https://mastodon.social/@hollywoodreporter/116960782449790129,post,#SpiderManBrandNewDay
2026-07-22T00:12:11Z,Mastodon,top_news,"‘Avengers: Doomsday’ Trailer Hits 503 Million Views in One Day, Second Biggest Launch in History After ‘Spider-Man: Brand New Day’ (EXCLUSIVE) The ""Avengers: Doomsday"" trailer has been viewed 503 million times over 24 hours, the second-biggest trailer launch behind ""Spider-Man: Brand New Day."" https://variety.com/2026/film/news/avengers-doomsday-trailer-views-disney-record-1236817568/ #TopNews #News #Doomsday #SpiderManBrandNewDay #DeadpoolWolverine",1,https://mastodon.social/@top_news/116960731533661803,post,#SpiderManBrandNewDay
2026-07-21T17:45:38Z,Mastodon,kotaku.com@web.brid.gy,The Hulk Whoops Spider-Man’s Ass In Final Brand New Day Trailer https://fed.brid.gy/r/https://kotaku.com/spider-man-brand-new-day-trailer-hulk-fight-mj-peter-2000718085,0,https://fed.brid.gy/r/https://kotaku.com/spider-man-brand-new-day-trailer-hulk-fight-mj-peter-2000718085,post,#SpiderManBrandNewDay
2026-07-21T17:32:12Z,Mastodon,geekrealmhub,"A new look at #SpiderManBrandNewDay has been released, teasing the next chapter for Marvel's iconic web-slinger. Only in theaters July 31. Are you ready for Spider-Man's next adventure? #SpiderMan #Marvel #MCU #Movies",0,https://mastodon.social/@geekrealmhub/116959158793096661,post,#SpiderManBrandNewDay
2026-07-21T17:17:43Z,Mastodon,indiegenius,Movie TV Tech Geeks #Exclusives #SpiderManBrandNewDay #KevinFeige Marvel and Sony Bosses Cheered After Watching ‘Spider-Man: Brand New Day’ for the First Time http://dlvr.it/TTdxpg,0,https://mastodon.social/@indiegenius/116959101830812826,post,#SpiderManBrandNewDay
2026-07-21T16:20:35Z,Mastodon,wevegotbackissues.com@wevegotbackissues.com,Spider-Man: Brand New Day – Final Trailer https://youtu.be/daXaTug8rL4?si=REk9p1Ogk95qOZVB The final trailer has been released for Spider-Man: Brand New Day. It’s about to be a Brand New Day. Get tickets now. Spider-Man: Brand New Day is in theatres July 31. It’s a BRAND NEW DAY for Peter Parker. Fighting crime full-time as Spider-Man in a world that doesn’t remember him—and the pressure of seeing his old friends move on without him—sparks a change in Peter he may not have the power to control. But that transformation might also be the only thing that can stop a shocking new threat to the city and those he loves – a powerful villain no one can even see. RETURN TO MARVEL TRAILERS #MarvelStudios #MCU #SpiderMan #SpiderManBrandNewDay #TomHolland #Trailer,0,https://wevegotbackissues.com/2026/07/21/spider-man-brand-new-day-final-trailer/,post,#SpiderManBrandNewDay
2026-07-21T16:10:10Z,Mastodon,variety_feed,‘Spider-Man: Brand New Day’ Final Trailer Unveils Action-Packed New Footage of Mark Rufflo’s Hulk Battling the Web-Slinger #Variety #News #SpiderManBrandNewDay #TomHolland #Zendaya https://variety.com/2026/film/news/spider-man-brand-new-day-final-trailer-hulk-battle-footage-1236817155/,1,https://mastodon.social/@variety_feed/116958836193201310,post,#SpiderManBrandNewDay
2026-07-21T16:06:29Z,Mastodon,variety.com@web.brid.gy,‘Spider-Man: Brand New Day’ Final Trailer Unveils Action-Packed New Footage of Mark Rufflo’s Hulk Battling the Web-Slinger https://fed.brid.gy/r/https://variety.com/2026/film/news/spider-man-brand-new-day-final-trailer-hulk-battle-footage-1236817155/,0,https://fed.brid.gy/r/https://variety.com/2026/film/news/spider-man-brand-new-day-final-trailer-hulk-battle-footage-1236817155/,post,#SpiderManBrandNewDay
2026-07-21T13:30:15Z,Mastodon,kotaku.com@web.brid.gy,Watch Spider-Man: Brand New Day Actor Sadie Sink Expertly Avoid The Jean Grey Question https://fed.brid.gy/r/https://kotaku.com/spider-man-brand-new-day-sadie-sink-jean-grey-ask-question-2000718004,0,https://fed.brid.gy/r/https://kotaku.com/spider-man-brand-new-day-sadie-sink-jean-grey-ask-question-2000718004,post,#SpiderManBrandNewDay
2026-07-21T05:13:59Z,Mastodon,phantastiknews,YouTube Tipp ▶️ #SpidermanBrandNewDay #Cast interviewed by Real Life Heroes #bbc #Superman https://youtube.com/watch?v=zulQhwhD3GQ&feature=shared,0,https://mastodon.social/@phantastiknews/116956255965569561,post,#SpiderManBrandNewDay
2026-07-21T04:00:16Z,Mastodon,deadline,Sadie Sink Keeps Mystery Of ‘Spider-Man: Brand New Day’ Role & Reveals “I Am Not Aunt May” #News #Marvel #SadieSink #SonyPicturesEntertainment #SpiderMan #SpiderManBrandNewDay https://deadline.com/2026/07/sadie-sink-mystery-spider-man-brand-new-day-role-1236999030/,1,https://mastodon.social/@deadline/116955966114230976,post,#SpiderManBrandNewDay
2026-07-20T21:13:05Z,Mastodon,comingsoon.net@web.brid.gy,"Avengers: Doomsday Might Lose 2026 Box Office to One Other Movie, But There’s a Catch https://fed.brid.gy/r/https://www.comingsoon.net/movies/news/2164824-avengers-doomsday-might-lose-2026-box-office-to-one-other-movie-but-theres-a-catch",1,https://fed.brid.gy/r/https://www.comingsoon.net/movies/news/2164824-avengers-doomsday-might-lose-2026-box-office-to-one-other-movie-but-theres-a-catch,post,#SpiderManBrandNewDay
2026-07-20T20:11:15Z,Mastodon,fanthatracks,"Adam Driver has been talking to Marvel about a future role #AdamDriver #RyanGosling #StarWars #FanthaTracks #kevinfeige #joshhorowitz #spidermanbrandnewday #adamdriver Adam Driver has been offered 'many, many, many' characters in the MCU. Read the whole story at the below link: https://www.fanthatracks.com/interviews/adam-driver-has-been-talking-to-marvel-about-a-future-role/",0,https://mastodon.social/@fanthatracks/116954121880828598,post,#SpiderManBrandNewDay
2026-07-20T19:59:12Z,Mastodon,comingsoon.net@web.brid.gy,Spider-Man: Brand New Day Drops Most Detailed Look Yet at MCU’s Savage Hulk https://fed.brid.gy/r/https://www.comingsoon.net/movies/news/2164769-spider-man-brand-new-day-drops-most-detailed-look-yet-at-mcus-savage-hulk,1,https://fed.brid.gy/r/https://www.comingsoon.net/movies/news/2164769-spider-man-brand-new-day-drops-most-detailed-look-yet-at-mcus-savage-hulk,post,#SpiderManBrandNewDay
2026-07-20T16:39:17Z,Mastodon,indiegenius,Movie TV Tech Geeks #BooksandComics #SpiderManBrandNewDay #SpiderMan 7 Comics To Read Before 'Spider-Man: Brand New Day' http://dlvr.it/TTd36S,0,https://mastodon.social/@indiegenius/116953288385429274,post,#SpiderManBrandNewDay
2026-07-20T14:57:10Z,Mastodon,phantastiknews,YouTube Tipp ▶️ #SpiderMan's #TomHolland Shares His #Reaction to Watching #SpidermanBrandNewDay https://youtu.be/VvLZDsulT7k?is=GV7kklifZrIeWEbV,0,https://mastodon.social/@phantastiknews/116952886837032315,post,#SpiderManBrandNewDay
2026-07-20T14:32:36Z,Mastodon,comingsoon.net@web.brid.gy,Sadie Sink’s Jean Grey Response Only Fuels Spider-Man 4 Rumors Further https://fed.brid.gy/r/https://www.comingsoon.net/movies/news/2164555-spider-man-sadie-sink-jean-grey-response,1,https://fed.brid.gy/r/https://www.comingsoon.net/movies/news/2164555-spider-man-sadie-sink-jean-grey-response,post,#SpiderManBrandNewDay
2026-07-20T13:54:41Z,Mastodon,movizark@mastodon.world,"'The Odyssey' Stuns With $124 Million Domestic & $264 Million Worldwide Opening at the BO!! #TheOdyssey, #MinionsAndMonsters, #ToyStory5, #Moana, #Supergirl, #TheInvite, #TheBride, #SpiderManBrandNewDay, #boxoffice",0,https://mastodon.world/@movizark/116952641143636172,post,#SpiderManBrandNewDay
2026-07-20T12:50:50Z,Mastodon,indiegenius,Movie TV Tech Geeks #Exclusives #SpiderManBrandNewDay #SadieSink Sadie Sink Opens Up About Her Secret 'Spider-Man: Brand New Day' Role http://dlvr.it/TTcrzZ,0,https://mastodon.social/@indiegenius/116952390073800760,post,#SpiderManBrandNewDay
2026-07-20T11:54:23Z,Mastodon,indiegenius,Movie TV Tech Geeks #Exclusives #WonderMan #SpiderManBrandNewDay ‘Wonder Man’ Boss Offers First Update on Season 2 Production [Exclusive] http://dlvr.it/TTcpYR,0,https://mastodon.social/@indiegenius/116952168090788639,post,#SpiderManBrandNewDay
2026-07-20T10:13:44Z,Mastodon,comingsoon.net@web.brid.gy,Tom Holland Says Spider-Man Ignores No Way Home’s Most Crucial Lesson https://fed.brid.gy/r/https://www.comingsoon.net/movies/news/2164456-tom-holland-spider-man-ignores-no-way-home-warning-in-brand-new-day,1,https://fed.brid.gy/r/https://www.comingsoon.net/movies/news/2164456-tom-holland-spider-man-ignores-no-way-home-warning-in-brand-new-day,post,#SpiderManBrandNewDay
2026-07-20T09:49:52Z,Mastodon,phantastiknews,"YouTube Tipp ▶️ #SpiderManBrandNewDay Press Conference | #TomHolland, #Zendaya & #Cast. https://youtu.be/crQ-ESCE5mA?is=YhrOy2Xsfg_xrTSU",0,https://mastodon.social/@phantastiknews/116951678466733639,post,#SpiderManBrandNewDay
2026-07-20T09:03:10Z,Mastodon,indiegenius,Movie TV Tech Geeks #Exclusives #SpiderManBrandNewDay #KevinFeige Kevin Feige Confirms ‘Spider-Man: Brand New Day’s Place in the MCU Timeline [Exclusive] http://dlvr.it/TTcgxw,0,https://mastodon.social/@indiegenius/116951494873340691,post,#SpiderManBrandNewDay
2026-07-20T09:03:06Z,Mastodon,indiegenius,Movie TV Tech Geeks #Exclusives #SpiderManBrandNewDay #TomHolland Tom Holland Shares His Reaction to Watching ‘Spider-Man: Brand New Day’ for the First Time http://dlvr.it/TTcgwY,0,https://mastodon.social/@indiegenius/116951494573162238,post,#SpiderManBrandNewDay
2026-07-19T15:55:10Z,Mastodon,hollywoodreporter,‘The Odyssey’ Seizes $124M Opening in Box Office Triumph #MovieNews #Movies #AnneHathaway #Boxoffice #ChristopherNolan #MattDamon #Oppenheimer #RobertPattinson #SpiderManBrandNewDay #TheOdyssey #TomHolland #UniversalPictures #Zendaya https://www.hollywoodreporter.com/movies/movie-news/the-odyssey-box-office-christopher-nolan-opening-success-1236651646/,0,https://mastodon.social/@hollywoodreporter/116947452568853391,post,#SpiderManBrandNewDay
2026-07-19T08:26:21Z,Mastodon,galaxyaddicted.it@web.brid.gy,"X-Men, il primo villain del reboot potrebbe debuttare con Spider-Man https://fed.brid.gy/r/https://www.galaxyaddicted.it/2026/07/x-men-villain-spider-man-william-metzger/",0,https://fed.brid.gy/r/https://www.galaxyaddicted.it/2026/07/x-men-villain-spider-man-william-metzger/,post,#SpiderManBrandNewDay
2026-07-19T05:20:57Z,Mastodon,phantastiknews,YouTube Tipp ▶️ The Score of #SpiderManBrandNewDay with Composer #MichaelGiacchino https://youtu.be/BD3yPEL2fWg?is=lrxrkpCxnOCKrT4r,0,https://mastodon.social/@phantastiknews/116944958737436933,post,#SpiderManBrandNewDay
2026-07-18T14:18:32Z,Mastodon,nerdevil@livellosegreto.it,Il nuovo film di Spider-Man prende il titolo da un periodo dei fumetti Marvel ricordato con poco entusiasmo dai lettori. Cadrà negli stessi errori? Articolo di Murdock #spiderman #spidermanbrandnewday #mcu #fumetti #comics #marvel https://www.nerdevil.it/2026/07/18/spider-man-brand-new-day-cinema-fumetti/,0,https://livellosegreto.it/@nerdevil/116941410311952287,post,#SpiderManBrandNewDay
2026-07-18T11:48:30Z,Mastodon,phantastiknews,YouTube Tipp ▶️ #Spiderman A brand new shape for a Brand New Day | #spiderManBrandNewDay 🕸️ https://youtu.be/fUE_T6qaroI?is=F,0,https://mastodon.social/@phantastiknews/116940820347827564,post,#SpiderManBrandNewDay
2026-07-18T08:10:38Z,Mastodon,galaxyaddicted.it@web.brid.gy,"Spider-Man: Brand New Day, il Punitore sarà il nuovo mentore di Peter Parker https://fed.brid.gy/r/https://www.galaxyaddicted.it/2026/07/spider-man-brand-new-day-punisher-mentore/",0,https://fed.brid.gy/r/https://www.galaxyaddicted.it/2026/07/spider-man-brand-new-day-punisher-mentore/,post,#SpiderManBrandNewDay
2026-07-18T05:22:25Z,Mastodon,phantastiknews,"YouTube Tipp ▶️ #SPIDERMANBRANDNEWDAY ""No Banner, Only #Hulk"" Trailer https://youtu.be/K5XhHzKglIo?is=v6dBu86gU3NR3RpH",1,https://mastodon.social/@phantastiknews/116939302174953564,post,#SpiderManBrandNewDay
2026-07-17T21:55:02Z,Mastodon,comingsoon.net@web.brid.gy,Spider-Man: Brand New Day Unveils Tom Holland’s Secret Weapon Against Savage Hulk https://fed.brid.gy/r/https://www.comingsoon.net/movies/news/2164222-spider-man-brand-new-day-unveils-tom-hollands-secret-weapon-again-savage-hulk,1,https://fed.brid.gy/r/https://www.comingsoon.net/movies/news/2164222-spider-man-brand-new-day-unveils-tom-hollands-secret-weapon-again-savage-hulk,post,#SpiderManBrandNewDay
2026-07-17T21:22:48Z,Mastodon,AustinGorton@mstdn.social,"It's Boomerang week in Marvel Snap! I don't think it's going to be a terrible significant card (then again, I don't play much bounce), but I LOVE the way the card ability reflects the character's schtick. #MarvelSnap #SpiderManBrandNewDay https://comicon.com/2026/07/02/snap-into-marvel-spider-man-brand-new-day-swings-into-snap/",0,https://mstdn.social/@AustinGorton/116937416291279645,post,#SpiderManBrandNewDay
2026-07-17T20:30:56Z,Mastodon,comingsoon.net@web.brid.gy,Spider-Man: Brand New Day Sadie Sink Role Confirmations Aren’t What Fans Expected https://fed.brid.gy/r/https://www.comingsoon.net/movies/news/2164168-sadie-sink-spider-man-brand-new-day-role-confirmations,1,https://fed.brid.gy/r/https://www.comingsoon.net/movies/news/2164168-sadie-sink-spider-man-brand-new-day-role-confirmations,post,#SpiderManBrandNewDay
2026-07-17T15:40:06Z,Mastodon,comingsoon.net@web.brid.gy,Punisher Star Jon Bernthal Just Spoiled a Major Spider-Man: Brand New Day Moment https://fed.brid.gy/r/https://www.comingsoon.net/movies/news/2163958-punisher-star-jon-bernthal-just-spoiled-a-major-spider-man-brand-new-day-moment,1,https://fed.brid.gy/r/https://www.comingsoon.net/movies/news/2163958-punisher-star-jon-bernthal-just-spoiled-a-major-spider-man-brand-new-day-moment,post,#SpiderManBrandNewDay
2026-07-17T13:58:17Z,Mastodon,phantastiknews,YouTube Tipp ▶️ The #Cast of #SpidermanBrandNewDay React To #Spiderman #Memes https://youtu.be/5Q24zPTw_KU?is=dC1iNULDUxvpBMoH,0,https://mastodon.social/@phantastiknews/116935668385007692,post,#SpiderManBrandNewDay
2026-07-17T13:34:22Z,Mastodon,in.mashable.com@web.brid.gy,"Spider-Man: Brand New Day Advance Bookings, Ticket Prices - How To Book Online? https://fed.brid.gy/r/https://in.mashable.com/entertainment/112059/spider-man-brand-new-day-advance-bookings-ticket-prices-how-to-book-online",0,https://fed.brid.gy/r/https://in.mashable.com/entertainment/112059/spider-man-brand-new-day-advance-bookings-ticket-prices-how-to-book-online,post,#SpiderManBrandNewDay
2026-07-17T11:31:44Z,Mastodon,phantastiknews,"YouTube Tipp ▶️ #TomHolland, #Zendaya & #JacobBatalon Take On The ULTIMATE #SpiderMan Quiz #SpidermanBrandNewDay https://youtu.be/w7crmBrYTEE?is=fgIPsItYlfdFiAce",0,https://mastodon.social/@phantastiknews/116935092098383787,post,#SpiderManBrandNewDay
2026-07-17T11:03:24Z,Mastodon,comingsoon.net@web.brid.gy,New Spider-Man: Brand New Day Trailer Released & There’s Only 1 Way To Watch It https://fed.brid.gy/r/https://www.comingsoon.net/movies/news/2163780-spider-man-brand-new-day-trailer-released-description,1,https://fed.brid.gy/r/https://www.comingsoon.net/movies/news/2163780-spider-man-brand-new-day-trailer-released-description,post,#SpiderManBrandNewDay
2026-07-17T09:53:50Z,Mastodon,Mathrubhumi_English,"From Tony Stark's mentorship to the heartbreaking ending of ‘Spider-Man: No Way Home’, here's everything you need to remember before Tom Holland returns in 'Spider-Man: Brand New Day’. https://english.mathrubhumi.com/movies-music/news/spider-man-brand-new-day-tom-holland-superhero-journey-recap-aiu48wkt?utm_source=dlvr.it&utm_medium=mastodon #TomHolland #SpiderManBrandNewDay #Marvel #Hollywood",0,https://mastodon.social/@Mathrubhumi_English/116934707169368202,post,#SpiderManBrandNewDay
2026-07-17T09:01:01Z,Mastodon,Mathrubhumi_English,Tom Holland's return as the iconic superhero is already generating one of the strongest pre-release responses seen for a Hollywood film in the country. https://english.mathrubhumi.com/movies-music/news/spider-man-brand-new-day-advance-bookings-open-nationwide-after-massive-demand-for-premium-shows-ejeqxtho?utm_source=dlvr.it&utm_medium=mastodon #SpiderManBrandNewDay #TomHolland #SpiderMan #Marvel #BoxOffice,0,https://mastodon.social/@Mathrubhumi_English/116934499439448343,post,#SpiderManBrandNewDay
2026-07-17T08:10:38Z,Mastodon,galaxyaddicted.it@web.brid.gy,"Futuro MCU, cosa arriverà davvero: film e serie Marvel confermati fino al 2027 https://fed.brid.gy/r/https://www.galaxyaddicted.it/2026/07/futuro-mcu-film-serie-confermati/",0,https://fed.brid.gy/r/https://www.galaxyaddicted.it/2026/07/futuro-mcu-film-serie-confermati/,post,#SpiderManBrandNewDay
2026-07-16T23:36:57Z,Mastodon,comingsoon.net@web.brid.gy,Jon Bernthal Reveals 13-Year-Long Rivalry With MCU Costar Tom Holland & Who’s Winning https://fed.brid.gy/r/https://www.comingsoon.net/movies/news/2163467-jon-bernthal-tom-holland-13-year-rivalry-whos-winning,1,https://fed.brid.gy/r/https://www.comingsoon.net/movies/news/2163467-jon-bernthal-tom-holland-13-year-rivalry-whos-winning,post,#SpiderManBrandNewDay
2026-07-16T21:33:45Z,Mastodon,indiegenius,Movie TV Tech Geeks #MovieFeatures #SpiderManBrandNewDay #Comics 7 of Spider-Man's Biggest Transformations in the Marvel Comic Books http://dlvr.it/TTZLvr,0,https://mastodon.social/@indiegenius/116931797007708893,post,#SpiderManBrandNewDay
2026-07-16T18:46:06Z,Mastodon,comingsoon.net@web.brid.gy,New Tom Holland Spider-Man Release Arrives on Disney+ Before Brand New Day https://fed.brid.gy/r/https://www.comingsoon.net/movies/news/2163374-new-tom-holland-spider-man-release-arrives-on-disney-before-brand-new-day,1,https://fed.brid.gy/r/https://www.comingsoon.net/movies/news/2163374-new-tom-holland-spider-man-release-arrives-on-disney-before-brand-new-day,post,#SpiderManBrandNewDay
2026-07-16T17:45:44Z,Mastodon,comingsoon.net@web.brid.gy,Tom Holland Claims Spider-Man: Brand New Day’s Final Act Belongs to Sadie Sink https://fed.brid.gy/r/https://www.comingsoon.net/movies/news/2163207-spider-man-brand-new-day-sadie-sink-tom-holland-mcu-debut,1,https://fed.brid.gy/r/https://www.comingsoon.net/movies/news/2163207-spider-man-brand-new-day-sadie-sink-tom-holland-mcu-debut,post,#SpiderManBrandNewDay
2026-07-16T16:10:33Z,Mastodon,comingsoon.net@web.brid.gy,Spider-Man: Brand New Day Drops Its Biggest MCU Villain Hint Yet https://fed.brid.gy/r/https://www.comingsoon.net/movies/news/2163271-spider-man-brand-new-day-mcu-villain-hint,1,https://fed.brid.gy/r/https://www.comingsoon.net/movies/news/2163271-spider-man-brand-new-day-mcu-villain-hint,post,#SpiderManBrandNewDay
2026-07-16T15:46:17Z,Mastodon,comingsoon.net@web.brid.gy,Spider-Man: Brand New Day Poster Offers Coolest Look at Tom Holland & Hulk’s Battle Yet https://fed.brid.gy/r/https://www.comingsoon.net/movies/news/2163235-spider-man-brand-new-day-poster-offers-coolest-look-at-tom-holland-hulks-battle-yet,1,https://fed.brid.gy/r/https://www.comingsoon.net/movies/news/2163235-spider-man-brand-new-day-poster-offers-coolest-look-at-tom-holland-hulks-battle-yet,post,#SpiderManBrandNewDay
2026-07-16T13:05:48Z,Mastodon,hollywoodreporter,"Jon Bernthal on ‘Odyssey’ Battles, Counseling Spider-Man and Always Going Big: “Embarrass the F*** Out of Yourself” #MovieFeatures #Movies #JonBernthal #SpiderManBrandNewDay #TheOdyssey #THRCoverStory #THROriginalVideo https://www.hollywoodreporter.com/movies/movie-features/jon-bernthal-the-odyssey-spider-man-marvel-1236648432/",0,https://mastodon.social/@hollywoodreporter/116929799694820120,post,#SpiderManBrandNewDay
2026-07-16T11:34:40Z,Mastodon,phantastiknews,YouTube Tipp ▶️ #SpiderManBrandNewDay - Invisible Threat Vignette - Only In Cinemas https://youtu.be/YXNZxYFawDI?is=YfB3h_s-KpPQynkP,0,https://mastodon.social/@phantastiknews/116929441322073137,post,#SpiderManBrandNewDay
2026-07-16T07:50:41Z,Mastodon,galaxyaddicted.it@web.brid.gy,Tom Holland guarda già a Spider-Man 5: l’idea nata sul set di Odissea https://fed.brid.gy/r/https://www.galaxyaddicted.it/2026/07/tom-holland-spider-man-5-effetti-pratici/,0,https://fed.brid.gy/r/https://www.galaxyaddicted.it/2026/07/tom-holland-spider-man-5-effetti-pratici/,post,#SpiderManBrandNewDay
2026-07-16T04:58:07Z,Mastodon,phantastiknews,YouTube Tipp ▶️ #TomHolland on #SadieSink Stealing the Movie & #Zendaya's Best Scene in #SpidermanBrandNewDay https://youtu.be/pTIIKHcm6ug?is=RgTCT09rwfLX_Uqp,0,https://mastodon.social/@phantastiknews/116927882003223268,post,#SpiderManBrandNewDay
2026-07-15T20:39:24Z,Mastodon,kotaku.com@web.brid.gy,One Tom Holland Quote Has Spider-Man: Brand New Day Fans Scrambling https://fed.brid.gy/r/https://kotaku.com/spider-man-brand-new-day-tom-holland-interview-ending-2000716332,0,https://fed.brid.gy/r/https://kotaku.com/spider-man-brand-new-day-tom-holland-interview-ending-2000716332,post,#SpiderManBrandNewDay
2026-07-15T19:00:30Z,Mastodon,indiegenius,Movie TV Tech Geeks #Exclusives #SpiderManBrandNewDay Tom Holland Addresses Sadie Sink’s Mysterious MCU Debut in ‘Spider-Man: Brand New Day’ [Exclusive] http://dlvr.it/TTYL9n,0,https://mastodon.social/@indiegenius/116925532142718957,post,#SpiderManBrandNewDay
2026-07-15T11:52:20Z,Mastodon,popey.me@bsky.brid.gy,"This pair of cinema seats is quite the choice, given how many empty seats there are elsewhere. Perhaps they're 'optimising the neural processing' of the film. Or maybe just snogging. Would you sit way up there? #SpiderManBrandNewDay",0,https://fed.brid.gy/r/https://bsky.app/profile/did:plc:ilrtjpvy5hghcejdgrwguyla/post/3mqonufhpps24,post,#SpiderManBrandNewDay
2026-07-15T11:52:17Z,Mastodon,popey,"This pair of cinema seats is quite the choice, given how many empty seats there are elsewhere. Perhaps they're 'optimising the neural processing' of the film. Or maybe just snogging. Would you sit way up there? #SpiderManBrandNewDay",9,https://mastodon.social/@popey/116923848306281446,post,#SpiderManBrandNewDay
2026-07-15T09:26:36Z,Mastodon,phantastiknews,"YouTube Tipp ▶️ #SpiderManBrandNewDay | ""The Amazing"" #TVSpot https://youtu.be/elgQBURekgY?is=R4NxcuBTzGijGVEv",0,https://mastodon.social/@phantastiknews/116923275414635835,post,#SpiderManBrandNewDay
2026-07-14T20:49:15Z,Mastodon,comingsoon.net@web.brid.gy,Spider-Man: Brand New Day’s Tom Holland Reveals Which Stunts Are the Hardest to Film https://fed.brid.gy/r/https://www.comingsoon.net/movies/news/2162148-spider-man-brand-new-days-tom-holland-reveals-which-stunts-are-the-hardest-to-film,1,https://fed.brid.gy/r/https://www.comingsoon.net/movies/news/2162148-spider-man-brand-new-days-tom-holland-reveals-which-stunts-are-the-hardest-to-film,post,#SpiderManBrandNewDay
2026-07-14T16:30:20Z,Mastodon,hollywoodreporter,Kevin Feige to Receive Pioneer of the Year Award From Will Rogers Motion Picture Pioneers Foundation #MovieNews #Movies #AvengersDoomsday #Events #KevinFeige #Marvel #SpiderManBrandNewDay https://www.hollywoodreporter.com/movies/movie-news/kevin-feige-pioneer-of-the-year-award-marvel-1236647635/,0,https://mastodon.social/@hollywoodreporter/116919279347008577,post,#SpiderManBrandNewDay
2026-07-14T14:42:31Z,Mastodon,phantastiknews,YouTube Tipp ▶️ #SpiderManBrandNewDay – Spot Evolve Deutsch (Kinostart 29.7.2026) https://youtu.be/gZXqmQ3E8cs?is=ahHCyrYcxjBrGbO_,0,https://mastodon.social/@phantastiknews/116918855363667358,post,#SpiderManBrandNewDay
2026-07-14T13:50:39Z,Mastodon,comingsoon.net@web.brid.gy,Watch Spider-Man Save Ned From Unexpected Dangers in Brand New Day Ad https://fed.brid.gy/r/https://www.comingsoon.net/movies/news/2161900-spider-man-brand-new-day-save-ned-liquid-iv-ad,1,https://fed.brid.gy/r/https://www.comingsoon.net/movies/news/2161900-spider-man-brand-new-day-save-ned-liquid-iv-ad,post,#SpiderManBrandNewDay
2026-07-14T13:11:00Z,Mastodon,comingsoon.net@web.brid.gy,"The Odyssey Caused a Huge Spider-Man Crisis, Then Brand New Day Was Saved https://fed.brid.gy/r/https://www.comingsoon.net/movies/news/2161790-the-odyssey-spider-man-brand-new-day-filming-tom-holland",0,https://fed.brid.gy/r/https://www.comingsoon.net/movies/news/2161790-the-odyssey-spider-man-brand-new-day-filming-tom-holland,post,#SpiderManBrandNewDay
2026-07-14T08:49:47Z,Mastodon,movizark@mastodon.world,"'Spider-Man' Producer Confirms Tom Holland’s Future Beyond ‘Brand New Day’!! #TomHolland, #SpiderManBrandNewDay, #SpiderMan, #Marvel",0,https://mastodon.world/@movizark/116917468384804856,post,#SpiderManBrandNewDay
2026-07-14T05:20:15Z,Mastodon,comingsoon.net@web.brid.gy,"Spider-Man: Brand New Day Gets Wild Popcorn Buckets, 1 Hides a Big Villain https://fed.brid.gy/r/https://www.comingsoon.net/movies/news/2161714-spider-man-brand-new-day-popcorn-bucket-merch",0,https://fed.brid.gy/r/https://www.comingsoon.net/movies/news/2161714-spider-man-brand-new-day-popcorn-bucket-merch,post,#SpiderManBrandNewDay
2026-07-13T21:39:11Z,Mastodon,comingsoon.net@web.brid.gy,Spider-Man: Sad‌ie Sink’s Br‌an‌‌d New Da‌y Role Reveal Is In‌‌spired by This MCU Movie https://fed.brid.gy/r/https://www.comingsoon.net/movies/news/2161562-sadie-sink-mystery-spider-man-role-marvel,1,https://fed.brid.gy/r/https://www.comingsoon.net/movies/news/2161562-sadie-sink-mystery-spider-man-role-marvel,post,#SpiderManBrandNewDay
2026-07-13T20:43:32Z,Mastodon,comingsoon.net@web.brid.gy,Spider-Man 4: Zendaya Saves Tom Holland From Spoiling MCU Movie’s Ending https://fed.brid.gy/r/https://www.comingsoon.net/movies/news/2161539-spider-man-4-zendaya-saves-tom-holland-from-spoiling-mcu-movies-ending,1,https://fed.brid.gy/r/https://www.comingsoon.net/movies/news/2161539-spider-man-4-zendaya-saves-tom-holland-from-spoiling-mcu-movies-ending,post,#SpiderManBrandNewDay
2026-07-13T19:35:04Z,Mastodon,indiegenius,Movie TV Tech Geeks #MovieNews #SpiderMan #SpiderManBrandNewDay Tom Holland’s Spider-Man Future Confirmed Beyond ‘Brand New Day’ http://dlvr.it/TTWVzQ,0,https://mastodon.social/@indiegenius/116914343397956741,post,#SpiderManBrandNewDay
2026-07-13T18:35:52Z,Mastodon,movizark@mastodon.world,"'Spider-Man: Brand New Day': New Spots Preview Spider-Man’s Anti-Hulk Weapon!! Check It Out!! #JacobBatalon, #JonBernthal, #LizaColonZayas, #MarkRuffalo, #Marvel, #MarvinJonesIII, #MelanieScrofano, #MichaelMando, #SadieSink, #Sony, #SpiderMan4, #SpiderManBrandNewDay, #TomHolland, #TramellTillman, #Zendaya",0,https://mastodon.world/@movizark/116914110646702676,post,#SpiderManBrandNewDay
2026-07-13T18:27:55Z,Mastodon,comingsoon.net@web.brid.gy,Spider-Man 4: Watch Tom Holland Punch Hulk in Awesome MCU Brand New Day Moment https://fed.brid.gy/r/https://www.comingsoon.net/movies/news/2161446-spider-man-4-watch-tom-holland-punch-hulk-in-awesome-mcu-brand-new-day-moment,1,https://fed.brid.gy/r/https://www.comingsoon.net/movies/news/2161446-spider-man-4-watch-tom-holland-punch-hulk-in-awesome-mcu-brand-new-day-moment,post,#SpiderManBrandNewDay
2026-07-13T11:10:00Z,Mastodon,comingsoon.net@web.brid.gy,Kevin Feige All but Confirms a New Avenger Is in Spider-Man: Brand New Day https://fed.brid.gy/r/https://www.comingsoon.net/movies/news/2161112-spider-man-brand-new-day-yelena-belova-kevin-feige,1,https://fed.brid.gy/r/https://www.comingsoon.net/movies/news/2161112-spider-man-brand-new-day-yelena-belova-kevin-feige,post,#SpiderManBrandNewDay
2026-07-13T11:05:00Z,Mastodon,comingsoon.net@web.brid.gy,"Brand New Day Teasers Unleash Spider-Man’s Anti-Hulk Weapon, Scorpion’s Snowy Battle https://fed.brid.gy/r/https://www.comingsoon.net/movies/news/2161101-spider-man-brand-new-day-vs-hulk-scorpion-shocker",1,https://fed.brid.gy/r/https://www.comingsoon.net/movies/news/2161101-spider-man-brand-new-day-vs-hulk-scorpion-shocker,post,#SpiderManBrandNewDay
2026-07-12T19:04:27Z,Mastodon,SoloRunStudio@dice.camp,This week we recreate Scorpion's iconic cybernetic tail for Starfinder 2E https://solorunstudio.com/2026/07/12/starfinder-2e-cyber-tail-stinger/ #Paizo #Starfinder2E #StarfinderSecondEdition #SpiderManScorpion #SpiderManBrandNewDay #BrandNewDayScorpion #MarvelScorpion #SinisterSix,0,https://dice.camp/@SoloRunStudio/116908560715956892,post,#SpiderManBrandNewDay
2026-07-12T14:12:30Z,Mastodon,indiegenius,Movie TV Tech Geeks #MovieNews #SpiderManBrandNewDay #Marvel Marvel Hopes for a Hail Mary as ‘Spider-Man: Brand New Day’ Eyes Year’s Biggest Box Office Debut http://dlvr.it/TTV8Dx,0,https://mastodon.social/@indiegenius/116907412744220084,post,#SpiderManBrandNewDay
2026-07-12T06:55:52Z,Mastodon,galaxyaddicted.it@web.brid.gy,"Marvel Studios alla Comic-Con 2026: Avengers, Spider-Man e le sorprese che possono cambiare l’MCU https://fed.brid.gy/r/https://www.galaxyaddicted.it/2026/07/marvel-studios-comic-con-2026/",1,https://fed.brid.gy/r/https://www.galaxyaddicted.it/2026/07/marvel-studios-comic-con-2026/,post,#SpiderManBrandNewDay
2026-07-11T21:09:09Z,Mastodon,indiegenius,Movie TV Tech Geeks #MovieNews #SpiderManBrandNewDay #TomHolland Say Hello to 2026’s Next $1 Billion Blockbuster in 19 Days http://dlvr.it/TTTSHs,0,https://mastodon.social/@indiegenius/116903388772818822,post,#SpiderManBrandNewDay
2026-07-11T19:25:51Z,Mastodon,gamesbrieflynews,Spider-Man: Brand New Day just added a villain nobody saw coming and we're losing our minds https://gamesbriefly.news/spider-man-brand-new-day-just-added-a-villain-nobody-saw-coming-and-were-losing- #SpiderManBrandNewDay #MCU #Ramrod,0,https://mastodon.social/@gamesbrieflynews/116902982531745060,post,#SpiderManBrandNewDay
2026-07-11T18:18:03Z,Mastodon,indiegenius,Movie TV Tech Geeks #MovieNews #MCU #SpiderManBrandNewDay Did Marvel's Kevin Feige Just Spoil a Huge 'Spider-Man: Brand New Day' Cameo? http://dlvr.it/TTTLQC,0,https://mastodon.social/@indiegenius/116902715979508764,post,#SpiderManBrandNewDay
2026-07-10T18:40:36Z,Mastodon,comingsoon.net@web.brid.gy,Spider-Man: Brand New Day’s Box Office Projections Just Got Even Bigger https://fed.brid.gy/r/https://www.comingsoon.net/movies/news/2160756-spider-man-brand-new-day-box-office-projections-just-got-even-bigger,1,https://fed.brid.gy/r/https://www.comingsoon.net/movies/news/2160756-spider-man-brand-new-day-box-office-projections-just-got-even-bigger,post,#SpiderManBrandNewDay
2026-07-10T16:43:38Z,Mastodon,comingsoon.net@web.brid.gy,Spider-Man: Brand New Day Fixes Superhero Sequels’ Biggest Problem https://fed.brid.gy/r/https://www.comingsoon.net/movies/features/2160685-spider-man-brand-new-day-fixes-superhero-sequels-biggest-problem,0,https://fed.brid.gy/r/https://www.comingsoon.net/movies/features/2160685-spider-man-brand-new-day-fixes-superhero-sequels-biggest-problem,post,#SpiderManBrandNewDay
2026-07-10T16:41:34Z,Mastodon,comingsoon.net@web.brid.gy,Tom Holland and Zendaya Settle the Best Spider-Man MCU Movie Debate https://fed.brid.gy/r/https://www.comingsoon.net/movies/news/2160676-tom-holland-and-zendaya-settle-the-best-spider-man-mcu-movie-debate,1,https://fed.brid.gy/r/https://www.comingsoon.net/movies/news/2160676-tom-holland-and-zendaya-settle-the-best-spider-man-mcu-movie-debate,post,#SpiderManBrandNewDay
2026-07-10T15:56:14Z,Mastodon,comingsoon.net@web.brid.gy,Spider-Man: Brand New Day Update Sparks Confusion Among MCU Fans https://fed.brid.gy/r/https://www.comingsoon.net/movies/news/2160651-new-spider-man-brand-new-day-update-sparks-confusion-among-mcu-fans,0,https://fed.brid.gy/r/https://www.comingsoon.net/movies/news/2160651-new-spider-man-brand-new-day-update-sparks-confusion-among-mcu-fans,post,#SpiderManBrandNewDay
2026-07-10T15:09:19Z,Mastodon,in.mashable.com@web.brid.gy,Tom Holland Lands In Mumbai For The Odyssey India Premiere; Greets Screaming Paps [WATCH] https://fed.brid.gy/r/https://in.mashable.com/entertainment/111831/tom-holland-lands-in-mumbai-for-the-odyssey-india-premiere-greets-screaming-paps-watch,0,https://fed.brid.gy/r/https://in.mashable.com/entertainment/111831/tom-holland-lands-in-mumbai-for-the-odyssey-india-premiere-greets-screaming-paps-watch,post,#SpiderManBrandNewDay
2026-07-10T14:38:06Z,Mastodon,phantastiknews,"YouTube Tipp ▶️ #TomHolland takes a #Zendaya quiz: “You’re 30, not me!” 😂 #SpidermanBrandNewDay #TheOdyssey https://youtu.be/1dCYqjqj9_g?is=OTFi-aY2r_yzDSkO",0,https://mastodon.social/@phantastiknews/116896188750408765,post,#SpiderManBrandNewDay
2026-07-09T16:50:14Z,Mastodon,deadline,"‘Spider-Man: Brand New Day’ Swings Onto Tracking With $180M+, Will Be Biggest Opening YTD #News #SpiderManBrandNewDay https://deadline.com/2026/07/spider-man-brand-new-day-box-office-opening-projection-1236978377/",0,https://mastodon.social/@deadline/116891046046178983,post,#SpiderManBrandNewDay
2026-07-09T14:35:01Z,Mastodon,phantastiknews,"YouTube Tipp ▶️ #TomHolland, #Zendaya and #JacobBatalon Read Your #SpiderMan #Reviews #SpidermanBrandNewDay https://youtu.be/NQMGx2DOCaA?is=q3ITRUWHDQHF81RN",0,https://mastodon.social/@phantastiknews/116890514335820439,post,#SpiderManBrandNewDay
2026-07-09T05:45:42Z,Mastodon,phantastiknews,YouTube Tipp ▶️ #SpiderManBrandNewDay - Hidden Heroes Vignette - https://youtu.be/Dzgww10lbJ4?is=tzCzKY_1ZyP0pUj9,0,https://mastodon.social/@phantastiknews/116888432944099069,post,#SpiderManBrandNewDay
2026-07-08T16:46:47Z,Mastodon,indiegenius,Movie TV Tech Geeks #MovieNews #JKSimmons #SpiderManBrandNewDay One Spider-Man Veteran Confirms He Is Not Returning This July http://dlvr.it/TTQJWD,0,https://mastodon.social/@indiegenius/116885370163447420,post,#SpiderManBrandNewDay
2026-07-08T14:52:34Z,Mastodon,AustinGorton@mstdn.social,Tombstone and Tarantual landed in Marvel Snap this week. Check out their comic book origins in my latest Snap Into Marvel column! #MarvelSnap #SpiderMan #SpiderManBrandNewDay https://comicon.com/2026/07/02/snap-into-marvel-spider-man-brand-new-day-swings-into-snap/,0,https://mstdn.social/@AustinGorton/116884920997673315,post,#SpiderManBrandNewDay
2026-07-08T12:41:31Z,Mastodon,Kraken17,Cuatro pelis de #SpiderMan con el mismo leitmotiv es maravilloso. Da gustazo tener continuidad musical entre películas de un mismo personaje #SpiderManBrandNewDay https://www.youtube.com/watch?v=WSv4BfIMNRA,1,https://mastodon.social/@Kraken17/116884405728411427,post,#SpiderManBrandNewDay
2026-07-08T05:47:31Z,Mastodon,phantastiknews,"YouTube Tipp ▶️ #SPIDERMANBRANDNEWDAY ""Scorpion Ice Battle"" Trailer https://youtu.be/S2wwMxfiRio?is=HUEBMIV7-ipAlgkY",0,https://mastodon.social/@phantastiknews/116882777789522278,post,#SpiderManBrandNewDay
2026-07-08T00:02:12Z,Mastodon,comingsoon.net@web.brid.gy,Spider-Man: This Beloved MCU Actor Won’t Be in Brand New Day Despite Rumors https://fed.brid.gy/r/https://www.comingsoon.net/movies/news/2159186-spider-man-this-beloved-mcu-actor-wont-be-in-brand-new-day-despite-rumors,1,https://fed.brid.gy/r/https://www.comingsoon.net/movies/news/2159186-spider-man-this-beloved-mcu-actor-wont-be-in-brand-new-day-despite-rumors,post,#SpiderManBrandNewDay
2026-07-07T17:50:06Z,Mastodon,movizark@mastodon.world,"'Spider-Man: Brand New Day': Japan Release to Have Special End-Credits!! #JacobBatalon, #JonBernthal, #LizaColonZayas, #MarkRuffalo, #Marvel, #MarvinJonesIII, #MelanieScrofano, #MichaelMando, #SadieSink, #Sony, #SpiderMan4, #SpiderManBrandNewDay, #TomHolland, #TramellTillman, #Zendaya",0,https://mastodon.world/@movizark/116879956804055922,post,#SpiderManBrandNewDay
2026-07-06T16:51:18Z,Mastodon,comingsoon.net@web.brid.gy,Spider-Man: Brand New Day End-Credits Confirmed To Have a Different Surprise Overseas https://fed.brid.gy/r/https://www.comingsoon.net/movies/news/2158351-spider-man-brand-new-day-end-credits-scene-different-japan,1,https://fed.brid.gy/r/https://www.comingsoon.net/movies/news/2158351-spider-man-brand-new-day-end-credits-scene-different-japan,post,#SpiderManBrandNewDay
2026-07-06T08:49:07Z,Mastodon,movizark@mastodon.world,"'Spider-Man: Brand New Day': New Spot Reveals New Footage of the Villains!! Check It Out!! #JacobBatalon, #JonBernthal, #LizaColonZayas, #MarkRuffalo, #Marvel, #MarvinJonesIII, #MelanieScrofano, #MichaelMando, #SadieSink, #Sony, #SpiderMan4, #SpiderManBrandNewDay, #TomHolland, #TramellTillman, #Zendaya",0,https://mastodon.world/@movizark/116872167273109211,post,#SpiderManBrandNewDay
2026-07-05T05:28:57Z,Mastodon,phantastiknews,YouTube Tipp ▶️ #SPIDERMANBRANDNEWDAY | Who's Most Likely https://youtu.be/7xXVBYOsO8E?is=Lzw8LuF_dDudO3PW,1,https://mastodon.social/@phantastiknews/116865717873933716,post,#SpiderManBrandNewDay
2026-07-05T00:13:08Z,Mastodon,cstephens2,Tshirt available in #AvengersCampus for new #SpidermanBrandNewDay movie. #Spiderman #DisneyCaliforniaAdventure #Disneyland,0,https://mastodon.social/@cstephens2/116864476019268761,post,#SpiderManBrandNewDay
2026-07-04T10:53:36Z,Mastodon,Mathrubhumi_English,"From Tony Stark's mentorship to the multiverse and Aunt May's heartbreaking death, here's a complete recap of Peter Parker's MCU journey before Spider-Man: Brand New Day https://english.mathrubhumi.com/movies-music/trivia/spider-man-movies-recap-in-order-before-watching-tom-holland-spider-man-brand-new-day-qn06imos?utm_source=dlvr.it&utm_medium=mastodon #SpiderMan #SpiderManBrandNewDay #TomHolland #Zendaya #Marvel",0,https://mastodon.social/@Mathrubhumi_English/116861332158494792,post,#SpiderManBrandNewDay
2026-07-03T22:40:14Z,Mastodon,AustinGorton@mstdn.social,"New Snap Into Marvel column, in which I examine the comic book origins of the new cards swinging into the game as part of the Brand New Day season More Spidey! More supporting characters! And the first Marvel Snap team card! #MarvelSnap #SpiderMan #SpiderManBrandNewDay https://comicon.com/2026/07/02/snap-into-marvel-spider-man-brand-new-day-swings-into-snap/",0,https://mstdn.social/@AustinGorton/116858448426592211,post,#SpiderManBrandNewDay
2026-07-03T22:10:45Z,Mastodon,comingsoon.net@web.brid.gy,2 Spider-Man: Brand New Day Villains Get Their Best Look Yet in Unseen Photos https://fed.brid.gy/r/https://www.comingsoon.net/movies/news/2157968-spider-man-brand-new-day-set-photos-2-villains-best-look,1,https://fed.brid.gy/r/https://www.comingsoon.net/movies/news/2157968-spider-man-brand-new-day-set-photos-2-villains-best-look,post,#SpiderManBrandNewDay
2026-07-03T19:34:17Z,Mastodon,comingsoon.net@web.brid.gy,"Spider-Man 4 Spot Reveals New Hulk, Scorpion & The Hand Fight Scenes https://fed.brid.gy/r/https://www.comingsoon.net/movies/news/2157893-spider-man-4-brand-new-day-spot-hulk-hand-scorpion",1,https://fed.brid.gy/r/https://www.comingsoon.net/movies/news/2157893-spider-man-4-brand-new-day-spot-hulk-hand-scorpion,post,#SpiderManBrandNewDay
2026-07-03T18:22:51Z,Mastodon,comingsoon.net@web.brid.gy,Tom Holland’s New Spider-Man Suit Is Really 3 Costumes in 1 https://fed.brid.gy/r/https://www.comingsoon.net/movies/news/2157865-tom-holland-spider-man-brand-new-day-suit-story,1,https://fed.brid.gy/r/https://www.comingsoon.net/movies/news/2157865-tom-holland-spider-man-brand-new-day-suit-story,post,#SpiderManBrandNewDay
2026-07-03T13:18:26Z,Mastodon,indiegenius,Movie TV Tech Geeks #MovieFeatures #SpiderManBrandNewDay #SpiderMan 'Spider-Man: Brand New Day' Teased a Major Daredevil Crossover in Plain Sight http://dlvr.it/TTLB2c,0,https://mastodon.social/@indiegenius/116856239334986534,post,#SpiderManBrandNewDay
2026-07-03T05:54:07Z,Mastodon,phantastiknews,"YouTube Tipp ▶️ #SPIDERMANBRANDNEWDAY TRAILER: #AndrewGarfield, #TobeyMaguire & Thing. You missed #Spiderman https://youtu.be/pymiBl59Kow?is=xBRRtOKsr33EUqnW",1,https://mastodon.social/@phantastiknews/116854492200598150,post,#SpiderManBrandNewDay
2026-07-02T21:28:08Z,Mastodon,comingsoon.net@web.brid.gy,Spider-Man 4: Sadie Sink Casting Is Giving Some MCU Fans Star Trek & James Bond Flashbacks https://fed.brid.gy/r/https://www.comingsoon.net/movies/news/2157417-spider-man-4-sadie-sink-casting-is-giving-some-mcu-fans-star-trek-james-bond-flashbacks,0,https://fed.brid.gy/r/https://www.comingsoon.net/movies/news/2157417-spider-man-4-sadie-sink-casting-is-giving-some-mcu-fans-star-trek-james-bond-flashbacks,post,#SpiderManBrandNewDay
2026-07-02T17:27:53Z,Mastodon,comingsoon.net@web.brid.gy,Why Tom Holland’s Spider-Man Movies Are More Important Than The Avengers https://fed.brid.gy/r/https://www.comingsoon.net/movies/features/2157278-tom-holland-spider-man-movies-more-important-than-avengers,0,https://fed.brid.gy/r/https://www.comingsoon.net/movies/features/2157278-tom-holland-spider-man-movies-more-important-than-avengers,post,#SpiderManBrandNewDay
2026-07-02T04:57:37Z,Mastodon,XavierMarturet,XaviNews - S02E42 https://youtube.com/shorts/jAWywq_N6ao?feature=share #mientrasescribo #noticiasdehoy #titulareshoy #elgazapo #XaviNews #mundialdefútbol2026 #trump #TomCruise #HumanVapor #Regresoalfuturo #Backtothefuture #airForceOne #tasa3euros #TourdeFrancia #SpidermanBrandNewDay #MEssi #PlayStation #VillagePeople,0,https://mastodon.social/@XavierMarturet/116848607749391220,post,#SpiderManBrandNewDay
2026-07-01T21:42:20Z,Mastodon,comingsoon.net@web.brid.gy,Spider-Man: Brand New Day Video Has Fans Making Tobey Maguire Comparisons https://fed.brid.gy/r/https://www.comingsoon.net/movies/news/2156736-spider-man-brand-new-day-video-has-fans-making-tobey-maguire-comparisons,1,https://fed.brid.gy/r/https://www.comingsoon.net/movies/news/2156736-spider-man-brand-new-day-video-has-fans-making-tobey-maguire-comparisons,post,#SpiderManBrandNewDay
2026-07-01T19:15:15Z,Mastodon,deadline,Sadie Sink On Working With Tom Holland In ‘Spider-Man: Brand New Day’: “He Was Just So Relaxed And Open” #News #SadieSink #SpiderManBrandNewDay #TomHolland https://deadline.com/2026/07/sadie-sink-working-tom-holland-spider-man-brand-new-day-1236972577/,1,https://mastodon.social/@deadline/116846317748783954,post,#SpiderManBrandNewDay
2026-07-01T18:30:09Z,Mastodon,thecosmiccircus.com@web.brid.gy,"Alex Perez June 2026 Q&A Part 3: ‘Spider-Man: Brand New Day,’ X-Men & More https://fed.brid.gy/r/https://thecosmiccircus.com/alex-perez-june-2026-qa-part-3-spider-man-marvel-studios/#utm_source=rss&utm_medium=rss&utm_campaign=alex-perez-june-2026-qa-part-3-spider-man-marvel-studios",1,https://fed.brid.gy/r/https://thecosmiccircus.com/alex-perez-june-2026-qa-part-3-spider-man-marvel-studios/#utm_source=rss&utm_medium=rss&utm_campaign=alex-perez-june-2026-qa-part-3-spider-man-marvel-studios,post,#SpiderManBrandNewDay
2026-07-01T16:55:07Z,Mastodon,variety_feed,Sadie Sink’s ‘Spider-Man: Brand New Day’ Role Is So Secretive That She Didn’t Have an Audition and Never Saw the Script Until Flying to London #Variety #News #MarvelStudios #SadieSink #SpiderManBrandNewDay #TomHolland https://variety.com/2026/film/news/sadie-sink-spider-man-brand-new-day-role-audition-1236800062/,1,https://mastodon.social/@variety_feed/116845766720740193,post,#SpiderManBrandNewDay
2026-07-01T16:33:46Z,Mastodon,comingsoon.net@web.brid.gy,Spider-Man: Why Sadie Sink Didn’t Even Have to Audition for Brand New Day MCU Role https://fed.brid.gy/r/https://www.comingsoon.net/movies/news/2156647-spider-man-why-sadie-sink-didnt-even-have-to-audition-for-brand-new-day-role,1,https://fed.brid.gy/r/https://www.comingsoon.net/movies/news/2156647-spider-man-why-sadie-sink-didnt-even-have-to-audition-for-brand-new-day-role,post,#SpiderManBrandNewDay
2026-07-01T04:27:37Z,Mastodon,Mathrubhumi_English,Marvel has released a special ‘Spider-Man: Brand New Day’ promo featuring Tom Holland and football legend Lionel Messi. https://english.mathrubhumi.com/movies-music/news/spider-man-brand-new-day-lionel-messi-tom-holland-promo-bmqsaloi?utm_source=dlvr.it&utm_medium=mastodon #SpiderManBrandNewDay #TomHolland #LionelMessi #Marvel,0,https://mastodon.social/@Mathrubhumi_English/116842827420033647,post,#SpiderManBrandNewDay
2026-06-30T21:42:02Z,Mastodon,comingsoon.net@web.brid.gy,Spider-Man 4 Introducing Mutants Would Be Another MCU Mistake https://fed.brid.gy/r/https://www.comingsoon.net/guides/features/2156223-spider-man-4-introducing-mutants-would-be-another-mcu-mistake,0,https://fed.brid.gy/r/https://www.comingsoon.net/guides/features/2156223-spider-man-4-introducing-mutants-would-be-another-mcu-mistake,post,#SpiderManBrandNewDay
2026-06-30T15:06:18Z,Mastodon,QuirkyFilms@c.im,Sony Pictures drop a teaser trailer for #SpidermanBrandNewDay Superfan #LionelMessi meets #Spiderman 🕷️,1,https://c.im/@QuirkyFilms/116839676542078932,post,#SpiderManBrandNewDay
2026-06-30T14:36:28Z,Mastodon,phantastiknews,YouTube Tipp ▶️ #SPIDERMANBRANDNEWDAY - Super Fan #Messi https://youtu.be/cDvJZBwDAmc?is=2ArV1XPv84tO1R4g,1,https://mastodon.social/@phantastiknews/116839559246223728,post,#SpiderManBrandNewDay
2026-06-30T06:51:22Z,Mastodon,Actusf,La nouvelle bande-annonce de Spider-Man : Brand New Day... Elle introduit un nouvel antagoniste. Vous irez le voir ? https://buff.ly/nbhoTXf #Spiderman #SpiderManBrandNewDay,0,https://mastodon.social/@Actusf/116837730356169436,post,#SpiderManBrandNewDay
2026-06-29T16:20:17Z,Mastodon,movizark@mastodon.world,"'Supergirl' Falters with Disappointing Debut as 'Toy Story 5' Remains Top Choice at the BO!! #Supergirl, #Obsession, #ToyStory5, #Jackass5, #DisclosureDay, #TheOdyssey, #SpiderManBrandNewDay, #MinionsAndMonsters, #boxoffice",0,https://mastodon.world/@movizark/116834305141283662,post,#SpiderManBrandNewDay
2026-06-29T12:15:00Z,Mastodon,comingsoon.net@web.brid.gy,Tom Holland’s New Spider-Man Fight Clip Has Fans Making Andrew Garfield Comparisons https://fed.brid.gy/r/https://www.comingsoon.net/movies/news/2155064-spider-man-fans-draw-andrew-garfield-comparisons-with-stunning-brand-new-days-fight,0,https://fed.brid.gy/r/https://www.comingsoon.net/movies/news/2155064-spider-man-fans-draw-andrew-garfield-comparisons-with-stunning-brand-new-days-fight,post,#SpiderManBrandNewDay
2026-06-29T04:17:22Z,Mastodon,comingsoon.net@web.brid.gy,Tom Holland’s Latest Update on Miles Morales’ MCU Debut Is Both Good & Bad News https://fed.brid.gy/r/https://www.comingsoon.net/guides/news/2154898-tom-holland-miles-morales-mcu-debut-update,1,https://fed.brid.gy/r/https://www.comingsoon.net/guides/news/2154898-tom-holland-miles-morales-mcu-debut-update,post,#SpiderManBrandNewDay
2026-06-28T20:19:29Z,Mastodon,LadyMandona@mas.to,"jijiji el año pasado nos costó mucho encontrar hueco con los #FrikiMovies para ir a ver #FantasticFour (de hecho, @Savior1980 y yo la vimos el finde del estreno por pura ansia, porque no cuadramos una fecha con ellos hasta SEMANAS después) así que ya quedamos para ver #SpidermanBrandNewDay el 2 de agosto de este año 😅 (hay que tener en cuenta que un miembro de los #FrikiMovies vive en México y suele venir solo en verano)… acabo de reconfirmar y guess quién tiene ya entradas para la ATMOS del Balmes ✌🏼",0,https://mas.to/@LadyMandona/116829583414682311,post,#SpiderManBrandNewDay
2026-06-28T17:56:39Z,Mastodon,LadyMandona@mas.to,"por cierto, además del trailer de #SpidermanBrandNewDay nos han puesto el de #TheOdyssey (por suerte, este ha sido en VO y no me han sangrado los oídos). Nolan me da bastante pereza y 3 horazas se las aguanto a pocas pelis (#AvengersEndgame ❤️), pero sale bastante gente que mola y esta parece que sí es 100% IMAX (tan IMAX que por su “culpa” aka acuerdos de exclusividad con salas IMAX, la de Spidey no la van a poder estrenar en IMAX 😵‍💫)… he mirado entradas y tanto el fin de semana del estreno como el siguiente, la sala IMAX está a topísimo en las sesiones VO 🤷🏻‍♀️ #SuperGirl",0,https://mas.to/@LadyMandona/116829021772491503,post,#SpiderManBrandNewDay
2026-06-28T15:04:39Z,Mastodon,LadyMandona@mas.to,han puesto el trailer de #SpidermanBrandNewDay doblado. Voy a pedir la hoja de reclamaciones 🤢 #SuperGirl,0,https://mas.to/@LadyMandona/116828345465735817,post,#SpiderManBrandNewDay
2026-06-28T13:30:00Z,Mastodon,filmtopp@friendica.helvetet.eu,Under semestermånaden nummer ett väntar flera av årets mest efterlängtade premiärer. Här är en lista på alla titlar som har biopremiär i juli.#Bio #Lista #Tips #MinionerochMonster #TheOdyssey #EvidDeadBurn #Vaiana #MotorCity #Spider-Man:BrandNewDay Biopremiärer i juli 2026 – höjdpunkterna bland månadens nya biofilmer,0,https://friendica.helvetet.eu/display/a7e70941-a89305e7-a49a1643793b4c21,post,#SpiderManBrandNewDay
2026-06-28T12:16:11Z,Mastodon,phantastiknews,YouTube Tipp ▶️ #TomHolland #Zendaya Answer #FanQuestions at #SpiderManBrandNewDay #Berlin Event https://youtu.be/LMHRhjEGaHc?is=Vp_GMVy6qI84_b-d,1,https://mastodon.social/@phantastiknews/116827682992325707,post,#SpiderManBrandNewDay
2026-06-28T06:01:03Z,Mastodon,dmtalkies,"New Look at Spider-Man vs. Scorpion in Spider-Man: Brand New Day A brand-new look at Spider-Man facing off against Scorpion has been revealed from Spider-Man: Brand New Day. The upcoming showdown teases one of Peter Parker’s most dangerous comic-book rivals, setting the stage for an intense battle in the next chapter of the Spider-Man franchise. 🕸️ Spider-Man: Brand New Day swings into theaters soon. #SpiderManBrandNewDay #SpiderMan #Scorpion",0,https://mastodon.social/@dmtalkies/116826207916021008,post,#SpiderManBrandNewDay
2026-06-27T08:57:38Z,Mastodon,Mathrubhumi_English,Marvel fans in Kerala have a reason to celebrate after Tom Holland officially launched the Kochi fans show for Spider-Man: Brand New Day https://english.mathrubhumi.com/movies-music/news/tom-holland-kochi-fans-show-spider-man-brand-new-day-crs8ej6v?utm_source=dlvr.it&utm_medium=mastodon #SpiderManBrandNewDay #MCU #TomHolland #zendaya #MarvelFans,0,https://mastodon.social/@Mathrubhumi_English/116821239982330730,post,#SpiderManBrandNewDay
2026-06-26T22:39:36Z,Mastodon,comingsoon.net@web.brid.gy,Spider-Man: Brand New Day Has Already Broken 2 Major Records Before Its Even Released https://fed.brid.gy/r/https://www.comingsoon.net/movies/news/2154798-spider-man-brand-new-day-has-already-broken-2-major-records-before-its-even-released,0,https://fed.brid.gy/r/https://www.comingsoon.net/movies/news/2154798-spider-man-brand-new-day-has-already-broken-2-major-records-before-its-even-released,post,#SpiderManBrandNewDay
2026-06-26T21:39:36Z,Mastodon,indiegenius,Movie TV Tech Geeks #MovieFeatures #SpiderManBrandNewDay #SpiderMan 'Spider-Man's Brand New Villain Could Be the MCU's Biggest Yet http://dlvr.it/TTDpwK,0,https://mastodon.social/@indiegenius/116818573808951747,post,#SpiderManBrandNewDay
2026-06-26T19:47:03Z,Mastodon,comingsoon.net@web.brid.gy,Spider-Man: Brand New Day Reveals New Scorpion Action Scene Not Shown in Trailers https://fed.brid.gy/r/https://www.comingsoon.net/movies/news/2154699-spider-man-brand-new-day-reveals-new-scorpion-action-scene-not-shown-in-trailers,1,https://fed.brid.gy/r/https://www.comingsoon.net/movies/news/2154699-spider-man-brand-new-day-reveals-new-scorpion-action-scene-not-shown-in-trailers,post,#SpiderManBrandNewDay
2026-06-26T17:25:12Z,Mastodon,deadline,‘Spider-Man: Brand New Day’ Second Trailer Launch Is The Second Biggest Of All-Time With Over Half Billion Views #News #SpiderManBrandNewDay https://deadline.com/2026/06/spider-man-brand-new-day-second-trailer-record-1236968469/,0,https://mastodon.social/@deadline/116817573488504498,post,#SpiderManBrandNewDay
2026-06-25T14:27:08Z,Mastodon,comingsoon.net@web.brid.gy,Spider-Man: Brand New Day’s $50 Release Just Got a Stunning 1st Look https://fed.brid.gy/r/https://www.comingsoon.net/movies/news/2153741-spider-man-brand-new-day-art-book-movie-50-release,0,https://fed.brid.gy/r/https://www.comingsoon.net/movies/news/2153741-spider-man-brand-new-day-art-book-movie-50-release,post,#SpiderManBrandNewDay
2026-06-25T12:45:00Z,Mastodon,comingsoon.net@web.brid.gy,Spider-Man: Brand New Day Raises a Big Question About Doctor Strange’s Spell https://fed.brid.gy/r/https://www.comingsoon.net/movies/news/2153659-spider-man-brand-new-day-doctor-strange-mj-marvel,0,https://fed.brid.gy/r/https://www.comingsoon.net/movies/news/2153659-spider-man-brand-new-day-doctor-strange-mj-marvel,post,#SpiderManBrandNewDay
2026-06-25T07:46:37Z,Mastodon,comingsoon.net@web.brid.gy,Tom Holland’s Unexpected Name for Zendaya Has Fans Swooning https://fed.brid.gy/r/https://www.comingsoon.net/movies/news/2153482-tom-holland-zendaya-middle-name-maree-fans,0,https://fed.brid.gy/r/https://www.comingsoon.net/movies/news/2153482-tom-holland-zendaya-middle-name-maree-fans,post,#SpiderManBrandNewDay
2026-06-25T01:45:17Z,Mastodon,hollywoodreporter,Zendaya Stuns in Vintage $35 Spider-Man T-Shirt for ‘Brand New Day’ Event in Paris #MovieNews #Movies #Fashion #SpiderMan #SpiderManBrandNewDay #Style #Zendaya https://www.hollywoodreporter.com/movies/movie-news/zendaya-spider-man-shirt-ebay-1236630335/,0,https://mastodon.social/@hollywoodreporter/116808215256532086,post,#SpiderManBrandNewDay
2026-06-24T23:56:21Z,Mastodon,scifibr.wordpress.com@scifibr.wordpress.com,"Assista a um Vídeo de Bastidores de HOMEM-ARANHA: UM NOVO DIA A Sony Pictures divulgou um vídeo de bastidores de Homem-Aranha: Um Novo Dia, o quarto filme do super-herói no MCU protagonizado por Tom Holland: O vídeo é focado no novo uniforme que Peter Parker usará no filme. Além de Holland como Parker o elenco inclui Sadie Sink em papel ainda não revelado, Jon Bernthal como Frank Castle, o Justiceiro, Michael Mando como Escorpião, Mark Ruffalo como Bruce Banner, Tramell Tillman como William Metzger e os retornos de Jacob Batalon e Zendaya respectivamente como Ned Leeds e MJ. O filme, com direção de Destin Daniel Cretton, de Shang-Chi, e roteiro de Chris McKenna e Erik Sommers, estreia no Brasil dia 29 de julho. #ChrisMcKenna #DestinDanielCretton #ErikSommers #Filmes #HomemAranha4 #HomemAranhaUmNovoDia #JacobBatalon #JonBernthal #MarkRuffalo #MarvelStudios #MichaelMando #Quadrinhos #SadieSink #SciFiNews #SonyPictures #SpiderManBrandNewDay #TomHolland #Trailer #TramellTillman #Zendaya",20,https://scifibr.wordpress.com/2026/06/24/assista-a-um-video-de-bastidores-de-homem-aranha-um-novo-dia/,post,#SpiderManBrandNewDay
2026-06-24T22:41:48Z,Mastodon,in.mashable.com@web.brid.gy,Tom Holland And Zendaya Leave Fans Emotional With Adorable New Photos From Rome https://fed.brid.gy/r/https://in.mashable.com/entertainment/111290/tom-holland-and-zendaya-leave-fans-emotional-with-adorable-new-photos-from-rome,0,https://fed.brid.gy/r/https://in.mashable.com/entertainment/111290/tom-holland-and-zendaya-leave-fans-emotional-with-adorable-new-photos-from-rome,post,#SpiderManBrandNewDay
2026-06-24T15:00:43Z,Mastodon,phantastiknews,YouTube Tipp ▶️ #SpiderManBrandNewDay – #Berlin Fan-Event (Kinostart 29.7.2026) https://youtu.be/HmtyX5_sJ94?is=wvIF1AFyWu0flo8z,0,https://mastodon.social/@phantastiknews/116805680747214771,post,#SpiderManBrandNewDay
2026-06-24T05:03:29Z,Mastodon,phantastiknews,YouTube Tipp ▶️ #TomHolland LOSES #SpiderMan Look-alike Contest on #SpidermanBrandNewDay Press Run https://youtu.be/WT7cs8a0Kv8?is=QV-xlU3G7T7TVN7S,0,https://mastodon.social/@phantastiknews/116803332333074840,post,#SpiderManBrandNewDay
2026-06-23T22:14:00Z,Mastodon,comingsoon.net@web.brid.gy,5 Spider-Man Characters Who Could Be Brand New Day’s Secret Villain https://fed.brid.gy/r/https://www.comingsoon.net/movies/features/2152565-5-spider-man-characters-who-could-be-brand-new-days-secret-villain,1,https://fed.brid.gy/r/https://www.comingsoon.net/movies/features/2152565-5-spider-man-characters-who-could-be-brand-new-days-secret-villain,post,#SpiderManBrandNewDay
2026-06-23T16:27:33Z,Mastodon,movizark@mastodon.world,"'Spider-Man: Brand New Day ': New TV Spot Sees the Villainous Ramrod in Action!! Check It Out!! #JacobBatalon, #JonBernthal, #LizaColonZayas, #MarkRuffalo, #Marvel, #MarvinJonesIII, #MelanieScrofano, #MichaelMando, #SadieSink, #Sony, #SpiderMan4, #SpiderManBrandNewDay, #TomHolland, #TramellTillman, #Zendaya",0,https://mastodon.world/@movizark/116800359828365520,post,#SpiderManBrandNewDay
2026-06-23T10:31:55Z,Mastodon,phantastiknews,YouTube Tipp ▶️ #TomHolland and #Zendaya Bring Newlywed Energy to #Berlin #SpiderMan Fan Event #spiderManBrandNewDay https://youtu.be/VyTsmbfDm9Y?is=1IoG8x7ISP3zZfx2,0,https://mastodon.social/@phantastiknews/116798961455756736,post,#SpiderManBrandNewDay
2026-06-23T03:43:17Z,Mastodon,Mathrubhumi_English,"Zendaya stunned in a Louis Vuitton leather ensemble with Lidia Courteille spiderweb earrings, while Tom Holland wore Celine with a subtle spider tie accessory at the 'Spider-Man: Brand New Day' fan event in Berlin. https://english.mathrubhumi.com/lifestyle/zendaya-and-tom-holland-nail-method-dressing-for-spider-man-brand-new-day-event-in-berlin-sdzvjl2t?utm_source=dlvr.it&utm_medium=mastodon #zendaya #tomholland #methoddressing #spidermanbrandnewday #fashion",0,https://mastodon.social/@Mathrubhumi_English/116797354615132228,post,#SpiderManBrandNewDay
2026-06-22T19:51:49Z,Mastodon,kotaku.com@web.brid.gy,Zendaya Struggled Against A Boss In Spider-Man 2 And ‘Ultimately’ Needed Tom Holland’s Help https://fed.brid.gy/r/https://kotaku.com/zendaya-struggled-against-a-boss-in-spider-man-2-and-ultimately-needed-tom-hollands-help-2000709024,0,https://fed.brid.gy/r/https://kotaku.com/zendaya-struggled-against-a-boss-in-spider-man-2-and-ultimately-needed-tom-hollands-help-2000709024,post,#SpiderManBrandNewDay
2026-06-22T18:58:01Z,Mastodon,comingsoon.net@web.brid.gy,Popular Video Game Scores Live-Action Movie From Spider-Man: Brand New Day Director https://fed.brid.gy/r/https://www.comingsoon.net/movies/news/2151714-popular-video-game-scores-live-action-movie-from-spider-man-brand-new-day-director,0,https://fed.brid.gy/r/https://www.comingsoon.net/movies/news/2151714-popular-video-game-scores-live-action-movie-from-spider-man-brand-new-day-director,post,#SpiderManBrandNewDay
2026-06-22T18:12:42Z,Mastodon,comingsoon.net@web.brid.gy,"Spider-Man Made Tom Holland a Star, but These Movies Could Define His Career https://fed.brid.gy/r/https://www.comingsoon.net/movies/features/2151649-spider-man-made-tom-holland-a-star-but-these-movies-could-define-his-career",0,https://fed.brid.gy/r/https://www.comingsoon.net/movies/features/2151649-spider-man-made-tom-holland-a-star-but-these-movies-could-define-his-career,post,#SpiderManBrandNewDay
2026-06-22T16:00:13Z,Mastodon,martincidmag,Spider-Man: Brand New Day Strands Tom Holland in a New York That Forgot His Name https://www.martincid.com/movies/spider-man-brand-new-day-2/ #DestinDanielCretton #SpiderManBrandNewDay #Zendaya,0,https://mastodon.social/@martincidmag/116794590100436324,post,#SpiderManBrandNewDay
2026-06-22T15:54:18Z,Mastodon,comingsoon.net@web.brid.gy,Spider-Man: Brand New Day Unveils Best Look Yet at MCU’s Tombstone https://fed.brid.gy/r/https://www.comingsoon.net/movies/news/2151580-spider-man-brand-new-day-unveils-best-look-yet-at-mcus-tombstone,1,https://fed.brid.gy/r/https://www.comingsoon.net/movies/news/2151580-spider-man-brand-new-day-unveils-best-look-yet-at-mcus-tombstone,post,#SpiderManBrandNewDay
2026-06-22T15:40:59Z,Mastodon,movizark@mastodon.world,"'Spider-Man: Brand New Day': New Clip Highlights Tom Holland & Jon Bernthal's Dynamic!! Check It Out!! #JacobBatalon, #JonBernthal, #LizaColonZayas, #MarkRuffalo, #Marvel, #MarvinJonesIII, #MelanieScrofano, #MichaelMando, #SadieSink, #Sony, #SpiderMan4, #SpiderManBrandNewDay, #TomHolland, #TramellTillman, #Zendaya",0,https://mastodon.world/@movizark/116794514453748151,post,#SpiderManBrandNewDay
2026-06-22T05:12:06Z,Mastodon,comingsoon.net@web.brid.gy,Latest Spider-Man: Brand New Day Spot Shows Villainous Ramrod in Action https://fed.brid.gy/r/https://www.comingsoon.net/movies/news/2151249-spider-man-brand-new-day-tv-spot-ramrod,1,https://fed.brid.gy/r/https://www.comingsoon.net/movies/news/2151249-spider-man-brand-new-day-tv-spot-ramrod,post,#SpiderManBrandNewDay
2026-06-22T00:47:43Z,Mastodon,indiegenius,Movie TV Tech Geeks #MovieNews #SpiderManBrandNewDay Netflix Celebrates 'Brand New Day' by Bringing Spider-Man to Streaming http://dlvr.it/TT8MW4,0,https://mastodon.social/@indiegenius/116791001993565344,post,#SpiderManBrandNewDay
2026-06-22T00:35:26Z,Mastodon,codyskinner1021,@YouTube New reaction video out now & this looks really awesome https://youtu.be/Bq6nPkeT--s?is=DNNJfct3ohpc4dTv #YouTube #trailerreaction #reactionvideo #SpidermanBrandNewDay #codypandajones #codypandajonesyt,0,https://mastodon.social/@codyskinner1021/116790953642312991,post,#SpiderManBrandNewDay
2026-06-22T00:35:07Z,Mastodon,codyskinner1021,New reaction video out now & this looks really awesome https://youtu.be/Bq6nPkeT--s?is=DNNJfct3ohpc4dTv #YouTube #trailerreaction #reactionvideo #SpidermanBrandNewDay #codypandajones #codypandajonesyt,0,https://mastodon.social/@codyskinner1021/116790952401856691,post,#SpiderManBrandNewDay
2026-06-21T19:46:44Z,Mastodon,geekrealmhub,New TV spot for Spider-Man: Brand New Day! In theaters July 31. #SpiderManBrandNewDay #SpiderMan #GeekRealmHub,0,https://mastodon.social/@geekrealmhub/116789818445391184,post,#SpiderManBrandNewDay
2026-06-21T10:14:36Z,Mastodon,Mathrubhumi_English,Tom Holland has revealed that his Spider-Man emblem tattoo caused an unexpected issue during filming of ‘Spider-Man: Brand New Day’. https://english.mathrubhumi.com/movies-music/news/tom-holland-spider-man-tattoo-brand-new-day-vfx-problem-mfcpwlci?utm_source=dlvr.it&utm_medium=mastodon #TomHolland #SpiderManBrandNewDay #Tattoo #Hollywood,0,https://mastodon.social/@Mathrubhumi_English/116787568750513704,post,#SpiderManBrandNewDay
2026-06-21T05:56:26Z,Mastodon,ddigest@trailers.ddigest.com,SPIDER-MAN: BRAND NEW DAY (2026) - Trailer #2 [Original 4K Ultra HD] https://trailers.ddigest.com/w/74CJeGVoBbAM3cEM1kEHaj,1,https://trailers.ddigest.com/w/74CJeGVoBbAM3cEM1kEHaj,post,#SpiderManBrandNewDay
2026-06-19T11:20:06Z,Mastodon,MovieInfos,Ein neuer Trailer zu #SpiderManBrandNewDay schwingt durchs Netz. #movies #movieinfos https://www.movie-infos.net/cms/News/8119-Die-freundliche-Spinne-aus-der-Nachbarschaft-ist-zurueck-Neuer-Trailer-zu-Spider/,0,https://mastodon.social/@MovieInfos/116776501670411719,post,#SpiderManBrandNewDay
2026-06-19T05:57:20Z,Mastodon,phantastiknews,YouTube Tipp ▶️ #TomHolland Reveals the Solution to #Peter and #MJ’s Heartbreak in #SpidermanBrandNewDay #Spiderman https://youtu.be/xd0amosoWSQ?is=gyJ5OFosKV4RUDZP,0,https://mastodon.social/@phantastiknews/116775232526008184,post,#SpiderManBrandNewDay
2026-06-19T00:25:52Z,Mastodon,FilmBook,"SPIDER-MAN: BRAND NEW DAY (2026) Movie Trailer 2: Tom Holland Attempts a New Life, but Villains Return Link: https://film-book.com/spider-man-brand-new-day-2026-movie-trailer-2-tom-holland-attempts-a-new-life-but-villains-return/?fsp_sid=214733 #ComicBook #DestinDanielCretton #JacobBatalon #JonBernthal #MarkRuffalo #MarvelComics #MichaelMando #MoviePoster #MovieTrailer #SadieSink #SonyPictures #SpiderManBrandNewDay #TomHolland #TramellTillman #Zendaya",0,https://mastodon.social/@FilmBook/116773929089854759,post,#SpiderManBrandNewDay
2026-06-18T21:49:14Z,Mastodon,comingsoon.net@web.brid.gy,How Spider-Man: Brand New Day Could Affect Shang-Chi 2’s Future https://fed.brid.gy/r/https://www.comingsoon.net/movies/features/2150510-how-spider-man-brand-new-day-could-affect-shang-chi-2s-future,0,https://fed.brid.gy/r/https://www.comingsoon.net/movies/features/2150510-how-spider-man-brand-new-day-could-affect-shang-chi-2s-future,post,#SpiderManBrandNewDay
2026-06-18T20:22:04Z,Mastodon,A7Production,"🔴 Peter Parker retourne aux fondamentaux ! #SpiderManBrandNewDay ✅️ https://a7productions.blogspot.com/p/7-radio-100-mix.html La bande annonce du prochain Spider-Man est sortie ! Et on repart presque à la case départ, sans oublier ses origines. Un nouvel opus qui promet d el'action ! https://www.youtube.com/watch?v=THte1EnuG-M #Mastodon #World #Travel #Voyages #France #Photography #Music #Media #Live #Podcast #A7Radio #Radio #Streaming #Webradio #Social #Motivation #pixelfed",1,https://mastodon.social/@A7Production/116772970479849181,post,#SpiderManBrandNewDay
2026-06-18T17:35:22Z,Mastodon,deadline,"‘Spider-Man: Brand New Day’ First Day U.S. Presales Swing To Best Ever In Five Years, Record YTD #News #SpiderManBrandNewDay https://deadline.com/2026/06/spider-man-brand-new-day-presales-record-1236959396/",0,https://mastodon.social/@deadline/116772314959271670,post,#SpiderManBrandNewDay
2026-06-18T17:34:23Z,Mastodon,comingsoon.net@web.brid.gy,Spider-Man: Brand New Day Trailer Confirms Secret X-Men Villain Casting https://fed.brid.gy/r/https://www.comingsoon.net/movies/news/2150353-spider-man-brand-new-day-trailer-confirms-secret-x-men-villain-casting,1,https://fed.brid.gy/r/https://www.comingsoon.net/movies/news/2150353-spider-man-brand-new-day-trailer-confirms-secret-x-men-villain-casting,post,#SpiderManBrandNewDay
2026-06-18T17:20:02Z,Mastodon,comingsoon.net@web.brid.gy,New Spider-Man 4 Sadie Sink MCU Theory Has 1 Huge Problem https://fed.brid.gy/r/https://www.comingsoon.net/movies/features/2150347-new-spider-man-4-sadie-sink-mcu-theory-has-1-huge-problem,1,https://fed.brid.gy/r/https://www.comingsoon.net/movies/features/2150347-new-spider-man-4-sadie-sink-mcu-theory-has-1-huge-problem,post,#SpiderManBrandNewDay
2026-06-18T17:13:01Z,Mastodon,gameloopgg,"🕷️ Marvel’s Spider-Man 2 is getting the Fresh Start Suit for FREE on July 28, tying the game directly to Spider-Man: Brand New Day. A smart movie crossover years after launch. 👀 Read more: https://0x5f.sh/BaRaek #SpiderMan2 #SpiderManBrandNewDay #MarvelGaming",0,https://mastodon.social/@gameloopgg/116772227115658050,post,#SpiderManBrandNewDay
2026-06-18T16:43:46Z,Mastodon,JustGeek,🎬 Spider-Man : Brand New Day dévoile son nouveau trailer et il en montre beaucoup 👉 https://www.justgeek.fr/spider-man-brand-new-day-nouveau-trailer-152169/ #SpiderManBrandNewDay #SonyPictures #Trailer #Film #Cinéma,1,https://mastodon.social/@JustGeek/116772112087665483,post,#SpiderManBrandNewDay
2026-06-18T14:10:57Z,Mastodon,movizark@mastodon.world,"'Spider-Man: Brand New Day': New Trailer Sees Peter Parker Lose Control Over His Powers!! Check It Out!! #JacobBatalon, #JonBernthal, #LizaColonZayas, #MarkRuffalo, #Marvel, #MarvinJonesIII, #MelanieScrofano, #MichaelMando, #SadieSink, #Sony, #SpiderMan4, #SpiderManBrandNewDay, #TomHolland, #TramellTillman, #Zendaya",0,https://mastodon.world/@movizark/116771511166498440,post,#SpiderManBrandNewDay
2026-06-18T14:10:28Z,Mastodon,phantastiknews,YouTube Tipp ▶️ #SpiderMan vs #Hulk & #JeanGrey bestätigt? | #SpiderMan 4 Trailer #Analyse #spiderManBrandNewDay https://youtu.be/s-xxK5UuSXc?si=NW4-7wvsJZfTk2iQ,1,https://mastodon.social/@phantastiknews/116771509250080586,post,#SpiderManBrandNewDay
2026-06-18T14:08:58Z,Mastodon,movizark@mastodon.world,"'Spider-Man: Brand New Day': Director Teases Upcoming Movie Could be Tom Holland's Last MCU Solo Feature!! #Marvel, #TomHolland, #SpiderManBrandNewDay, #SpiderMan, #DestinDanielCretton",0,https://mastodon.world/@movizark/116771503372480959,post,#SpiderManBrandNewDay
2026-06-18T11:49:58Z,Mastodon,eurogamer.de@web.brid.gy,Marvel's Spider-Man 2: Gratis-Update bringt Anzug aus dem neuen Kinofilm https://fed.brid.gy/r/https://www.eurogamer.de/marvels-spider-man-2-gratis-anzug-mcu,0,https://fed.brid.gy/r/https://www.eurogamer.de/marvels-spider-man-2-gratis-anzug-mcu,post,#SpiderManBrandNewDay
2026-06-18T11:20:00Z,Mastodon,comingsoon.net@web.brid.gy,"After Brand New Day Trailer, Spider-Man Fans Just Got a Free Surprise https://fed.brid.gy/r/https://www.comingsoon.net/movies/news/2150143-after-brand-new-day-trailer-spider-man-fans-just-got-a-free-surprise",0,https://fed.brid.gy/r/https://www.comingsoon.net/movies/news/2150143-after-brand-new-day-trailer-spider-man-fans-just-got-a-free-surprise,post,#SpiderManBrandNewDay
2026-06-18T09:33:13Z,Mastodon,PhilEdwards,Spider-Man: Brand New Day gets a new trailer. Watch it here https://bit.ly/4xBn2Be #SpiderManBrandNewDay #SpiderMan #ThePunisher #Hulk #XMen #Scorpion #TomHolland #Zendaya #JonBernthal #SadieSink #MarkRuffalo #MichaelMando #film #comic #Marvel,2,https://mastodon.social/@PhilEdwards/116770419102121375,post,#SpiderManBrandNewDay
2026-06-18T09:31:08Z,Mastodon,PhilEdwards,Spider-Man: Brand New Day gets a new trailer. Watch it here https://bit.ly/4xBn2Be #SpiderManBrandNewDay #SpiderMan #ThePunisher #Hulk #XMen #Scorpion #TomHolland #Zendaya #JonBernthal #SadieSink #MarkRuffalo #MichaelMando #film #comic #Marvel,0,https://mastodon.social/@PhilEdwards/116770410855581831,post,#SpiderManBrandNewDay
2026-06-18T06:37:48Z,Mastodon,buzzoca,"SPIDER-MAN: BRAND NEW DAY – New Trailer The world may have forgotten Peter Parker, but he hasn't forgotten them. Watch the new trailer for #SpiderManBrandNewDay, in theatres July 31. Tickets on sale NOW. July 31, 2026 It's a BRAND NEW DAY for Peter Parker. Fighting crime full-time as Spider-Man in a world that doesn’t remember him—and the pressure of seeing his old friends move on without him—sparks a change in Peter he may not have the power to control. https://buzzoca.com/spider-man-brand-new-day-new-trailer/",0,https://mastodon.social/@buzzoca/116769729313397918,post,#SpiderManBrandNewDay
2026-06-18T05:01:50Z,Mastodon,comingsoon.net@web.brid.gy,Enhanced Spider-Man 4 Trailer Shot Offers Clearest Look at Sadie Sink’s Character https://fed.brid.gy/r/https://www.comingsoon.net/movies/news/2149908-spider-man-4-brand-new-day-trailer-sadie-sink-clear-look,1,https://fed.brid.gy/r/https://www.comingsoon.net/movies/news/2149908-spider-man-4-brand-new-day-trailer-sadie-sink-clear-look,post,#SpiderManBrandNewDay
2026-06-18T04:09:14Z,Mastodon,comingsoon.net@web.brid.gy,Spider-Man: Brand New Day Fans Have the Same Trailer 2 Reactions https://fed.brid.gy/r/https://www.comingsoon.net/movies/news/2149892-spider-man-brand-new-day-trailer-reactions-web-tornado,1,https://fed.brid.gy/r/https://www.comingsoon.net/movies/news/2149892-spider-man-brand-new-day-trailer-reactions-web-tornado,post,#SpiderManBrandNewDay
2026-06-18T03:30:10Z,Mastodon,gustavo_rebollar_angel@tkz.one,"#SpiderManBrandNewDay tiene un nuevo tráiler, en el cual vemos #SpiderMan lidiando con el increíble #Hulk convertido en su enemigo. Pero tiene muchos más problemas con los cuales lidiar, como el regreso de Scorpion :3. https://universo-nintendo.com.mx/2026/06/17/spider-man-brand-new-day-trailer-scorpion-hulk/",0,https://tkz.one/@gustavo_rebollar_angel/116768991493061297,post,#SpiderManBrandNewDay
2026-06-18T00:01:02Z,Mastodon,dmtalkies,"New look at Spider-Man battling The Hand in Spider-Man: Brand New Day has been revealed! The latest image teases an epic showdown between the web-slinger and the infamous ninja organization, hinting at a more grounded, street-level story for Peter Parker's next adventure. 👀 Spider-Man: Brand New Day continues to keep fans guessing about the threats awaiting Spidey in the MCU. #SpiderMan #SpiderManBrandNewDay #TheHand",0,https://mastodon.social/@dmtalkies/116768169161850730,post,#SpiderManBrandNewDay
2026-06-17T23:40:08Z,Mastodon,variety_feed,Tom Holland Speaks Out on AI and Why Artists Are ‘Safe’: ‘Creativity Has to Do With the Human Experience’ #Variety #News #SpiderManBrandNewDay #TomHolland https://variety.com/2026/film/news/tom-holland-ai-artists-human-1236784500/,1,https://mastodon.social/@variety_feed/116768086954056381,post,#SpiderManBrandNewDay
2026-06-17T23:39:16Z,Mastodon,variety.com@web.brid.gy,Tom Holland Speaks Out on AI and Why Artists Are ‘Safe’: ‘Creativity Has to Do With the Human Experience’ https://fed.brid.gy/r/https://variety.com/2026/film/news/tom-holland-ai-artists-human-1236784500/,0,https://fed.brid.gy/r/https://variety.com/2026/film/news/tom-holland-ai-artists-human-1236784500/,post,#SpiderManBrandNewDay
2026-06-17T22:29:33Z,Mastodon,phantastiknews,YouTube Tipp ▶️ #SPIDERMANBRANDNEWDAY – New #english #Trailer #4K https://youtu.be/62bIsvRcPv0?is=qCLnuXpSOSBAi7Zy,1,https://mastodon.social/@phantastiknews/116767809422031156,post,#SpiderManBrandNewDay
2026-06-17T22:00:29Z,Mastodon,comingsoon.net@web.brid.gy,Spider-Man: Brand New Day Trailer Review: MCU Movie Promises Darker Take on Hero https://fed.brid.gy/r/https://www.comingsoon.net/movies/features/2149827-spider-man-brand-new-day-trailer-review-mcu-movie-promises-darker-take-on-hero,0,https://fed.brid.gy/r/https://www.comingsoon.net/movies/features/2149827-spider-man-brand-new-day-trailer-review-mcu-movie-promises-darker-take-on-hero,post,#SpiderManBrandNewDay
2026-06-17T21:59:41Z,Mastodon,indiegenius,Movie TV Tech Geeks #MovieFeatures #SpiderManBrandNewDay #Hulk #MCU 'Spider-Man: Brand New Day' Trailer Officially Confirms Major Change to the Hulk http://dlvr.it/TT5MYL,0,https://mastodon.social/@indiegenius/116767692017754501,post,#SpiderManBrandNewDay
2026-06-17T21:45:10Z,Mastodon,comingsoon.net@web.brid.gy,Spider-Man: Brand New Day Trailer: 3 Reasons To Be Excited After New Look at MCU Movie https://fed.brid.gy/r/https://www.comingsoon.net/movies/news/2149821-spider-man-brand-new-day-trailer-3-reasons-to-be-excited-after-new-look-at-mcu-movie,0,https://fed.brid.gy/r/https://www.comingsoon.net/movies/news/2149821-spider-man-brand-new-day-trailer-3-reasons-to-be-excited-after-new-look-at-mcu-movie,post,#SpiderManBrandNewDay
2026-06-17T20:28:48Z,Mastodon,scifibr.wordpress.com@scifibr.wordpress.com,"Assista ao Novo Trailer de HOMEM-ARANHA: UM NOVO DIA A Sony Pictures divulgou o segundo trailer oficial de Homem-Aranha: Um Novo Dia, o quarto filme do super-herói no MCU protagonizado por Tom Holland: Além de Holland o elenco inclui Sadie Sink em papel ainda não revelado, Jon Bernthal como Frank Castle, o Justiceiro, Michael Mando como Escorpião, Mark Ruffalo como Bruce Banner, Tramell Tillman como William Metzger e os retornos de Jacob Batalon e Zendaya respectivamente como Ned Leeds e MJ. O filme, com direção de Destin Daniel Cretton, de Shang-Chi, e roteiro de Chris McKenna e Erik Sommers, teve sua estreia antecipada no Brasil para o dia 29 de julho. #ChrisMcKenna #DestinDanielCretton #ErikSommers #Filmes #HomemAranha4 #HomemAranhaUmNovoDia #JacobBatalon #JonBernthal #MarkRuffalo #MarvelStudios #MichaelMando #Quadrinhos #SadieSink #SciFiNews #SonyPictures #SpiderManBrandNewDay #TomHolland #Trailer #TramellTillman #Zendaya",0,https://scifibr.wordpress.com/2026/06/17/assista-ao-novo-trailer-de-homem-aranha-um-novo-dia/,post,#SpiderManBrandNewDay
2026-06-17T20:26:28Z,Mastodon,kotaku.com@web.brid.gy,New Spider-Man: Brand New Day Trailer Reveals The Hulk And Keeps Sadie Sink Under A Hood https://fed.brid.gy/r/https://kotaku.com/spider-man-brand-new-day-trailer-ps5-update-hulk-2000707682,0,https://fed.brid.gy/r/https://kotaku.com/spider-man-brand-new-day-trailer-ps5-update-hulk-2000707682,post,#SpiderManBrandNewDay
2026-06-17T20:05:37Z,Mastodon,indiegenius,"Movie TV Tech Geeks #MovieNews #SpiderManBrandNewDay #TomHolland Tom Holland's Spider-Man Is ""Out of Control"" in New 'Brand New Day' Trailer http://dlvr.it/TT5JWQ",0,https://mastodon.social/@indiegenius/116767243475889882,post,#SpiderManBrandNewDay
2026-06-17T19:40:10Z,Mastodon,deadline,‘Spider-Man: Brand New Day’ Trailer Gives First Look At Mark Ruffalo’s Hulk #News #MarkRuffalo #SpiderManBrandNewDay #TomHolland https://deadline.com/2026/06/spider-man-brand-new-day-trailer-first-look-mark-ruffalo-hulk-1236958566/,0,https://mastodon.social/@deadline/116767143383963303,post,#SpiderManBrandNewDay
2026-06-17T19:31:48Z,Mastodon,wevegotbackissues.com@wevegotbackissues.com,"Spider-Man: Brand New Day – New Trailer https://youtu.be/62bIsvRcPv0?si=kwGMw_s2kq6bl0NQ A new trailer has been released for Spider-Man: Brand New Day. The world may have forgotten Peter Parker, but he hasn’t forgotten them. It’s a BRAND NEW DAY for Peter Parker. Fighting crime full-time as Spider-Man in a world that doesn’t remember him—and the pressure of seeing his old friends move on without him—sparks a change in Peter he may not have the power to control. But that transformation might also be the only thing that can stop a shocking new threat to the city and those he loves – a powerful villain no one can even see. Directed by Destin Daniel Crettonand starring Tom Holland, Zendaya, Sadie Sink, Jacob Batalon, Jon Bernthal, Tramell Tillman, Michael Mando and Mark Ruffalo. The film is released on 31st July. RETURN TO MARVEL TRAILERS #MCU #SpiderMan #TomHolland #MarvelStudios #Zendaya #Trailer #SpiderManBrandNewDay",3,https://wevegotbackissues.com/2026/06/17/104938/,post,#SpiderManBrandNewDay
2026-06-17T19:17:19Z,Mastodon,fumettologica.it@web.brid.gy,Il nuovo trailer di Spider-Man: Brand New Day https://fed.brid.gy/r/https://fumettologica.it/2026/06/spider-man-brand-new-day-nuovo-trailer-film-marvel/,1,https://fed.brid.gy/r/https://fumettologica.it/2026/06/spider-man-brand-new-day-nuovo-trailer-film-marvel/,post,#SpiderManBrandNewDay
2026-06-17T19:10:07Z,Mastodon,variety_feed,‘Spider-Man: Brand New Day’ Trailer: Tom Holland Fights Hulk and Loses Control of His Powers #Variety #News #SpiderManBrandNewDay #TomHolland #Zendaya https://variety.com/2026/film/news/spider-man-brand-new-day-trailer-tom-holland-hulk-1236735764/,1,https://mastodon.social/@variety_feed/116767025241401292,post,#SpiderManBrandNewDay
2026-06-17T19:05:39Z,Mastodon,variety.com@web.brid.gy,‘Spider-Man: Brand New Day’ Trailer: Tom Holland Fights Hulk and Loses Control of His Powers https://fed.brid.gy/r/https://variety.com/2026/film/news/spider-man-brand-new-day-trailer-tom-holland-hulk-1236735764/,0,https://fed.brid.gy/r/https://variety.com/2026/film/news/spider-man-brand-new-day-trailer-tom-holland-hulk-1236735764/,post,#SpiderManBrandNewDay
2026-06-17T19:05:12Z,Mastodon,hollywoodreporter,Tom Holland Is Back Swinging in ‘Spider-Man: Brand New Day’ Trailer #MovieNews #Movies #SpiderManBrandNewDay #TomHolland #Trailer #Zendaya https://www.hollywoodreporter.com/movies/movie-news/spider-man-brand-new-day-trailer-tom-holland-1236624211/,0,https://mastodon.social/@hollywoodreporter/116767005924896864,post,#SpiderManBrandNewDay
2026-06-17T17:48:08Z,Mastodon,uradioscreen,"🕷️ ES IST SOWEIT! Der neue Trailer zu SPIDER-MAN: BRAND NEW DAY ist endlich da! 🎬 Tom Holland und Zendaya feiern heute das große Fan-Event in Amsterdam – und der neue Trailer zeigt Peter Parker in seinem bislang dunkelsten Abenteuer. Allein gegen eine Welt, die ihn nicht kennt. Der Film startet am 31. Juli 2026 in den Kinos. #SpiderManBrandNewDay #Marvel",0,https://mastodon.social/@uradioscreen/116766702871322081,post,#SpiderManBrandNewDay
2026-06-17T16:24:46Z,Mastodon,mklopez,"Tickets for #SpiderManBrandNewDay have been secured. Almost missed that they went in sale, and my preferred show (Saturday night) at my preferred theater was already halfway sold.",0,https://mastodon.social/@mklopez/116766375079810860,post,#SpiderManBrandNewDay
2026-06-17T14:15:25Z,Mastodon,donporque,¿Qué esconde Spider-Man: Brand New Day antes de su estreno mundial? #SpiderManBrandNewDay #SpiderMan #TomHolland #Zendaya #PeterParker #Marvel #MarvelStudios #SonyPictures #Cine #Estrenos2026 #CineMarvel #felizmiercoles #17dejunio https://donporque.com/spider-man-brand-new-day/,0,https://mastodon.social/@donporque/116765866455889567,post,#SpiderManBrandNewDay
2026-06-17T13:05:41Z,Mastodon,variety_feed,Screen X to Launch New Premium Large Format With ‘Spider-Man: Brand New Day’ (EXCLUSIVE) #Variety #News #ScreenX #SpiderManBrandNewDay https://variety.com/2026/film/news/screen-x-premium-large-format-spider-man-brand-new-day-1236781390/,1,https://mastodon.social/@variety_feed/116765592213358543,post,#SpiderManBrandNewDay
2026-06-17T05:21:48Z,Mastodon,phantastiknews,"YouTube Tipp ▶️ #SpidermanBrandNewDay #Zendaya, #TomHolland Walk First #RedCarpet Together in 4 Years | #Spiderman https://youtu.be/rw3dno8AGCk?is=mP5TOviaHSA9r0Nt",0,https://mastodon.social/@phantastiknews/116763768123447895,post,#SpiderManBrandNewDay
2026-06-17T02:55:06Z,Mastodon,deadline,Tom Holland On Spider-Man Successor: “Owen Cooper Would Be Awesome” #News #OwenCooper #SpiderMan #SpiderManBrandNewDay #TomHolland https://deadline.com/2026/06/tom-holland-spider-man-owen-cooper-1236958088/,0,https://mastodon.social/@deadline/116763191284497176,post,#SpiderManBrandNewDay
2026-06-16T21:00:00Z,Mastodon,cinemagizmo.com@cinemagizmo.com,"¿Quién será el villano en Spiderman: Brand new day? Siguen existiendo muchas duda sobre cuales serán los personajes que intervendrán en la cinta La nueva sinopsis oficial de Spider-Man: Brand New Day acaba de salir a la luz. Y con ella, la cinta ha dado nuevos detalles sobre su villana. Una nueva pista que alimenta los rumores sobre quién se esconde detrás de los problemas a los que se enfrentará esta vez el arácnido de Tom Holland. Por supuesto, todas las miradas apuntan en una misma dirección: Jean Grey. Y es que los rumores y filtraciones aseguran desde hace meses que la actriz Sadie Sink podría dar vida a la joven mutante. Y es exactamente en esas últimas frases donde se dan los datos de interés sobre la villana de la película. Sony Pictures confirma al fin que es una amenaza «que nadie puede siquiera ver». Una descripción que se ajusta perfectamente las teorías de los fans sobre poderes de control mental, que surgieron sobre todo a raíz del anterior tráiler. En el avance de Spider",6,https://cinemagizmo.com/2026/06/16/quien-sera-el-villano-en-spiderman-brand-new-day/,post,#SpiderManBrandNewDay
2026-06-16T19:23:37Z,Mastodon,indiegenius,Movie TV Tech Geeks #MovieNews #SpiderManBrandNewDay 'Spider-Man: Brand New Day' Could Be the End of an Era for Tom Holland http://dlvr.it/TT4JxH,0,https://mastodon.social/@indiegenius/116761416007460580,post,#SpiderManBrandNewDay
2026-06-16T15:10:34Z,Mastodon,SquaredTech@mstdn.social,"Exciting news for tech and Spider-Man fans! Samsung Galaxy Z Flip 7 and Fold 7 are officially joining the #SpiderManBrandNewDay Universe! These sleek devices are set to impress, and get this - there's even an interactive Spidey Tracker! Can't wait to see it on the big screen! #SamsungGalaxy #TechInMovies Samsung Galaxy Z Flip 7 and Fold 7 Land Official Roles in Spider-Man: https://www.squaredtech.co/samsung-galaxy-z-flip-7-and-fold-7-land-official-roles-in-spider-man?fsp_sid=12418",0,https://mstdn.social/@SquaredTech/116760421003907622,post,#SpiderManBrandNewDay
2026-06-16T12:55:13Z,Mastodon,variety_feed,Tom Holland Confirms Marriage to Zendaya by Saying Family Members ‘Were All There’ at the Wedding: ‘That’s All You’ll Get on That’ #Variety #News #SpiderManBrandNewDay #TomHolland #Zendaya https://variety.com/2026/film/news/tom-holland-zendaya-wedding-married-1236782468/,0,https://mastodon.social/@variety_feed/116759888741083203,post,#SpiderManBrandNewDay
2026-06-16T05:00:38Z,Mastodon,phantastiknews,YouTube Tipp ▶️ #Zendaya Sports #Wedding Band as She and #TomHolland Kick Off #SpiderManBrandNewDay Presstour #Spiderman https://youtu.be/aI6v2Uru7qs?is=-PG2wdIDY1XdT7KV,0,https://mastodon.social/@phantastiknews/116758022640852441,post,#SpiderManBrandNewDay
2026-06-15T22:35:12Z,Mastodon,deadline,"‘Wonder Man’ Co-Creator Destin Daniel Cretton On “Fun” Season 2, ‘Shang-Chi 2’ & ‘Spider-Man’ Future – Crew Call Podcast #News #AndrewGuest #CrewCall #CrewCallPodcast #DestinDanielCretton #SpiderManBrandNewDay #WonderMan https://deadline.com/2026/06/wonder-man-spider-man-brand-new-day-destin-daniel-cretton-1236956872/",0,https://mastodon.social/@deadline/116756507012127038,post,#SpiderManBrandNewDay
2026-06-15T20:47:13Z,Mastodon,comingsoon.net@web.brid.gy,Spider-Man’s Coolest Superpower Highlighted in Brand New Day MCU Poster https://fed.brid.gy/r/https://www.comingsoon.net/movies/news/2148574-spider-man-coolest-superpower-highlighted-in-brand-new-day-mcu-poster,1,https://fed.brid.gy/r/https://www.comingsoon.net/movies/news/2148574-spider-man-coolest-superpower-highlighted-in-brand-new-day-mcu-poster,post,#SpiderManBrandNewDay
2026-06-15T16:09:14Z,Mastodon,comingsoon.net@web.brid.gy,"Spider-Man: Zendaya & Tom Holland Kick Off Brand New Day’s Global Tour, View Photos https://fed.brid.gy/r/https://www.comingsoon.net/movies/news/2148345-spider-man-zendaya-tom-holland-kick-off-brand-new-day-global-tour-view-photos",0,https://fed.brid.gy/r/https://www.comingsoon.net/movies/news/2148345-spider-man-zendaya-tom-holland-kick-off-brand-new-day-global-tour-view-photos,post,#SpiderManBrandNewDay
2026-06-15T13:03:00Z,Mastodon,comingsoon.net@web.brid.gy,Spider-Man: Brand New Day’s Latest Synopsis Reveals Details of Its Unseen ‘Powerful Villain’ https://fed.brid.gy/r/https://www.comingsoon.net/movies/news/2148171-spider-man-4-brand-new-day-synopsis-villain-details,1,https://fed.brid.gy/r/https://www.comingsoon.net/movies/news/2148171-spider-man-4-brand-new-day-synopsis-villain-details,post,#SpiderManBrandNewDay
2026-06-15T12:45:00Z,Mastodon,comingsoon.net@web.brid.gy,Tom Holland Gives Spider-Man Fans Major Brand New Day News Ahead of Release https://fed.brid.gy/r/https://www.comingsoon.net/movies/news/2148197-spider-man-brand-new-day-tom-holland-news,1,https://fed.brid.gy/r/https://www.comingsoon.net/movies/news/2148197-spider-man-brand-new-day-tom-holland-news,post,#SpiderManBrandNewDay
2026-06-13T13:00:00Z,Mastodon,cinemagizmo.com@cinemagizmo.com,"¿Cuánto durará Spiderman: Brand New Day? La cinta será la punta de lanza para la nueva etapa del MCU La duración de Spider-Man: Brand New Day acaba de ser confirmada de manera oficial. La película de Marvel y Sony Pictures se estrena en poco más de un mes y devolverá a los fans del trepamuros a los cines. Lo hará por cuarta vez con Tom Holland como protagonista, rompiendo el récord de las tres entregas que compartía con Tobey Maguire. Y ahora se ha desvelado que no es la única marca que ha batido. La cadena de cines AMC ya cuenta con el título en su base de datos. Y gracias a ello ya sabemos cuánto durará la cinta. Spider-Man: Brand New Day tendrá una duración de 2 horas y 30 minutos. Esto la convierte en la película más larga de la historia de Spider-Man, superando por dos minutos a Spider-Man: No Way Home (2021). Esto confirma que, a pesar de que algunas voces demandan películas más cortas a Hollywood, en Marvel siguen apostando por las duraciones largas para sus grandes espectáculos",6,https://cinemagizmo.com/2026/06/13/cuanto-durara-spiderman-brand-new-day/,post,#SpiderManBrandNewDay
2026-06-12T11:51:30Z,Mastodon,indiegenius,Movie TV Tech Geeks #MovieFeatures #SpiderManBrandNewDay #SpiderMan Has Spider-Man Fought Ninjas Before? Major MCU Villains Confirmed for ‘Spider-Man: Brand New Day’ http://dlvr.it/TT0tLs,0,https://mastodon.social/@indiegenius/116736988974318226,post,#SpiderManBrandNewDay
2026-06-11T21:36:22Z,Mastodon,indiegenius,Movie TV Tech Geeks #MovieFeatures #SpiderManBrandNewDay #SpiderMan What the Spider-Man Comics Could Tell Us About 'Brand New Day’s Biggest Twist http://dlvr.it/TT0PKl,0,https://mastodon.social/@indiegenius/116733626445145870,post,#SpiderManBrandNewDay
2026-06-11T20:33:10Z,Mastodon,movizark@mastodon.world,"'Spider-Man: Brand New Day' Gets New Poster & Video Confirming Ticket Sale Next Week!! Check It Out!! #JacobBatalon, #JonBernthal, #LizaColonZayas, #MarkRuffalo, #Marvel, #MarvinJonesIII, #MelanieScrofano, #MichaelMando, #SadieSink, #Sony, #SpiderMan4, #SpiderManBrandNewDay, #TomHolland, #TramellTillman, #Zendaya",0,https://mastodon.world/@movizark/116733377925890154,post,#SpiderManBrandNewDay
2026-06-11T12:53:00Z,Mastodon,comingsoon.net@web.brid.gy,Spider-Man: Brand New Day Gets Early Release Date in 1 Major International Market https://fed.brid.gy/r/https://www.comingsoon.net/movies/news/2146754-spider-man-brand-new-day-early-release-date,1,https://fed.brid.gy/r/https://www.comingsoon.net/movies/news/2146754-spider-man-brand-new-day-early-release-date,post,#SpiderManBrandNewDay
2026-06-10T21:50:02Z,Mastodon,dmtalkies,"Do you want to see Spider-Man actually face off against Hulk in the movie? First look at Savage Hulk in SPIDER-MAN: BRAND NEW DAY has been revealed! And honestly? He looks absolutely terrifying. 😱🔥The massive size, raw rage, and intimidating design make this one of the most menacing versions of Hulk we've seen in a long time. Drop your thoughts below! 👇 #SpiderManBrandNewDay #SpiderMan #Hulk",0,https://mastodon.social/@dmtalkies/116728017856863862,post,#SpiderManBrandNewDay
2026-06-10T18:35:40Z,Mastodon,comingsoon.net@web.brid.gy,"Spider-Man: Brand New Day Poster, Video Comes With an Important MCU Announcement https://fed.brid.gy/r/https://www.comingsoon.net/movies/news/2146151-spider-man-brand-new-day-poster-video-comes-with-an-important-mcu-announcement",0,https://fed.brid.gy/r/https://www.comingsoon.net/movies/news/2146151-spider-man-brand-new-day-poster-video-comes-with-an-important-mcu-announcement,post,#SpiderManBrandNewDay
2026-06-10T17:44:01Z,Mastodon,top_news,"‘Spider-Man: Brand New Day’ Suffers Its Worst Trailer Leak To Date Sony is once again faced with a Spider-Man: Brand New Day trailer leak, this one bigger than the last, given its quality. https://www.forbes.com/sites/paultassi/2026/06/10/spider-man-brand-new-day-suffers-its-worst-trailer-leak-to-date/ #TopNews #News #Peter #Sony #SpiderManBrandNewDay",0,https://mastodon.social/@top_news/116727050505190464,post,#SpiderManBrandNewDay
2026-06-10T03:27:01Z,Mastodon,dmtalkies,"New Spider-Man: Brand New Day rumors are making waves! According to a recent toy leak, Sadie Sink's mysterious character is reportedly shown with pink powers, sparking a ton of speculation among Marvel fans. While nothing has been officially confirmed by Marvel, the leak has already sent fans into theory mode. 🤯 💬 Who do you think Sadie Sink is playing? #SpiderManBrandNewDay #SpiderMan #MCU",0,https://mastodon.social/@dmtalkies/116723680661492504,post,#SpiderManBrandNewDay
2026-06-09T10:14:01Z,Mastodon,Bahdlex,A Brand New Day Begins. Spider-Man #SpiderManBrandNewDay #PUBGMOBILE #PUBGM450 #PUBGMxSpiderManBrandNewDay #PUBGMxSpiderMan #Bahdlexblog #Bahdlexempire #bahdlex #Bahd #Lex #spiderman,1,https://mastodon.social/@Bahdlex/116719618722033087,post,#SpiderManBrandNewDay
2026-06-09T00:15:18Z,Mastodon,indiegenius,Movie TV Tech Geeks #MovieNews #SpiderManBrandNewDay #TomHolland ‘Spider-Man: Brand New Day’ Is Officially the Longest Spider-Man Movie in History http://dlvr.it/TSxZWk,0,https://mastodon.social/@indiegenius/116717264497426865,post,#SpiderManBrandNewDay
2026-06-08T15:03:47Z,Mastodon,comingsoon.net@web.brid.gy,Spider-Man: Brand New Day Runtime Confirmed for Tom Holland MCU Movie https://fed.brid.gy/r/https://www.comingsoon.net/movies/news/2144491-spider-man-brand-new-day-runtime-confirmed-for-tom-holland-mcu-movie,1,https://fed.brid.gy/r/https://www.comingsoon.net/movies/news/2144491-spider-man-brand-new-day-runtime-confirmed-for-tom-holland-mcu-movie,post,#SpiderManBrandNewDay
2026-06-06T21:53:37Z,Mastodon,indiegenius,Movie TV Tech Geeks #MovieNews #SpiderManBrandNewDay #TomHolland Marvel’s Biggest Project of 2026 Officially Launches in Less Than 2 Months http://dlvr.it/TSw0QZ,0,https://mastodon.social/@indiegenius/116705382708595936,post,#SpiderManBrandNewDay
2026-06-05T16:13:50Z,Mastodon,comingsoon.net@web.brid.gy,Spider-Man: Brand New Day Scrapped Idea Would Have Been Adorable https://fed.brid.gy/r/https://www.comingsoon.net/movies/news/2143823-spider-man-brand-new-day-scrapped-idea-would-have-been-adorable,1,https://fed.brid.gy/r/https://www.comingsoon.net/movies/news/2143823-spider-man-brand-new-day-scrapped-idea-would-have-been-adorable,post,#SpiderManBrandNewDay
2026-06-05T14:26:00Z,Mastodon,comingsoon.net@web.brid.gy,Why Spider-Man 4 Ditches the Multiverse & Goes Back To Street Level https://fed.brid.gy/r/https://www.comingsoon.net/movies/news/2143730-spider-man-4-brand-new-day-multiverse-no-way-home,1,https://fed.brid.gy/r/https://www.comingsoon.net/movies/news/2143730-spider-man-4-brand-new-day-multiverse-no-way-home,post,#SpiderManBrandNewDay
2026-06-03T21:55:06Z,Mastodon,variety_feed,"Tom Holland Once Said Playing Spider-Man in His 30s Would Be Bad, but Now Reveals ‘I Could’ve Been Trying to Leverage Sony’ for a Better Deal: ‘A Strategy to Create Fear’ #Variety #News #Sony #SpiderMan #SpiderManBrandNewDay https://variety.com/2026/film/news/tom-holland-spider-man-deal-quit-franchise-1236764793/",1,https://mastodon.social/@variety_feed/116688401645985509,post,#SpiderManBrandNewDay
2026-06-03T21:50:34Z,Mastodon,variety.com@web.brid.gy,"Tom Holland Once Said Playing Spider-Man in His 30s Would Be Bad, but Now Reveals ‘I Could’ve Been Trying to Leverage Sony’ for a Better Deal: ‘A Strategy to Create Fear’ https://fed.brid.gy/r/https://variety.com/2026/film/news/tom-holland-spider-man-deal-quit-franchise-1236764793/",0,https://fed.brid.gy/r/https://variety.com/2026/film/news/tom-holland-spider-man-deal-quit-franchise-1236764793/,post,#SpiderManBrandNewDay
2026-06-03T12:55:00Z,Mastodon,comingsoon.net@web.brid.gy,Spider-Man: Brand New Day Gets Early Release Date for Some Fans https://fed.brid.gy/r/https://www.comingsoon.net/movies/news/2142028-spider-man-4-brand-new-day-early-screening-date-set-poster,0,https://fed.brid.gy/r/https://www.comingsoon.net/movies/news/2142028-spider-man-4-brand-new-day-early-screening-date-set-poster,post,#SpiderManBrandNewDay
2026-06-02T22:20:15Z,Mastodon,hollywoodreporter,Tom Holland Called Sony Boss to Delay ‘Spider-Man: Brand New Day’ for Christopher Nolan’s ‘The Odyssey’ #MovieNews #Movies #Sony #SpiderMan #SpiderManBrandNewDay #TheOdyssey #TomHolland https://www.hollywoodreporter.com/movies/movie-news/tom-holland-delayed-spider-man-the-odyssey-called-sony-1236611855/,0,https://mastodon.social/@hollywoodreporter/116682838193770683,post,#SpiderManBrandNewDay
2026-06-02T21:50:07Z,Mastodon,variety_feed,Zendaya and Tom Holland Spoke Up on ‘Spider-Man: Brand New Day’ Set When Scene Wasn’t Working; Director Sent Crew Home So It Could Be Rewritten #Variety #News #SpiderManBrandNewDay #TomHolland #Zendaya https://variety.com/2026/film/news/zendaya-tom-holland-spider-man-brand-new-day-rewrite-bad-scene-1236765076/,1,https://mastodon.social/@variety_feed/116682719712868630,post,#SpiderManBrandNewDay
2026-06-02T21:49:38Z,Mastodon,variety.com@web.brid.gy,Zendaya and Tom Holland Spoke Up on ‘Spider-Man: Brand New Day’ Set When Scene Wasn’t Working; Director Sent Crew Home So It Could Be Rewritten https://fed.brid.gy/r/https://variety.com/2026/film/news/zendaya-tom-holland-spider-man-brand-new-day-rewrite-bad-scene-1236765076/,1,https://fed.brid.gy/r/https://variety.com/2026/film/news/zendaya-tom-holland-spider-man-brand-new-day-rewrite-bad-scene-1236765076/,post,#SpiderManBrandNewDay
2026-06-02T20:03:29Z,Mastodon,indiegenius,Movie TV Tech Geeks #MovieNews #SpiderManBrandNewDay #PrimeVideo Prime Video Will Officially Release 'Spider-Man: Brand New Day' 2 Days Early http://dlvr.it/TSrKZm,0,https://mastodon.social/@indiegenius/116682300427580150,post,#SpiderManBrandNewDay
2026-06-02T15:20:08Z,Mastodon,deadline,Tom Holland Had To Have “Very Uncomfortable” Conversation About ‘Spider-Man’ Filming Dates To Squeeze In ‘The Odyssey’ Shoot #News #ChristoperNolan #SpiderManBrandNewDay #TheOdyssey #TomHolland #TomRothman https://deadline.com/2026/06/tom-holland-uncomfortable-spider-man-the-odyssey-1236938689/,0,https://mastodon.social/@deadline/116681186216877180,post,#SpiderManBrandNewDay
2026-06-02T14:40:05Z,Mastodon,variety_feed,Tom Holland Called Sony Pictures Boss to Delay ‘Spider-Man: Brand New Day’ Filming So He Could Star in ‘The Odyssey’: ‘A Tough Pill to Swallow’ at First #Variety #News #ChristopherNolan #SpiderManBrandNewDay #TheOdyssey #TomHolland https://variety.com/2026/film/news/tom-holland-sony-spider-man-brand-new-day-delay-the-odyssey-1236764785/,1,https://mastodon.social/@variety_feed/116681028794494275,post,#SpiderManBrandNewDay
2026-06-02T14:37:32Z,Mastodon,variety.com@web.brid.gy,Tom Holland Called Sony Pictures Boss to Delay ‘Spider-Man: Brand New Day’ Filming So He Could Star in ‘The Odyssey’: ‘A Tough Pill to Swallow’ at First https://fed.brid.gy/r/https://variety.com/2026/film/news/tom-holland-sony-spider-man-brand-new-day-delay-the-odyssey-1236764785/,0,https://fed.brid.gy/r/https://variety.com/2026/film/news/tom-holland-sony-spider-man-brand-new-day-delay-the-odyssey-1236764785/,post,#SpiderManBrandNewDay
2026-06-01T20:12:24Z,Mastodon,comingsoon.net@web.brid.gy,Spider-Man: Tom Holland Wants an R-Rated Crossover With This MCU Character https://fed.brid.gy/r/https://www.comingsoon.net/movies/news/2141107-spider-man-tom-holland-wants-an-r-rated-crossover-with-this-mcu-character,1,https://fed.brid.gy/r/https://www.comingsoon.net/movies/news/2141107-spider-man-tom-holland-wants-an-r-rated-crossover-with-this-mcu-character,post,#SpiderManBrandNewDay
2026-06-01T17:05:47Z,Mastodon,comingsoon.net@web.brid.gy,Spider-Man: Brand New Day Art Shows Off First Look at MCU’s Tombstone https://fed.brid.gy/r/https://www.comingsoon.net/movies/news/2140943-spider-man-brand-new-day-art-shows-off-first-look-at-mcu-tombstone,1,https://fed.brid.gy/r/https://www.comingsoon.net/movies/news/2140943-spider-man-brand-new-day-art-shows-off-first-look-at-mcu-tombstone,post,#SpiderManBrandNewDay
2026-06-01T17:00:28Z,Mastodon,movizark@mastodon.world,"'Spider-Man: Brand New Day': New Promo Poster Highlights a Fight With the Hulk!! Check It Out!! #JacobBatalon, #JonBernthal, #LizaColonZayas, #MarkRuffalo, #Marvel, #MarvinJonesIII, #MelanieScrofano, #MichaelMando, #SadieSink, #Sony, #SpiderMan4, #SpiderManBrandNewDay, #TomHolland, #TramellTillman, #Zendaya",0,https://mastodon.world/@movizark/116675918448684159,post,#SpiderManBrandNewDay
2026-06-01T16:03:23Z,Mastodon,comingsoon.net@web.brid.gy,Spider-Man: Brand New Day Major Plot Point Confirmed for MCU Movie https://fed.brid.gy/r/https://www.comingsoon.net/movies/news/2140913-spider-man-brand-new-day-major-plot-point-confirmed-for-mcu-movie,1,https://fed.brid.gy/r/https://www.comingsoon.net/movies/news/2140913-spider-man-brand-new-day-major-plot-point-confirmed-for-mcu-movie,post,#SpiderManBrandNewDay
2026-06-01T11:09:09Z,Mastodon,comingsoon.net@web.brid.gy,"Spider-Man 4 Gets Brand New Posters, Funko Pops & More https://fed.brid.gy/r/https://www.comingsoon.net/movies/news/2140759-spider-man-4-posters-funko-pop-brand-new-day",1,https://fed.brid.gy/r/https://www.comingsoon.net/movies/news/2140759-spider-man-4-posters-funko-pop-brand-new-day,post,#SpiderManBrandNewDay
2026-05-31T16:57:57Z,Mastodon,dmtalkies,"Tom Holland Ready to Pass the Spider-Man Torch — Says He’d Love to Help Introduce the Next Spider-Hero and mentor them just like Robert Downey Jr. did for him! ❤️🎬 ✨ Holland also teased that ‘Spider-Man: Brand New Day’ is getting extra humor, new villain layers and exciting additions before its release. #SpiderMan #TomHolland #SpiderManBrandNewDay",0,https://mastodon.social/@dmtalkies/116670246266566609,post,#SpiderManBrandNewDay
2026-05-30T19:20:08Z,Mastodon,variety_feed,Tom Holland Is Looking Forward to ‘Setting Up the Next Chapter’ For a New ‘Spider-Man’ Star: ‘I Could Do What Downey Did For Me’ #Variety #News #SpiderManBrandNewDay #TomHolland https://variety.com/2026/film/news/tom-holland-setting-new-spider-man-brand-new-day-marvel-1236763157/,3,https://mastodon.social/@variety_feed/116665143028459608,post,#SpiderManBrandNewDay
2026-05-30T19:20:00Z,Mastodon,variety.com@web.brid.gy,Tom Holland Is Looking Forward to ‘Setting Up the Next Chapter’ For a New ‘Spider-Man’ Star: ‘I Could Do What Downey Did For Me’ https://fed.brid.gy/r/https://variety.com/2026/film/news/tom-holland-setting-new-spider-man-brand-new-day-marvel-1236763157/,0,https://fed.brid.gy/r/https://variety.com/2026/film/news/tom-holland-setting-new-spider-man-brand-new-day-marvel-1236763157/,post,#SpiderManBrandNewDay
2026-05-30T18:46:05Z,Mastodon,movizark@mastodon.world,"'Spider-Man: Brand New Day': New Image Sees the Web Swinger Team with Jon Bernthal's Punisher!! Check It Out!! #JacobBatalon, #JonBernthal, #LizaColonZayas, #MarkRuffalo, #Marvel, #MarvinJonesIII, #MelanieScrofano, #MichaelMando, #SadieSink, #Sony, #SpiderMan4, #SpiderManBrandNewDay, #TomHolland, #TramellTillman, #Zendaya https://movizark.com/2026/05/30/spider-man-brand-new-day-new-image-sees-the-web-swinger-team-with-jon-bernthals-punisher-check-it-out/",0,https://mastodon.world/@movizark/116665009164321835,post,#SpiderManBrandNewDay
2026-05-30T18:45:49Z,Mastodon,movizark@mastodon.world,"'Spider-Man: Brand New Day': Empire Coves Has Spider-Man Face The Hand!! Check It Out!! #JacobBatalon, #JonBernthal, #LizaColonZayas, #MarkRuffalo, #Marvel, #MarvinJonesIII, #MelanieScrofano, #MichaelMando, #SadieSink, #Sony, #SpiderMan4, #SpiderManBrandNewDay, #TomHolland, #TramellTillman, #Zendaya https://movizark.com/2026/05/30/spider-man-brand-new-day-empire-coves-has-spider-man-face-the-hand-check-it-out/",0,https://mastodon.world/@movizark/116665008068667953,post,#SpiderManBrandNewDay
2026-05-30T18:45:34Z,Mastodon,movizark@mastodon.world,"'Spider-Man: Brand New Day': New Image Teases a Different Turn for MJ & Spider-Man!! Check It Out!! #JacobBatalon, #JonBernthal, #LizaColonZayas, #MarkRuffalo, #Marvel, #MarvinJonesIII, #MelanieScrofano, #MichaelMando, #SadieSink, #Sony, #SpiderMan4, #SpiderManBrandNewDay, #TomHolland, #TramellTillman, #Zendaya https://movizark.com/2026/05/30/spider-man-brand-new-day-new-image-teases-a-different-turn-for-mj-spider-man-check-it-out/",0,https://mastodon.world/@movizark/116665007083133051,post,#SpiderManBrandNewDay
2026-05-29T20:21:47Z,Mastodon,comingsoon.net@web.brid.gy,Why Spider-Man: Brand New Day Will Shatter Peter Parker & MJ Fans’ Hearts https://fed.brid.gy/r/https://www.comingsoon.net/movies/news/2140376-why-spider-man-brand-new-day-will-shatter-peter-parker-mj-fans-hearts,1,https://fed.brid.gy/r/https://www.comingsoon.net/movies/news/2140376-why-spider-man-brand-new-day-will-shatter-peter-parker-mj-fans-hearts,post,#SpiderManBrandNewDay
2026-05-29T18:45:14Z,Mastodon,comingsoon.net@web.brid.gy,Spider-Man: Brand New Day Isn’t Toning Down The Punisher Despite PG-13 Rating https://fed.brid.gy/r/https://www.comingsoon.net/movies/news/2140338-spider-man-brand-new-day-isnt-toning-down-the-punisher-despite-pg13-rating,1,https://fed.brid.gy/r/https://www.comingsoon.net/movies/news/2140338-spider-man-brand-new-day-isnt-toning-down-the-punisher-despite-pg13-rating,post,#SpiderManBrandNewDay
2026-05-29T16:17:36Z,Mastodon,indiegenius,Movie TV Tech Geeks #MovieNews #SpiderManBrandNewDay #TomHolland Tom Holland Teases Spider-Man and Punisher’s “Special” Dynamic in ‘Brand New Day’ http://dlvr.it/TSn5t6,0,https://mastodon.social/@indiegenius/116658762977523855,post,#SpiderManBrandNewDay
2026-05-29T16:11:12Z,Mastodon,comingsoon.net@web.brid.gy,MCU Is Finally Fixing Tom Holland’s Spider-Man With Brand New Day Change https://fed.brid.gy/r/https://www.comingsoon.net/movies/features/2140250-mcu-is-finally-fixing-tom-hollands-spider-man-with-brand-new-day-change,1,https://fed.brid.gy/r/https://www.comingsoon.net/movies/features/2140250-mcu-is-finally-fixing-tom-hollands-spider-man-with-brand-new-day-change,post,#SpiderManBrandNewDay
2026-05-29T13:38:10Z,Mastodon,TechNewsAR@mastodon.arabipro.social,توم هولاند يلمح لإقتراب مرحلة “مايلز موراليس” في عالم أفلام Spider-Man VGA4A - أخبار العاب الفيديو تحدث الممثل والنجم “توم هولاند” عن مستقبله مع شخصية Spider-Man، مؤكدًا أنه على دراية كفاية بعدم استمراره للعب الشخصية إلى الأبد، لكنه يأمل بشكل أو بآخر في أن يصبح مرحلة الانتقال إلى جيل جديد تمامًا من البطل “سبايدرمان”. وخلال مقابلته الأخيرة، قال “توم هولاند” إنه يرغب في تكرار التجربة التي عاشها مع Robert Downey Jr. … #Games #ألعاب # #SpiderManBrandNewDay https://www.vga4a.com/archives/323212,0,https://mastodon.arabipro.social/@TechNewsAR/116658136062565507,post,#SpiderManBrandNewDay
2026-05-29T00:51:28Z,Mastodon,lapatilla.com@web.brid.gy,Tom Holland contó cómo una idea suya cambió la nueva película de Spider-Man https://fed.brid.gy/r/https://lapatilla.com/2026/05/28/tom-holland-conto-como-una-idea-suya-cambio-la-nueva-pelicula-de-spider-man/,0,https://fed.brid.gy/r/https://lapatilla.com/2026/05/28/tom-holland-conto-como-una-idea-suya-cambio-la-nueva-pelicula-de-spider-man/,post,#SpiderManBrandNewDay
2026-05-28T18:45:07Z,Mastodon,deadline,"Tom Holland On The Future Of Spider-Man After Him: “If I Could Do What Downey Did For Me, I Would Be So Content Swinging Off Into The Sunset” #News #SpiderManBrandNewDay #TomHolland https://deadline.com/2026/05/tom-holland-future-spider-man-robert-downey-jr-1236929396/",0,https://mastodon.social/@deadline/116653680694716038,post,#SpiderManBrandNewDay
2026-05-28T08:02:50Z,Mastodon,galaxyaddicted.it@web.brid.gy,Spider-Man: Brand New Day potrebbe riportare nell’MCU un volto legato agli X-Men https://fed.brid.gy/r/https://www.galaxyaddicted.it/2026/05/spider-man-brand-new-day-mariko-yashida/,0,https://fed.brid.gy/r/https://www.galaxyaddicted.it/2026/05/spider-man-brand-new-day-mariko-yashida/,post,#SpiderManBrandNewDay
2026-05-27T04:22:09Z,Mastodon,AldoM_Gut@mast.lat,Tenía mucha ilusión de que hicieran una serie de #ThePunisher 💀y me doy cuenta hoy que vi el capítulo que fue solamente una presentación especial para lo que viene en #spidermanbrandnewday 🕷️🕸️,0,https://mast.lat/@AldoM_Gut/116644625062524826,post,#SpiderManBrandNewDay
2026-05-26T19:43:08Z,Mastodon,comingsoon.net@web.brid.gy,Spider-Man: Brand New Day Merch May Reveal Big Spoiler About MCU Movie’s Villains https://fed.brid.gy/r/https://www.comingsoon.net/movies/news/2138845-spider-man-brand-new-day-merch-may-reveal-big-spoiler-about-mcu-movies-villains,1,https://fed.brid.gy/r/https://www.comingsoon.net/movies/news/2138845-spider-man-brand-new-day-merch-may-reveal-big-spoiler-about-mcu-movies-villains,post,#SpiderManBrandNewDay
2026-05-26T04:38:02Z,Mastodon,dmtalkies,"Zendaya Calls Filming ‘Spider-Man: Brand New Day’ With Tom Holland a “Family Affair” — saying she gets to work every day with “my best friend, the person that I love.” 🥹✨ 🎬 The couple also reunited for Christopher Nolan’s The Odyssey, where Zendaya says she was “so proud” watching Holland perform. #Zendaya #TomHolland #SpiderManBrandNewDay",0,https://mastodon.social/@dmtalkies/116639025201617880,post,#SpiderManBrandNewDay
2026-05-25T14:20:44Z,Mastodon,phantastiknews,YouTube Tipp ▶️ #Spoiler #SPIDERMANBRANDNEWDAY NEW #TESTSCREENING REACTIONS #Spiderman https://youtu.be/hao-PceoNoQ?is=E3GnzBvzxpvWUGUF,0,https://mastodon.social/@phantastiknews/116635654201039679,post,#SpiderManBrandNewDay
2026-05-24T20:39:02Z,Mastodon,theomenmedia,"So, are those Spider-Man: Brand New Day test screening reports legit? https://www.theomenmedia.com/post/spider-man-brand-new-day-the-truth-about-the-alleged-test-screening-reports Support us for FREE or in more direct ways! Click here to find out how: linkin.bio/theomenmedia #SpiderManBrandNewDay #SpiderMan4 #TomHolland #DestinDanielCretton #MarvelStudios #MCULeaks #PeterParker #MarvelNews #FilmTwitter #TestScreening",0,https://mastodon.social/@theomenmedia/116631479387471679,post,#SpiderManBrandNewDay
2026-05-22T03:15:07Z,Mastodon,hollywoodreporter,Zendaya Says Working on ‘Spider-Man: Brand New Day’ With Tom Holland Felt Like “Coming Home” #MovieNews #Movies #SpiderMan4 #SpiderManBrandNewDay #TheOdyssey #TomHolland #Zendaya https://www.hollywoodreporter.com/movies/movie-news/zendaya-tom-holland-spider-man-4-coming-home-dream-1236604006/,0,https://mastodon.social/@hollywoodreporter/116616049926621227,post,#SpiderManBrandNewDay
2026-05-21T23:12:11Z,Mastodon,countercultureo@mastodon.world,SPIDER-MAN: BRAND NEW DAY - Practical Production #spidermanbrandnewday,1,https://mastodon.world/@countercultureo/116615094679691392,post,#SpiderManBrandNewDay
2026-05-21T21:30:15Z,Mastodon,variety_feed,"Zendaya Says Filming ‘Spider-Man: Brand New Day’ With Tom Holland Was Like a ‘Family Affair’: ‘I Get to Go to Work Every Day With My Best Friend, the Person That I Love’ #Variety #News #SpiderManBrandNewDay #TheOdyssey #TomHolland #Zendaya https://variety.com/2026/film/news/zendaya-filming-spider-man-brand-new-day-tom-holland-family-affair-my-best-friend-person-that-i-love-1236756369/",1,https://mastodon.social/@variety_feed/116614693865455511,post,#SpiderManBrandNewDay
2026-05-21T21:29:31Z,Mastodon,variety.com@web.brid.gy,"Zendaya Says Filming ‘Spider-Man: Brand New Day’ With Tom Holland Was Like a ‘Family Affair’: ‘I Get to Go to Work Every Day With My Best Friend, the Person That I Love’ https://fed.brid.gy/r/https://variety.com/2026/film/news/zendaya-filming-spider-man-brand-new-day-tom-holland-family-affair-my-best-friend-person-that-i-love-1236756369/",0,https://fed.brid.gy/r/https://variety.com/2026/film/news/zendaya-filming-spider-man-brand-new-day-tom-holland-family-affair-my-best-friend-person-that-i-love-1236756369/,post,#SpiderManBrandNewDay
2026-05-21T20:03:01Z,Mastodon,theomenmedia,Uncover the multiversal truth behind the most explosive post-credit scene rumors for Spider-Man: Brand New Day in our latest forensic breakdown. Support us for FREE or in more direct ways! Click here to find out how: linkin.bio/theomenmedia https://www.theomenmedia.com/post/everything-we-know-about-the-possible-spider-man-brand-new-day-s-post-credit-scene-leaks #SpiderMan #SpiderManBrandNewDay #MarvelStudios #PeterParker #TomHolland #MCU #PostCreditScene #AvengersDoomsday #DestinDanielCretton #SpiderManLeaks,0,https://mastodon.social/@theomenmedia/116614350841425136,post,#SpiderManBrandNewDay
2026-05-21T12:12:31Z,Mastodon,comingsoon.net@web.brid.gy,Spider-Man: Brand New Day Gets Early Release Date in Multiple Markets https://fed.brid.gy/r/https://www.comingsoon.net/movies/news/2136661-spider-man-brand-new-day-international-release-date-early,1,https://fed.brid.gy/r/https://www.comingsoon.net/movies/news/2136661-spider-man-brand-new-day-international-release-date-early,post,#SpiderManBrandNewDay
2026-05-17T19:06:05Z,Mastodon,theomenmedia,"Frank Castle is officially back, and the criminal underworld of New York should be absolutely terrified. https://www.theomenmedia.com/post/the-punisher-one-last-kill-breakdown-echoes-of-the-past-and-the-pursuit-of-purpose Support us for FREE or in more direct ways! Click here to find out how: linkin.bio/theomenmedia #Punisher #MCU #JonBernthal #ThePunisherOneLastKill #MarvelTelevision #BradWinderbaum #TV #Streaming #DaredevilBornAgainS2 #SpiderManBrandNewDay",1,https://mastodon.social/@theomenmedia/116591477723437660,post,#SpiderManBrandNewDay
2026-05-17T08:13:23Z,Mastodon,galaxyaddicted.it@web.brid.gy,"Spider-Man: Brand New Day, una nuova indiscrezione cambia tutto sul vero villain del film https://fed.brid.gy/r/https://www.galaxyaddicted.it/2026/05/spider-man-brand-new-day-tombstone-villain/",0,https://fed.brid.gy/r/https://www.galaxyaddicted.it/2026/05/spider-man-brand-new-day-tombstone-villain/,post,#SpiderManBrandNewDay
2026-05-16T17:42:45Z,Mastodon,mackansfilm,Spider-Man: Brand New Day (2026) - Official Featurette #1 #SpiderMan #SpiderManBrandNewDay #MarvelStudios http://www.youtube.com/watch?v=2lVDtq-uE6o&pp=ygUTb2ZmaWNpYWwgZmVhdHVyZXR0ZQ%3D%3D https://mackansfilm.wordpress.com/2026/05/16/spider-man-brand-new-day-2026-official-featurette-1/?utm_source=mastodon&utm_medium=jetpack_social,0,https://mastodon.social/@mackansfilm/116585487744179138,post,#SpiderManBrandNewDay
2026-05-16T15:30:29Z,Mastodon,movizark@mastodon.world,"'Spider-Man: Brand New Day' Reveals New Poster!! Check It Out!! #JacobBatalon, #JonBernthal, #LizaColonZayas, #MarkRuffalo, #Marvel, #MarvinJonesIII, #MelanieScrofano, #MichaelMando, #SadieSink, #Sony, #SpiderMan4, #SpiderManBrandNewDay, #TomHolland, #TramellTillman, #Zendaya https://movizark.com/2026/05/16/spider-man-brand-new-day-reveals-new-poster-check-it-out/",0,https://mastodon.world/@movizark/116584967690877973,post,#SpiderManBrandNewDay
2026-05-15T04:53:00Z,Mastodon,comingsoon.net@web.brid.gy,Mark Ruffalo Shares a Simple Spider-Man: Brand New Day Post & Fans Love It https://fed.brid.gy/r/https://www.comingsoon.net/movies/news/2133534-mark-ruffalo-spider-man-brand-new-day-post,0,https://fed.brid.gy/r/https://www.comingsoon.net/movies/news/2133534-mark-ruffalo-spider-man-brand-new-day-post,post,#SpiderManBrandNewDay
2026-05-14T15:13:48Z,Mastodon,comingsoon.net@web.brid.gy,New Spider-Man 4 Poster & Video Show Practical Effects in Tom Holland’s MCU Return https://fed.brid.gy/r/https://www.comingsoon.net/movies/news/2133183-spider-man-4-poster-video-practical-effects-tom-holland-mcu-return,2,https://fed.brid.gy/r/https://www.comingsoon.net/movies/news/2133183-spider-man-4-poster-video-practical-effects-tom-holland-mcu-return,post,#SpiderManBrandNewDay
2026-05-14T13:06:37Z,Mastodon,theomenmedia,"The Punisher: One Last Kill Review Roundup: Frank returns! But, is it a triumphant one? https://www.theomenmedia.com/post/the-punisher-one-last-kill-review-and-breakdown-frank-castle-s-grand-return Support us for FREE or in more direct ways! Click here to find out how: linkin.bio/theomenmedia #Punisher #MCU #JonBernthal #MaGnucci #SpiderManBrandNewDay #MarvelTelevision #Marvel #TV",0,https://mastodon.social/@theomenmedia/116573077365927144,post,#SpiderManBrandNewDay
2026-05-13T22:10:39Z,Mastodon,indiegenius,Movie TV Tech Geeks #MovieFeatures #SpiderManBrandNewDay #TomHolland The Punisher: One Last Kill's 85% RT Score Comes With a Major Spider-Man Disappointment http://dlvr.it/TSX0qj,0,https://mastodon.social/@indiegenius/116569554232728228,post,#SpiderManBrandNewDay
2026-05-13T10:44:41Z,Mastodon,gnuplusmatt@fosstodon.org,"#punisheronelastkill kill felt like a consolation prize for his absence in #DareDevilBornAgain this season due to #punisher being in #spidermanbrandnewday Probably the most violent thing #marvel has done. Was enjoyable, if Inconsequential. #MCU #oneshot #DisneyPlus",0,https://fosstodon.org/@gnuplusmatt/116566856923583551,post,#SpiderManBrandNewDay
2026-05-11T19:38:42Z,Mastodon,comingsoon.net@web.brid.gy,Marvel’s New Spider-Man Could Be Surprisingly Similar to MCU’s Brand New Day https://fed.brid.gy/r/https://www.comingsoon.net/movies/news/2131480-midnight-spider-man-brand-new-day-similar-mutation-plot,0,https://fed.brid.gy/r/https://www.comingsoon.net/movies/news/2131480-midnight-spider-man-brand-new-day-similar-mutation-plot,post,#SpiderManBrandNewDay
2026-05-11T16:10:33Z,Mastodon,sampologys,"Spider-Man: Brand New Day In Theaters | July 31, 2026 #SpiderManBrandNewDay",2,https://mastodon.social/@sampologys/116556813693107488,post,#SpiderManBrandNewDay
2026-05-08T17:42:08Z,Mastodon,comingsoon.net@web.brid.gy,Spider-Man 4: Breaking Down if Daredevil Will Appear in Brand New Day’s Prison Fight https://fed.brid.gy/r/https://www.comingsoon.net/movies/news/2130629-spider-man-4-will-daredevil-appear-in-brand-new-day-prison-fight,0,https://fed.brid.gy/r/https://www.comingsoon.net/movies/news/2130629-spider-man-4-will-daredevil-appear-in-brand-new-day-prison-fight,post,#SpiderManBrandNewDay
2026-05-08T05:41:36Z,Mastodon,galaxyaddicted.it@web.brid.gy,"Spider-Man: Brand New Day, le 4 scene post-credit che possono pesare davvero sul film https://fed.brid.gy/r/https://www.galaxyaddicted.it/2026/05/spider-man-brand-new-day-scene-post-credit-mcu/",0,https://fed.brid.gy/r/https://www.galaxyaddicted.it/2026/05/spider-man-brand-new-day-scene-post-credit-mcu/,post,#SpiderManBrandNewDay
2026-05-07T17:01:20Z,Mastodon,indiegenius,"Movie TV Tech Geeks #MovieFeatures #SpiderManBrandNewDay Marvel's 3-Part Action Series Is So Good, You'll Finish It Before the Next Movie http://dlvr.it/TSQfps",0,https://mastodon.social/@indiegenius/116534364127537935,post,#SpiderManBrandNewDay
2026-05-07T13:21:02Z,Mastodon,comingsoon.net@web.brid.gy,Daredevil Fans Don’t Get How Spider-Man Got the Key After That Finale https://fed.brid.gy/r/https://www.comingsoon.net/tv/news/2129773-spider-man-key-to-city-daredevil-born-again-season-2-finale,0,https://fed.brid.gy/r/https://www.comingsoon.net/tv/news/2129773-spider-man-key-to-city-daredevil-born-again-season-2-finale,post,#SpiderManBrandNewDay
2026-05-06T19:03:37Z,Mastodon,comingsoon.net@web.brid.gy,Daredevil’s Charlie Cox Teases Potential Spider-Man: Brand New Day Role https://fed.brid.gy/r/https://www.comingsoon.net/movies/news/2129260-daredevil-charlie-cox-teases-potential-spider-man-brand-new-day-role,2,https://fed.brid.gy/r/https://www.comingsoon.net/movies/news/2129260-daredevil-charlie-cox-teases-potential-spider-man-brand-new-day-role,post,#SpiderManBrandNewDay
2026-05-06T14:05:24Z,Mastodon,deadline,"Summer U.S. Box Office Aims For The Sun With $4B+, But Is Fewer Studio Films The Way To Go? – Season Preview #News #DisclosureDay #SpiderManBrandNewDay #TheEndofOakStreet #TheMandalorianGrogu #TheOdyssey https://deadline.com/2026/05/summer-box-office-preview-1236880797/",0,https://mastodon.social/@deadline/116528010028697158,post,#SpiderManBrandNewDay
2026-05-06T06:13:47Z,Mastodon,galaxyaddicted.it@web.brid.gy,Spider-Man: Brand New Day può segnare il vero crossover tra Marvel Netflix e MCU https://fed.brid.gy/r/https://www.galaxyaddicted.it/2026/05/punisher-one-last-kill-spider-man-brand-new-day-crossover/,0,https://fed.brid.gy/r/https://www.galaxyaddicted.it/2026/05/punisher-one-last-kill-spider-man-brand-new-day-crossover/,post,#SpiderManBrandNewDay
2026-05-02T05:11:44Z,Mastodon,galaxyaddicted.it@web.brid.gy,"Spider-Man: Brand New Day, i primi test screening fanno rumore: le reazioni sarebbero molto positive https://fed.brid.gy/r/https://www.galaxyaddicted.it/2026/05/spider-man-brand-new-day-test-screening/",0,https://fed.brid.gy/r/https://www.galaxyaddicted.it/2026/05/spider-man-brand-new-day-test-screening/,post,#SpiderManBrandNewDay
2026-05-01T21:00:33Z,Mastodon,comingsoon.net@web.brid.gy,"Spider-Man: Brand New Day’s Hulk, More Get New Looks in a Surprising Way https://fed.brid.gy/r/https://www.comingsoon.net/movies/news/2127380-spider-man-brand-new-day-hulk-more-get-new-looks-in-a-surprising-way",1,https://fed.brid.gy/r/https://www.comingsoon.net/movies/news/2127380-spider-man-brand-new-day-hulk-more-get-new-looks-in-a-surprising-way,post,#SpiderManBrandNewDay
2026-05-01T05:22:54Z,Mastodon,phantastiknews,YouTube Tipp ▶️ #Spoiler #SpiderManBrandNewDay Trailer & #OpeningScene #Breakdown #Spiderman https://youtu.be/GiM2JgN7YFo?is=LVQv53Dj-jHxHvfM,1,https://mastodon.social/@phantastiknews/116497643899283725,post,#SpiderManBrandNewDay
2026-05-01T01:24:16Z,Mastodon,indiegenius,Movie TV Tech Geeks #MovieNews #SpiderManBrandNewDay #TomHolland #MCU ‘Spider-Man: Brand New Day’ Is Officially Doubling Down on the Most Divisive Peter Parker MCU Trend http://dlvr.it/TSJqWq,0,https://mastodon.social/@indiegenius/116496705566860577,post,#SpiderManBrandNewDay
2026-04-30T23:50:06Z,Mastodon,hollywoodreporter,"Tom Holland on BERO, Padel vs. Pickleball and Learning From Matt Damon and Christopher Nolan on “Mind-Blowing” Film ‘The Odyssey’ #Lifestyle #LifestyleNews #ChristopherNolan #SpiderManBrandNewDay #TheOdyssey #TomHolland #Zendaya https://www.hollywoodreporter.com/lifestyle/lifestyle-news/tom-holland-interview-spider-man-christopher-nolan-odyssey-1236581104/",0,https://mastodon.social/@hollywoodreporter/116496335261378750,post,#SpiderManBrandNewDay
2026-04-29T15:17:01Z,Mastodon,comingsoon.net@web.brid.gy,"Spider-Man: Brand New Day’s Time Jump, Peter Parker’s AI Assistant Revealed https://fed.brid.gy/r/https://www.comingsoon.net/movies/news/2126547-spider-man-brand-new-day-time-jump-ai-assistant-details",1,https://fed.brid.gy/r/https://www.comingsoon.net/movies/news/2126547-spider-man-brand-new-day-time-jump-ai-assistant-details,post,#SpiderManBrandNewDay
2026-04-28T09:44:22Z,Mastodon,indiegenius,Movie TV Tech Geeks #MovieNews #SpiderManBrandNewDay #TomHolland #MCU 'Spider-Man: Brand New Day' Leak Reveals Accidental Look at Spidey's Newest Suit http://dlvr.it/TSGC5S,0,https://mastodon.social/@indiegenius/116481685081221185,post,#SpiderManBrandNewDay
2026-04-27T18:55:22Z,Mastodon,hollywoodreporter,"Gerry Conway, Marvel and DC Comics Writer and Co-Creator of Punisher, Ms. Marvel, Firestorm and Vixen, Dies at 73 #MovieNews #Movies #GerryConway #KevinFeige #SpiderManBrandNewDay https://www.hollywoodreporter.com/movies/movie-news/gerry-conway-dead-marvel-dc-comics-punisher-gwen-stacy-1236578184/",0,https://mastodon.social/@hollywoodreporter/116478189425960908,post,#SpiderManBrandNewDay
2026-04-27T14:10:42Z,Mastodon,kultz,TOM HOLLAND as Peter Parker SPIDER-MAN: BRAND NEW DAY (2026) #SpiderManBrandNewDay,1,https://mastodon.social/@kultz/116477070055745417,post,#SpiderManBrandNewDay
2026-04-27T14:08:49Z,Mastodon,countercultureo@mastodon.world,"Spider-Man: Brand New Day In Theaters | July 31, 2026 #spidermanbrandnewday",0,https://mastodon.world/@countercultureo/116477062660208734,post,#SpiderManBrandNewDay
2026-04-27T14:05:30Z,Mastodon,discuitsnations,SPIDER-MAN: BRAND NEW DAY (2026) dir. Destin Daniel Cretton #SpiderManBrandNewDay,1,https://mastodon.social/@discuitsnations/116477049616918931,post,#SpiderManBrandNewDay
2026-04-27T04:28:21Z,Mastodon,comingsoon.net@web.brid.gy,Fully Detailed Look at Scorpion’s Suit Spider-Man: Brand New Day Revealed https://fed.brid.gy/r/https://www.comingsoon.net/movies/news/2125028-spider-man-brand-new-day-scorpion-suit-look,1,https://fed.brid.gy/r/https://www.comingsoon.net/movies/news/2125028-spider-man-brand-new-day-scorpion-suit-look,post,#SpiderManBrandNewDay
2026-04-27T04:09:16Z,Mastodon,comingsoon.net@web.brid.gy,Peter Parker Creates Cutting-Edge Technology in Spider-Man: Brand New Day https://fed.brid.gy/r/https://www.comingsoon.net/movies/news/2125016-spider-man-brand-new-day-peter-parker-scientist,1,https://fed.brid.gy/r/https://www.comingsoon.net/movies/news/2125016-spider-man-brand-new-day-peter-parker-scientist,post,#SpiderManBrandNewDay
2026-04-27T03:59:43Z,Mastodon,comingsoon.net@web.brid.gy,"Angry Hulk Returns With Spider-Man 4 Toy, Villain Plot Teased: ‘Friend or Foe?’ https://fed.brid.gy/r/https://www.comingsoon.net/movies/news/2125005-spider-man-4-brand-new-day-angry-hulk-villain",1,https://fed.brid.gy/r/https://www.comingsoon.net/movies/news/2125005-spider-man-4-brand-new-day-angry-hulk-villain,post,#SpiderManBrandNewDay
2026-04-26T10:14:29Z,Mastodon,indiegenius,Movie TV Tech Geeks #Movie #SpiderManBrandNewDay #MCU #TomHolland 7 Questions 'Spider-Man: Brand New Day' Needs to Answer http://dlvr.it/TSDbz1,0,https://mastodon.social/@indiegenius/116470478873428610,post,#SpiderManBrandNewDay
2026-04-24T22:31:17Z,Mastodon,ArchivosDCU,#News #Hasbro #MarvelStudios #MCU #UCM #SpiderMAnBrandNewDay #TheIncredibleHulk | Primer vistazo a Hulk en ‘SPIDER-MAN: BRAND NEW DAY’. Revelado en el nuevo lanzamiento de mercancía de Hasbro. Fuente: @DiscussingFilm (https://x.com/DiscussingFilm/status/2047781904837968346),0,https://mastodon.social/@ArchivosDCU/116462051470726878,post,#SpiderManBrandNewDay
2026-04-24T22:31:13Z,Mastodon,ArchivosDCU@c.im,#News #Hasbro #MarvelStudios #MCU #UCM #SpiderMAnBrandNewDay #TheIncredibleHulk | Primer vistazo a Hulk en ‘SPIDER-MAN: BRAND NEW DAY’. Revelado en el nuevo lanzamiento de mercancía de Hasbro. Fuente: @DiscussingFilm (https://x.com/DiscussingFilm/status/2047781904837968346),0,https://c.im/@ArchivosDCU/116462051206967381,post,#SpiderManBrandNewDay
2026-04-24T15:23:59Z,Mastodon,comingsoon.net@web.brid.gy,Popular Spider-Man Actor Has Good Reason for Not Being in Brand New Day https://fed.brid.gy/r/https://www.comingsoon.net/movies/news/2124786-popular-spider-man-actor-has-good-reason-for-not-being-in-brand-new-day,1,https://fed.brid.gy/r/https://www.comingsoon.net/movies/news/2124786-popular-spider-man-actor-has-good-reason-for-not-being-in-brand-new-day,post,#SpiderManBrandNewDay
2026-04-22T04:06:06Z,Mastodon,comingsoon.net@web.brid.gy,Spider-Man’s 1st 2026 Appearance To Happen Before Brand New Day With a Twist https://fed.brid.gy/r/https://www.comingsoon.net/movies/news/2122916-spider-man-brand-new-day-first-appearance-2026,1,https://fed.brid.gy/r/https://www.comingsoon.net/movies/news/2122916-spider-man-brand-new-day-first-appearance-2026,post,#SpiderManBrandNewDay
2026-04-21T00:31:10Z,Mastodon,sarnadas@mastodon.art,"Here is my new tribute poster for ""Spider-Man: Brand New Day"". A new exercise with the world's favorite arachnid! #SpiderManBrandNewDay #spiderman #posterdesign #movieposter #filmposter #keyart #marvel #mcu #digitalart #nunosarnadas #humanartist",0,https://mastodon.art/@sarnadas/116439873681991915,post,#SpiderManBrandNewDay
2026-04-20T14:19:42Z,Mastodon,comingsoon.net@web.brid.gy,Charlie Cox Gives Saddening Daredevil News on 2026 Crossover https://fed.brid.gy/r/https://www.comingsoon.net/tv/news/2122511-charlie-cox-daredevil-2026-crossover-movie-return,1,https://fed.brid.gy/r/https://www.comingsoon.net/tv/news/2122511-charlie-cox-daredevil-2026-crossover-movie-return,post,#SpiderManBrandNewDay
2026-04-17T16:45:19Z,Mastodon,hollywoodreporter,"Hollywood Winners & Losers: CinemaCon Edition — Marvel Soars, DC Slips #MovieNews #Movies #AvengersDoomsday #ChristopherNolan #DCStudios #DisclosureDay #Dune3 #Marvel #SpiderManBrandNewDay #StevenSpielberg #Supergirl #TheMandalorianandGrogu #TomHolland #Zendaya https://www.hollywoodreporter.com/movies/movie-news/cinemacon-avengers-dune-odyssey-trailers-review-1236563806/",0,https://mastodon.social/@hollywoodreporter/116421054912570496,post,#SpiderManBrandNewDay
2026-04-15T20:42:08Z,Mastodon,comingsoon.net@web.brid.gy,Savage Hulk’s MCU Debut Shown Off in Spider-Man 4 Figures https://fed.brid.gy/r/https://www.comingsoon.net/movies/news/2120838-savage-hulks-mcu-debut-shown-off-in-spider-man-4-figures,1,https://fed.brid.gy/r/https://www.comingsoon.net/movies/news/2120838-savage-hulks-mcu-debut-shown-off-in-spider-man-4-figures,post,#SpiderManBrandNewDay
2026-04-15T07:10:39Z,Mastodon,galaxyaddicted.it@web.brid.gy,Novità e anticipazioni dal panel di sony pictures a cinemacon 2026 https://fed.brid.gy/r/https://www.galaxyaddicted.it/2026/04/cinemacon-2026-sony-spider-man-jumanji/,0,https://fed.brid.gy/r/https://www.galaxyaddicted.it/2026/04/cinemacon-2026-sony-spider-man-jumanji/,post,#SpiderManBrandNewDay
2026-04-14T20:43:06Z,Mastodon,PhilEdwards,Spider-Man: Brand New Day gets some new posters. Trailer and details here https://bit.ly/4cv7Wnh #SpiderMan #SpiderManBrandNewDay #film #comic #Marvel #ThePunisher #Scorpion,1,https://mastodon.social/@PhilEdwards/116405003016873685,post,#SpiderManBrandNewDay
2026-04-14T10:41:08Z,Mastodon,movizark@mastodon.world,"'Spider-Man: Brand New Day' Reveals Two New Posters on CinemaCon Day!! Check It Out!! #JacobBatalon, #JonBernthal, #LizaColonZayas, #MarkRuffalo, #Marvel, #MarvinJonesIII, #MelanieScrofano, #MichaelMando, #SadieSink, #Sony, #SpiderMan4, #SpiderManBrandNewDay, #TomHolland, #TramellTillman, #Zendaya https://movizark.com/2026/04/14/spider-man-brand-new-day-reveals-two-new-posters-on-cinemacon-day-check-it-out/",0,https://mastodon.world/@movizark/116402635968573452,post,#SpiderManBrandNewDay
2026-04-14T10:16:32Z,Mastodon,phantastiknews,YouTube Tipp ▶️ #Spoiler #SPIDERMANBrandNewDay #CinemaCon Official Footage #Breakdown & #Description #Spiderman https://youtu.be/cJ66MYdF7tc?is=N24lEs8Umb2zEMao,0,https://mastodon.social/@phantastiknews/116402539198167314,post,#SpiderManBrandNewDay
2026-04-14T06:33:56Z,Mastodon,theomenmedia,Spider-Man Brand New Day just leveled up at CinemaCon 2026! Exclusive scene drops fake names apps and The Hand teases are blowing minds. Destin Daniel Cretton is cooking something special. Dive in right here: https://www.theomenmedia.com/post/cinemacon-2026-s-spider-man-brand-new-day-showcase-drops-a-scene-that-changes-everything Support us for FREE or in more direct ways! Click here to find out how: linkin.bio/theomenmedia #DestinDanielCretton #TomHolland #SpiderManBrandNewDay #CinemaCon2026 #MCU,0,https://mastodon.social/@theomenmedia/116401663936445327,post,#SpiderManBrandNewDay
2026-04-14T03:35:04Z,Mastodon,indiewire,"‘Spider-Verse,’ ‘Resident Evil,’ and an Inspired Jeremy Strong as Mark Zuckerberg Steal the Show in Sony’s CinemaCon Presentation #IndieWire #BreakingNews #News #CinemaCon #ResidentEvil #SonyPictures #SpiderManBeyondtheSpiderVerse #SpiderManBrandNewDay #TheSocialReckoning https://www.indiewire.com/news/breaking-news/spider-verse-resident-evil-social-reckoning-sony-cinemacon-1235188808/",0,https://mastodon.social/@indiewire/116400960580670680,post,#SpiderManBrandNewDay
2026-04-14T03:30:11Z,Mastodon,indiewire.com@web.brid.gy,"‘Spider-Verse,’ ‘Resident Evil,’ and an Inspired Jeremy Strong as Mark Zuckerberg Steal the Show in Sony’s CinemaCon Presentation https://fed.brid.gy/r/https://www.indiewire.com/news/breaking-news/spider-verse-resident-evil-social-reckoning-sony-cinemacon-1235188808/",0,https://fed.brid.gy/r/https://www.indiewire.com/news/breaking-news/spider-verse-resident-evil-social-reckoning-sony-cinemacon-1235188808/,post,#SpiderManBrandNewDay
2026-04-14T02:55:18Z,Mastodon,variety_feed,‘Spider-Man: Brand New Day’ Footage at CinemaCon Reveals Tom Holland’s Peter Parker Discovering Zendaya’s New Love Interest #Variety #News #CinemaCon #SpiderManBrandNewDay https://variety.com/2026/film/news/spider-man-brand-new-day-footage-cinemacon-tom-holland-zendaya-love-interest-1236704423/,1,https://mastodon.social/@variety_feed/116400804235229319,post,#SpiderManBrandNewDay
2026-04-14T02:54:51Z,Mastodon,variety.com@web.brid.gy,‘Spider-Man: Brand New Day’ Footage at CinemaCon Reveals Tom Holland’s Peter Parker Discovering Zendaya’s New Love Interest https://fed.brid.gy/r/https://variety.com/2026/film/news/spider-man-brand-new-day-footage-cinemacon-tom-holland-zendaya-love-interest-1236704423/,0,https://fed.brid.gy/r/https://variety.com/2026/film/news/spider-man-brand-new-day-footage-cinemacon-tom-holland-zendaya-love-interest-1236704423/,post,#SpiderManBrandNewDay
2026-04-14T02:50:16Z,Mastodon,hollywoodreporter,"‘Spider-Man: Brand New Day’ Swings Into CinemaCon With New Scene, Posters #MovieNews #Movies #CinemaCon #CinemaCon2026 #Marvel #Sony #SpiderManBrandNewDay #TomHolland https://www.hollywoodreporter.com/movies/movie-news/spider-man-brand-new-day-scene-1236563065/",0,https://mastodon.social/@hollywoodreporter/116400784441416436,post,#SpiderManBrandNewDay
2026-04-14T02:47:18Z,Mastodon,indiegenius,Movie TV Tech Geeks #MovieNews #SpiderManBrandNewDay #TomHolland New ‘Spider-Man: Brand New Day’ Footage Reveals the Devastating Impact of 'Now Way Home' http://dlvr.it/TS1gHz,1,https://mastodon.social/@indiegenius/116400772764830967,post,#SpiderManBrandNewDay
2026-04-14T02:40:12Z,Mastodon,deadline,"A Virtual Tom Holland Teases “Emotional, Grown Up” Spidey In ‘Spider-Man: Brand New Day’ – CinemaCon #News #CinemaCon #Marvel #Sony #SpiderManBrandNewDay https://deadline.com/2026/04/spider-man-brand-new-day-first-look-tom-holland-cinemacon-1236859537/",2,https://mastodon.social/@deadline/116400744871267074,post,#SpiderManBrandNewDay
2026-04-13T05:46:14Z,Mastodon,phantastiknews,YouTube Tipp ▶️ #FirstLook at #GreyHULK in #SpiderManBrandNewDay Revealed #Spiderman https://youtu.be/rKhVBQ_XnR0?si=jxrF7DOmDhxQ8dUU,0,https://mastodon.social/@phantastiknews/116395814033212322,post,#SpiderManBrandNewDay
2026-04-13T05:38:23Z,Mastodon,galaxyaddicted.it@web.brid.gy,"Avengers: Secret Wars, i 3 progetti Marvel che potrebbero cambiare tutto nel MCU https://fed.brid.gy/r/https://www.galaxyaddicted.it/2026/04/avengers-secret-wars-i-3-progetti-marvel-che-potrebbero-cambiare-tutto-nel-mcu/",0,https://fed.brid.gy/r/https://www.galaxyaddicted.it/2026/04/avengers-secret-wars-i-3-progetti-marvel-che-potrebbero-cambiare-tutto-nel-mcu/,post,#SpiderManBrandNewDay
2026-04-13T03:37:24Z,Mastodon,discuitsnations,"TOM HOLLAND, ZENDAYA and JACOB BATALON as PETER PARKER, MICHELLE ""MJ"" JONES-WATSON and NED LEEDS ↳ SPIDER-MAN: BRAND NEW DAY (2026), dir. DESTIN DANIEL CRETTON #SpiderManBrandNewDay",2,https://mastodon.social/@discuitsnations/116395307437396609,post,#SpiderManBrandNewDay
2026-04-12T14:47:58Z,Mastodon,phantastiknews,YouTube Tipp ▶️ #TomHolland Official New Announcement On #SpiderManBrandNewDay #Spiderman https://youtu.be/b2EKtrQXtfY?si=UgYneBFbdyomkgUS,1,https://mastodon.social/@phantastiknews/116392281952529845,post,#SpiderManBrandNewDay
2026-04-11T14:50:12Z,Mastodon,phantastiknews,YouTube Tipp ▶️ #SpiderManBrandNewDay Trailer #Hulk First Look #Breakdown & Things You Missed #Spiderman https://youtu.be/X7RoB-lB9qI?si=RsY8ZTLweYnbTF6U,0,https://mastodon.social/@phantastiknews/116386628419919817,post,#SpiderManBrandNewDay
2026-04-11T09:06:10Z,Mastodon,discuitsnations,"Tom Holland in ""Spider-Man: Brand New Day"" | 2026 #SpiderManBrandNewDay",2,https://mastodon.social/@discuitsnations/116385275627249049,post,#SpiderManBrandNewDay
2026-04-10T23:55:10Z,Mastodon,countercultureo@mastodon.world,"Tom Holland in ""Spider-Man: Brand New Day"" | 2026 #spidermanbrandnewday",1,https://mastodon.world/@countercultureo/116383108988140548,post,#SpiderManBrandNewDay
2026-04-10T15:37:21Z,Mastodon,countercultureo@mastodon.world,TOM HOLLAND for Vuori (April 2026) #spidermanbrandnewday,1,https://mastodon.world/@countercultureo/116381151467028467,post,#SpiderManBrandNewDay
2026-04-10T14:18:59Z,Mastodon,comingsoon.net@web.brid.gy,Old Spider-Man: Brand New Day Synopsis Leaves MCU Fans Confused About Timeline https://fed.brid.gy/r/https://www.comingsoon.net/movies/news/2118819-old-spider-man-4-synopsis-fools-movie-theaters-mcu-fans,1,https://fed.brid.gy/r/https://www.comingsoon.net/movies/news/2118819-old-spider-man-4-synopsis-fools-movie-theaters-mcu-fans,post,#SpiderManBrandNewDay
2026-04-10T06:39:25Z,Mastodon,countercultureo@mastodon.world,Peter Parker/Spider-Man Spider-Man: Brand New Day (2026) #spidermanbrandnewday,1,https://mastodon.world/@countercultureo/116379036265010281,post,#SpiderManBrandNewDay
2026-04-10T06:33:30Z,Mastodon,discuitsnations,Peter Parker/Spider-Man Spider-Man: Brand New Day (2026) #SpiderManBrandNewDay,2,https://mastodon.social/@discuitsnations/116379012950631691,post,#SpiderManBrandNewDay
2026-04-10T05:45:17Z,Mastodon,actuanews.fr@actuanews.fr,"Marvel frappe fort : Le Punisher revient dans un spécial ultra-violent qui pourrait tout changer Le retour de l’un des personnages les plus sombres de l’univers Marvel ne passe pas inaperçu. Avec The Punisher: One Last Kill, Marvel et Disney+ dévoilent une production qui s’annonce radicale, intense et fidèle à l’ADN du célèbre anti-héros. Un retour brutal et très attendu dans l’univers Marvel La première bande-annonce de The Punisher: One Last Kill vient d’être révélée, confirmant le retour de Frank Castle, alias le Punisher, dans une production inédite au format spécial de 60 minutes. Ce projet marque une nouvelle étape dans l’intégration du personnage au sein de l’univers développé par Marvel. C’est Jon Bernthal qui reprend son rôle emblématique, incarnant une nouvelle fois cet anti-héros tourmenté. Déjà aperçu récemment dans Daredevil: Born Again, son retour s’inscrit dans une continuité narrative soigneusement orchestrée. Les premières images donnent immédiatement le ton : violence",0,https://actuanews.fr/2026/04/10/marvel-frappe-fort-le-punisher-revient-dans-un-special-ultra-violent-qui-pourrait-tout-changer/,post,#SpiderManBrandNewDay
2026-04-09T21:59:10Z,Mastodon,gustavo_rebollar_angel@tkz.one,"#MarvelStudios publica el primer tráiler de #PunisherOneLastKill, el nuevo especial de The Punisher, y confirma su fecha de estreno. Otra exclusiva de #DisneyPlus y veremos si se conecta con la película #SpiderManBrandNewDay :3. https://universo-nintendo.com.mx/2026/04/09/punisher-one-last-kill-fecha-estreno-trailer/",0,https://tkz.one/@gustavo_rebollar_angel/116376990552403157,post,#SpiderManBrandNewDay
2026-04-09T19:13:16Z,Mastodon,comingsoon.net@web.brid.gy,5 The Punisher: One Last Kill Trailer Details That Should Excite You https://fed.brid.gy/r/https://www.comingsoon.net/tv/features/2118357-5-the-punisher-one-last-kill-trailer-details-that-should-excite-you,1,https://fed.brid.gy/r/https://www.comingsoon.net/tv/features/2118357-5-the-punisher-one-last-kill-trailer-details-that-should-excite-you,post,#SpiderManBrandNewDay
2026-04-08T16:20:11Z,Mastodon,hollywoodreporter,Tom Holland Calls Christopher Nolan’s ‘The Odyssey’ an “Absolute Masterpiece”: “Blown Away” #MovieNews #Movies #SpiderManBrandNewDay #TheOdyssey #TomHolland https://www.hollywoodreporter.com/movies/movie-news/tom-holland-odyssey-spider-man-brand-new-day-reshoots-1236558738/,0,https://mastodon.social/@hollywoodreporter/116369995283165145,post,#SpiderManBrandNewDay
2026-04-08T15:00:07Z,Mastodon,deadline,"Tom Holland Says Additional Photography For ‘Spider-Man: Brand New Day’ Adds Humor, Expands Villain Plot; Praises ‘Odyssey’ Co-Star Matt Damon As “Legend” #News #MattDamon #SpiderManBrandNewDay #TheOdyssey #TomHolland https://deadline.com/2026/04/tom-holland-spider-man-brand-new-day-the-odyssey-1236784520/",0,https://mastodon.social/@deadline/116369680473610359,post,#SpiderManBrandNewDay
2026-04-08T11:05:03Z,Mastodon,variety_feed,Tom Holland Says ‘Spider-Man: Brand New Day’ Filmed New Scenes Adding ‘More Humor’ and ‘Layering in a Villain Plotline in a New Way’: It’s the ‘Icing on the Cake’ #Variety #Global #News #Spiderman4 #SpiderManBrandNewDay #TomHolland https://variety.com/2026/film/global/tom-holland-spider-man-4-filmed-new-scenes-more-humor-villain-1236711205/,1,https://mastodon.social/@variety_feed/116368756171077621,post,#SpiderManBrandNewDay
2026-04-08T11:03:22Z,Mastodon,variety.com@web.brid.gy,Tom Holland Says ‘Spider-Man: Brand New Day’ Filmed New Scenes Adding ‘More Humor’ and ‘Layering in a Villain Plotline in a New Way’: It’s the ‘Icing on the Cake’ https://fed.brid.gy/r/https://variety.com/2026/film/global/tom-holland-spider-man-4-filmed-new-scenes-more-humor-villain-1236711205/,0,https://fed.brid.gy/r/https://variety.com/2026/film/global/tom-holland-spider-man-4-filmed-new-scenes-more-humor-villain-1236711205/,post,#SpiderManBrandNewDay
2026-04-07T21:38:13Z,Mastodon,indiegenius,Movie TV Tech Geeks #Movie #SpiderManBrandNewDay #MCU #SpiderMan 10 Marvel Characters That Could Show Up in 'Spider-Man: Brand New Day' http://dlvr.it/TRwNwn,0,https://mastodon.social/@indiegenius/116365583540742326,post,#SpiderManBrandNewDay
2026-04-05T18:27:45Z,Mastodon,countercultureo@mastodon.world,Spider-Man Brand New Day. Peter Park the crop top king #spidermanbrandnewday,0,https://mastodon.world/@countercultureo/116353509997469608,post,#SpiderManBrandNewDay
2026-04-05T05:59:28Z,Mastodon,galaxyaddicted.it@web.brid.gy,"The Batman: Part II e Spider-Man: Brand New Day, perché uno dei due sequel rischia molto di più https://fed.brid.gy/r/https://www.galaxyaddicted.it/2026/04/the-batman-part-ii-spider-man-brand-new-day-confronto/",0,https://fed.brid.gy/r/https://www.galaxyaddicted.it/2026/04/the-batman-part-ii-spider-man-brand-new-day-confronto/,post,#SpiderManBrandNewDay
2026-04-04T21:26:16Z,Mastodon,indiegenius,Movie TV Tech Geeks #Movie #SpiderManBrandNewDay #Superhero Every Major Villain Confirmed in 'Spider-Man: Brand New Day' http://dlvr.it/TRszfN,0,https://mastodon.social/@indiegenius/116348549621692678,post,#SpiderManBrandNewDay
2026-04-04T20:16:26Z,Mastodon,countercultureo@mastodon.world,TOM HOLLAND as Peter Parker SPIDER-MAN: BRAND NEW DAY (2026) #spidermanbrandnewday,1,https://mastodon.world/@countercultureo/116348275030554756,post,#SpiderManBrandNewDay
2026-04-02T21:07:53Z,Mastodon,countercultureo@mastodon.world,taste the sweat? Tom Hollander #spidermanbrandnewday,0,https://mastodon.world/@countercultureo/116337152706979966,post,#SpiderManBrandNewDay
2026-04-02T06:44:06Z,Mastodon,galaxyaddicted.it@web.brid.gy,Bob Odenkirk apre al MCU: Marvel torna davvero tra le sue possibilità https://fed.brid.gy/r/https://www.galaxyaddicted.it/2026/04/bob-odenkirk-marvel-mcu-apertura-wonder-man/,0,https://fed.brid.gy/r/https://www.galaxyaddicted.it/2026/04/bob-odenkirk-marvel-mcu-apertura-wonder-man/,post,#SpiderManBrandNewDay
2026-03-30T22:23:11Z,Mastodon,sarnadas@mastodon.art,"Here's another tribute poster for ""Spider-Man: Brand New Day"" by me. Spidey is one of my all-time favorites, getting more and more excited as the date approaches! #SpiderManBrandNewDay #spiderman #posterdesign #movieposter #film poster #keyart #marvel #mcu #digitalart #nunosarnadas #humanartist",1,https://mastodon.art/@sarnadas/116320461857345086,post,#SpiderManBrandNewDay
2026-03-28T14:38:19Z,Mastodon,indiegenius,Movie TV Tech Geeks #MovieFeatures #SpiderManBrandNewDay #Severance Who Is That ‘Severance’ Star Playing in ‘Spider-Man: Brand New Day’? http://dlvr.it/TRlT79,0,https://mastodon.social/@indiegenius/116307309352926353,post,#SpiderManBrandNewDay
2026-03-28T12:27:01Z,Mastodon,galaxyaddicted.it@web.brid.gy,Marvel nel 2026 frena: perché il MCU avrà così pochi film al cinema https://fed.brid.gy/r/https://www.galaxyaddicted.it/2026/03/marvel-2026-pochi-film-mcu/,1,https://fed.brid.gy/r/https://www.galaxyaddicted.it/2026/03/marvel-2026-pochi-film-mcu/,post,#SpiderManBrandNewDay
2026-03-27T13:41:00Z,Mastodon,thearmchaircriticreviews.wordpress.com@thearmchaircriticreviews.wordpress.com,"Marvel News & Updates Eeee! The time has come for another Marvel News and Update post!! And, oh boy, hasn't a LOT happened since last time!! Okay so first thing's first. Avengers: Doomsday. They have been releasing teaser trailers that last only around 2 minutes, but apparently that's enough to blow up the internet! So the first one was released a while ago, and it had...STEVE ROGERS! So apparently he's returning into the franchise, and has a baby! Aww, got the life he always wanted. I don't know how he's gonna […] https://thearmchaircriticreviews.wordpress.com/2026/03/27/marvel-news-updates-2/",2,https://thearmchaircriticreviews.wordpress.com/2026/03/27/marvel-news-updates-2/,post,#SpiderManBrandNewDay
2026-03-27T12:02:13Z,Mastodon,indiegenius,Movie TV Tech Geeks #Movie #Superhero #SpiderManBrandNewDay 10 Upcoming Superhero Movies That You Cannot Miss http://dlvr.it/TRkTrV,0,https://mastodon.social/@indiegenius/116301033214812254,post,#SpiderManBrandNewDay
2026-03-27T06:18:58Z,Mastodon,a7production.bsky.social@bsky.brid.gy,🔴Que pensez vous de la Bande annonce de #SpiderManBrandNewDay ?✅ a7productions.blogsp... #Linkedin #World #Voyages #Photography #Travel #A7Radio #Podcasts #Bluesky #Threads #France #Pinterest,0,https://fed.brid.gy/r/https://bsky.app/profile/did:plc:7irwu6o7xdljmvq2h4bxvo3f/post/3mhzhx2hqut2q,post,#SpiderManBrandNewDay
2026-03-26T22:35:31Z,Mastodon,codyskinner1021,"@YouTube New movie trailer reaction just came out, so go watch it https://youtu.be/UtkHxuTh1n8?si=BF7QSTQvTBhpskN2 #YouTube #trailerreaction #SpidermanBrandNewDay #SpidermanBrandNewDaytrailer #codypandajones #codypandajonesyt",0,https://mastodon.social/@codyskinner1021/116297861142040014,post,#SpiderManBrandNewDay
2026-03-26T22:35:10Z,Mastodon,codyskinner1021,"New movie trailer reaction just came out, so go watch it https://youtu.be/UtkHxuTh1n8?si=BF7QSTQvTBhpskN2 #YouTube #trailerreaction #SpidermanBrandNewDay #SpidermanBrandNewDaytrailer #codypandajones #codypandajonesyt",0,https://mastodon.social/@codyskinner1021/116297859773431607,post,#SpiderManBrandNewDay
2026-03-25T09:31:50Z,Mastodon,fumettologica.it@web.brid.gy,Quello di Spider-Man: Brand New Day è il trailer più visto nella storia https://fed.brid.gy/r/https://fumettologica.it/2026/03/spider-man-brand-new-day-trailer-record-film-marvel/,0,https://fed.brid.gy/r/https://fumettologica.it/2026/03/spider-man-brand-new-day-trailer-record-film-marvel/,post,#SpiderManBrandNewDay
2026-03-25T05:20:07Z,Mastodon,variety_feed,Vincent D’Onofrio Says Marvel and Sony Need to ‘Get Their S—t Together’ So Spider-Man Can Fight Kingpin: ‘It’s a Complicated Rights Issue’ #Variety #News #DaredevilBornAgain #Marvel #SpiderManBrandNewDay #VincentD039Onofrio https://variety.com/2026/film/news/vincent-donofrio-marvel-sony-spider-man-kingpin-1236698689/,1,https://mastodon.social/@variety_feed/116288127476463222,post,#SpiderManBrandNewDay
2026-03-25T05:16:37Z,Mastodon,variety.com@web.brid.gy,Vincent D’Onofrio Says Marvel and Sony Need to ‘Get Their S—t Together’ So Spider-Man Can Fight Kingpin: ‘It’s a Complicated Rights Issue’ https://fed.brid.gy/r/https://variety.com/2026/film/news/vincent-donofrio-marvel-sony-spider-man-kingpin-1236698689/,0,https://fed.brid.gy/r/https://variety.com/2026/film/news/vincent-donofrio-marvel-sony-spider-man-kingpin-1236698689/,post,#SpiderManBrandNewDay
2026-03-24T22:45:17Z,Mastodon,TechNewsAR@mastodon.arabipro.social,فيلم Spider-Man: Brand New Day يكتب التاريخ بمليار مشاهدة! VGA4A - اخبار العاب الفيديو بعد سحق الرقم القياسي لأكثر ألعاب الفيديو انتظارًا عبر التاريخ GTA 6 القياسي، استطاع إعلان Spider-Man: Brand New Day يصبح الأول عالمياً بكل جدارة، بتجاوز عتبة المليار مشاهدة، وهذا الرقم مذهل بحق. الفيلم دخل التاريخ رسمياً كأول عرض ترويجي لفيلم سينمائي يتجاوز حاجز 1.1 مليار مشاهدة، في إنجاز غير مسبوق يعكس التعطش الجماهيري لهذا الجزء. … #Games #ألعاب # #SpiderManBrandNewDay https://www.vga4a.com/archives/306816,0,https://mastodon.arabipro.social/@TechNewsAR/116286574894866105,post,#SpiderManBrandNewDay
2026-03-24T18:28:38Z,Mastodon,indiegenius,Movie TV Tech Geeks #MovieNews #SpiderManBrandNewDay 'Spider-Man: Brand New Day' Officially Confirms 'Daredevil: Born Again' Crossover http://dlvr.it/TRgjkQ,0,https://mastodon.social/@indiegenius/116285565754445943,post,#SpiderManBrandNewDay
2026-03-24T17:35:04Z,Mastodon,variety_feed,‘Spider-Man: Brand New Day’ Makes History as First Movie Trailer to Cross 1 Billion Views (EXCLUSIVE) #Variety #News #SpiderManBrandNewDay #TomHolland https://variety.com/2026/film/news/spider-man-brand-new-day-trailer-1-billion-views-first-history-1236697959/,0,https://mastodon.social/@variety_feed/116285355096077912,post,#SpiderManBrandNewDay
2026-03-24T17:30:00Z,Mastodon,variety.com@web.brid.gy,‘Spider-Man: Brand New Day’ Makes History as First Movie Trailer to Cross 1 Billion Views (EXCLUSIVE) https://fed.brid.gy/r/https://variety.com/2026/film/news/spider-man-brand-new-day-trailer-1-billion-views-first-history-1236697959/,0,https://fed.brid.gy/r/https://variety.com/2026/film/news/spider-man-brand-new-day-trailer-1-billion-views-first-history-1236697959/,post,#SpiderManBrandNewDay
2026-03-23T14:13:01Z,Mastodon,movizark@mastodon.world,"Daredevil Won't Appear in 'Avengers: Doomsday' & 'Spider-Man: Brand New Day' According to Charlie Cox!! #Daredevil, #DaredevilBornAgain, #SpiderManBrandNewDay, #AvengersDoomsday, #AvengersSecretWars, #Marvel, #CharlieCox https://movizark.com/2026/03/23/daredevil-wont-appear-in-avengers-doomsday-spider-man-brand-new-day-according-to-charlie-cox/",0,https://mastodon.world/@movizark/116278898273529441,post,#SpiderManBrandNewDay
2026-03-23T12:00:02Z,Mastodon,lowyat,Two Problems With Spider-Man Having A Samsung Galaxy Z Flip7 In Brand New Day Trailer #entertainment #galaxyzflip7 #mobilephones #samsung #sony #spidermanbrandnewday https://www.lowyat.net/2026/387324/two-problems-spider-man-a-samsung-galaxy-z-flip7-brand-new-day/,0,https://mastodon.social/@lowyat/116278375383674819,post,#SpiderManBrandNewDay
2026-03-21T21:06:31Z,Mastodon,indiegenius,Movie TV Tech Geeks #MovieFeatures #SpiderManBrandNewDay #TomHolland 'Spider-Man: Brand New Day' Needs To Follow the Footsteps of This Must-Watch Marvel Movie http://dlvr.it/TRd5Zd,0,https://mastodon.social/@indiegenius/116269199632526455,post,#SpiderManBrandNewDay
2026-03-21T21:00:06Z,Mastodon,TraxonMedia_LTD,WE WERE NOT READY FOR THIS 😳🔥 Spider-Man Brand New Day just dropped and it’s INSANE… New villains? Hulk?? WHAT IS HAPPENING?! Watch our full reaction 👀👇 https://www.youtube.com/watch?v=SyFDKN06Pgc #spidermanbrandnewday #trailerreaction #traxonmedialtd,0,https://mastodon.social/@TraxonMedia_LTD/116269174406643673,post,#SpiderManBrandNewDay
2026-03-21T15:19:24Z,Mastodon,phantastiknews,YouTube Tipp ▶️ #Spoiler #DaredevilBornAgain 2x01 #OpeningScene: #SpiderManBrandNewDay & #Defenders https://youtu.be/jzQ7TcqIpyY?is=3cBWjrwvmdxCVwYE #Clip,0,https://mastodon.social/@phantastiknews/116267834699908588,post,#SpiderManBrandNewDay
2026-03-21T14:27:29Z,Mastodon,indiegenius,Movie TV Tech Geeks #MovieNews #TomHolland #SpiderManBrandNewDay ‘Brand New Day’ Trailer Sends 10/10 Franchise-Saving Spider-Man Epic Soaring on Disney+ http://dlvr.it/TRcrxw,1,https://mastodon.social/@indiegenius/116267630538198086,post,#SpiderManBrandNewDay
2026-03-21T06:00:00Z,Mastodon,fumettologica.it@web.brid.gy,Il mistero del personaggio di Sadie Sink in Spider-Man: Brand New Day https://fed.brid.gy/r/https://fumettologica.it/2026/03/sadie-sink-jean-grey-spider-man-brand-new-day-film-marvel/,0,https://fed.brid.gy/r/https://fumettologica.it/2026/03/sadie-sink-jean-grey-spider-man-brand-new-day-film-marvel/,post,#SpiderManBrandNewDay
2026-03-20T13:55:08Z,Mastodon,ellieraejaye@chaosfem.tw,"@steveshives is on point once again. I saw that trailer and thought the shot showing just his eye was pretty good, and loved that you could get so much feeling from just that small shot. But of course the incredibly pedantic miserable bastards out there have been picking it apart. Holy fuck, people. Get a life. Also, it's interesting that they've been doing this kind of shot in the Iron Man movies for ages (and making lit look like there's loads of space in that helmet) but apparently that's fine? Whatever. https://youtu.be/MfoX6a8A8lU #Spiderman #SpidermanBrandNewDay",0,https://chaosfem.tw/@ellieraejaye/116261841044460609,post,#SpiderManBrandNewDay
2026-03-20T10:13:24Z,Mastodon,fumettologica.it@web.brid.gy,Il trailer di Spider-Man: Brand New Day è il più visto di sempre in un solo giorno https://fed.brid.gy/r/https://fumettologica.it/2026/03/spider-man-brand-new-day-record-trailer-piu-visto/,1,https://fed.brid.gy/r/https://fumettologica.it/2026/03/spider-man-brand-new-day-record-trailer-piu-visto/,post,#SpiderManBrandNewDay
2026-03-20T07:02:16Z,Mastodon,galaxyaddicted.it@web.brid.gy,"Spider-Man: Brand New Day, il trailer svela il nuovo ragazzo di MJ e una sorpresa da Star Wars https://fed.brid.gy/r/https://www.galaxyaddicted.it/2026/03/spider-man-brand-new-day-nuovo-ragazzo-mj-eman-esfandi/",0,https://fed.brid.gy/r/https://www.galaxyaddicted.it/2026/03/spider-man-brand-new-day-nuovo-ragazzo-mj-eman-esfandi/,post,#SpiderManBrandNewDay
2026-03-20T01:10:53Z,Mastodon,lapatilla.com@web.brid.gy,"""Spider-Man: Brand New Day"" hizo historia: su tráiler batió todos los récords en 24 horas https://fed.brid.gy/r/https://lapatilla.com/2026/03/19/spider-man-brand-new-day-hizo-historia-su-trailer-batio-todos-los-records-en-24-horas/",0,https://fed.brid.gy/r/https://lapatilla.com/2026/03/19/spider-man-brand-new-day-hizo-historia-su-trailer-batio-todos-los-records-en-24-horas/,post,#SpiderManBrandNewDay
2026-03-19T21:20:11Z,Mastodon,eagc1995@socel.net,"It's Spider-Man Brand New Day trailer day! If you would like to support my work, feel free to support me on either Patreon: www.patreon.com/eagc1995 Ko-Fi: https://ko-fi.com/X8X0WRTV VGen: https://vgen.co/eagc1995 #SpiderMan #SpiderManBrandNewDay #Marvel #MarvelFanArt #MyArt #FanArt",2,https://socel.net/@eagc1995/116257928708883311,post,#SpiderManBrandNewDay
2026-03-19T18:59:07Z,Mastodon,fanthatracks,Spider-Man: Brand New Day features a very familiar Star Wars face #EmanEsfandi #StarWars #FanthaTracks #emanesfandi #spiderman #spidermanbrandnewday #tomholland There's a very familiar GFFA face in the trailer for Spider-Man: Brand New Day. Read the whole story at the below link: https://www.fanthatracks.com/news/film-music-tv/spider-man-brand-new-day-features-a-very-familiar-star-wars-face/,2,https://mastodon.social/@fanthatracks/116257374038714073,post,#SpiderManBrandNewDay
2026-03-19T18:45:25Z,Mastodon,indiegenius,"Movie TV Tech Geeks #MovieNews #SpiderMan #SpiderManBrandNewDay In Just 1 Day, 'Spider-Man: Brand New Day' Has Already Shattered a World Record http://dlvr.it/TRbCWM",0,https://mastodon.social/@indiegenius/116257320186581319,post,#SpiderManBrandNewDay
2026-03-19T18:05:10Z,Mastodon,variety_feed,‘Spider-Man: Brand New Day’ Trailer Shatters Record With 718.6 Million Views — The Biggest Movie Trailer Launch in History #Variety #News #SpiderManBrandNewDay https://variety.com/2026/film/news/spider-man-brand-new-day-trailer-biggest-ever-break-record-1236694163/,2,https://mastodon.social/@variety_feed/116257161910492809,post,#SpiderManBrandNewDay
2026-03-19T18:00:51Z,Mastodon,hollywoodreporter,‘Spider-Man: Brand New Day’ Sets 24 Hour Trailer Record with 718 Million Views #MovieNews #Movies #SpiderMan #SpiderManBrandNewDay https://www.hollywoodreporter.com/movies/movie-news/spider-man-brand-new-day-sets-24-hour-trailer-record-1236172758/,0,https://mastodon.social/@hollywoodreporter/116257144952218691,post,#SpiderManBrandNewDay
2026-03-19T18:00:36Z,Mastodon,deadline,"‘Spider-Man: Brand New Day’ Most Watched Trailer Debut Ever With Near 719M Global Views, Beats ‘Deadpool & Wolverine #News #Marvel #SpiderManBrandNewDay https://deadline.com/2026/03/spider-man-brand-new-day-trailer-record-viewership-1236760618/",1,https://mastodon.social/@deadline/116257143906989099,post,#SpiderManBrandNewDay
2026-03-19T13:01:19Z,Mastodon,ddigest@trailers.ddigest.com,SPIDER-MAN: BRAND NEW DAY (2026) - Trailer [4K Ultra HD] https://trailers.ddigest.com/w/6QAepDVqGhudAj57qoNSt5,1,https://trailers.ddigest.com/w/6QAepDVqGhudAj57qoNSt5,post,#SpiderManBrandNewDay
2026-03-19T12:59:27Z,Mastodon,fumettologica.it@web.brid.gy,Tutti i nemici di Spider-Man presenti nel trailer di “Brand New Day” https://fed.brid.gy/r/https://fumettologica.it/2026/03/spider-man-brand-new-day-trailer-nemici-fumetti-marvel/,0,https://fed.brid.gy/r/https://fumettologica.it/2026/03/spider-man-brand-new-day-trailer-nemici-fumetti-marvel/,post,#SpiderManBrandNewDay
2026-03-19T11:14:18Z,Mastodon,noescinetodo@mastodon.world,"Tras el gran éxito global de #SpiderManNoWayHome, #SpiderManBrandNewDay marca una etapa completamente nueva para #PeterParker y #SpiderMan, y ya tenemos aquí su tráiler oficial. https://noescinetodoloquereluce.com/2026/03/trailer-de-spider-man-brand-new-day-una-etapa-completamente-nueva-para-peter-parker-y-spider-man.html",0,https://mastodon.world/@noescinetodo/116255546335898319,post,#SpiderManBrandNewDay
2026-03-19T06:48:29Z,Mastodon,actuanews.fr@actuanews.fr,"Spider-Man : Brand New Day: Un retour sombre et spectaculaire pour Tom Holland (Bande-Annonce) Après des années d’attente et un tournant majeur dans l’univers Marvel, Spider-Man s’apprête à faire son grand retour sur grand écran. Avec Brand New Day, le célèbre héros incarné par Tom Holland revient dans une réalité bouleversée, où plus personne ne se souvient de lui. Une situation inédite qui promet une intrigue plus intime, mais aussi plus sombre, comme le suggère la première bande-annonce dévoilée par Marvel Studios et Sony Pictures. Entre quête identitaire, nouvelles menaces et relations brisées, ce quatrième opus s’annonce comme un moment charnière dans l’évolution du personnage. Une bande-annonce qui annonce un tournant radical La première bande-annonce de Spider-Man : Brand New Day plante immédiatement le décor : Peter Parker évolue désormais dans un monde où son existence a été effacée des mémoires. Les événements de No Way Home ont laissé des traces profondes, et le jeune héros",0,https://actuanews.fr/2026/03/19/spider-man-brand-new-day-un-retour-sombre-et-spectaculaire-pour-tom-holland-bande-annonce/,post,#SpiderManBrandNewDay
2026-03-19T02:32:32Z,Mastodon,wikioftheday@masto.ai,"With 280,739 views on Wednesday, 18 March 2026, the popular Wiki of the Day is Spider-Man: Brand New Day. Listen to the new episode here: https://wikioftheday.com/wotdep.php?pod=popular&epnum=3242 See our archives or subscribe here: https://wikioftheday.com #SpiderManBrandNewDay #wiki #wikipedia #podcast",0,https://masto.ai/@wikioftheday/116253494654242905,post,#SpiderManBrandNewDay
2026-03-18T23:57:23Z,Mastodon,scy@chaos.social,"There's a Spider-Man Brand New Day trailer, and it looks like this is gonna be a loooot of fun :D https://www.youtube.com/watch?v=8TZMtslA3UY (3 min) (Also, hell yeah, Jon Bernthal on the big screen!) (I neeeeed to know who Sadie Sink is gonna play though…!) #SpiderMan #SpiderManBrandNewDay #MCU #Marvel",0,https://chaos.social/@scy/116252884597720745,post,#SpiderManBrandNewDay
2026-03-18T23:57:19Z,Mastodon,gustavo_rebollar_angel@tkz.one,"#MarvelStudios y #SonyPictures publican el primer tráiler de #SpiderManBrandNewDay, y de paso confirman su fecha de estreno. El Hombre Araña enfrentará a múltiples villanos, y de paso veremos a más personajes del Universo Cinematográfico de #Marvel :3. https://universo-nintendo.com.mx/2026/03/18/spider-man-brand-new-day-fecha-estreno-confirmada-primer-trailer/",0,https://tkz.one/@gustavo_rebollar_angel/116252884280546707,post,#SpiderManBrandNewDay
2026-03-18T21:51:26Z,Mastodon,indiegenius,Movie TV Tech Geeks #MovieFeatures #SpiderManBrandNewDay 'Spider-Man: Brand New Day' Trailer Finally Fixes the Issue With Marvel TV Shows http://dlvr.it/TRZGtV,0,https://mastodon.social/@indiegenius/116252389333959118,post,#SpiderManBrandNewDay
2026-03-18T21:49:00Z,Mastodon,Peachz@masto.ai,#SpiderManBrandNewDay #SpiderMan #BrandNewDay #trailer https://youtu.be/8TZMtslA3UY?si=oJfcvH4hL85tPKix,1,https://masto.ai/@Peachz/116252379771256143,post,#SpiderManBrandNewDay
2026-03-18T21:00:06Z,Mastodon,maxigeek,"The first trailer for #SpiderManBrandNewDay has been released, showing off what Peter's life is like 4 years after everyone forgot about him and hints at some big changes coming for the character Details: https://www.maxi-geek.com/con/spider-man-brand-new-day-reveals-its-first-trailer #news #movie",0,https://mastodon.social/@maxigeek/116252187429968189,post,#SpiderManBrandNewDay
2026-03-18T18:48:58Z,Mastodon,stacescases2.bsky.social@bsky.brid.gy,"Four years have passed since the events of #NoWayHome, and Peter is now an adult living entirely alone, having voluntarily erased himself from the lives and memories of those he loves. Crime-fighting in a New York that no longer knows his name. #Spiderman:BrandNewDay youtu.be/8TZMtslA3UY?... SPIDER-MAN: BRAND NEW DAY – Of...",0,https://fed.brid.gy/r/https://bsky.app/profile/did:plc:76e4qryfph6q4wmz3li6v2l6/post/3mhe5nt6ebk2t,post,#SpiderManBrandNewDay
2026-03-18T17:35:59Z,Mastodon,McLustig@norden.social,#SpidermanBrandNewDay am 30.7. im Kino. Also ich bin am Start das sieht super aus. 🤩 https://www.youtube.com/watch?v=8TZMtslA3UY,0,https://norden.social/@McLustig/116251384832629301,post,#SpiderManBrandNewDay
2026-03-18T16:54:58Z,Mastodon,sidequesting@mstdn.social,The first trailers for Spider-Man Brand New Day and Dune Part 3 are here Our movie senses are tingling https://www.sidequesting.com/2026/03/the-first-trailers-for-spider-man-brand-new-day-and-dune-part-3-are-here/ #Movies #BrandNewDay #disney #Dune #marvel #movie #spiderman #SpidermanBrandNewDay #trailer #WB,0,https://mstdn.social/@sidequesting/116251223538521955,post,#SpiderManBrandNewDay
2026-03-18T15:51:26Z,Mastodon,FilmBook,SPIDER-MAN: BRAND NEW DAY (2026) Movie Trailer: Tom Holland Swings into Action for Marvel Link: https://film-book.com/spider-man-brand-new-day-2026-movie-trailer-tom-holland-swings-into-action-for-marvel/?fsp_sid=166340 #ComicBook #DestinDanielCretton #JacobBatalon #JonBernthal #MarkRuffalo #MarvelComics #MichaelMando #MovieTrailer #SadieSink #SonyPictures #SpiderManBrandNewDay #TomHolland #TramellTillman #Zendaya,0,https://mastodon.social/@FilmBook/116250973717826441,post,#SpiderManBrandNewDay
2026-03-18T15:31:15Z,Mastodon,phantastiknews,YouTube Tipp ▶️ #Spoiler — Es ist alles wahr! #SpiderManBrandNewDay Trailer https://youtu.be/ueHlE-bU24I?si=Nqjw5ylC6d0GmhuJ,0,https://mastodon.social/@phantastiknews/116250894384885944,post,#SpiderManBrandNewDay
2026-03-18T14:01:15Z,Mastodon,WinFuture,Der erste Trailer zu #SpiderManBrandNewDay zeigt Tom Holland in einer düsteren neuen Ära - inklusive Hinweisen auf die Man-Spider-Storyline und Jon Bernthals Rückkehr als #Punisher. https://winfuture.de/videos/Film-TV/Spider-Man-Brand-New-Day-Erster-Trailer-zeigt-Spideys-neue-Realitaet-28526.html?utm_source=Mastodon&utm_medium=ManualStatus&utm_campaign=SocialMedia,0,https://mastodon.social/@WinFuture/116250540451596607,post,#SpiderManBrandNewDay
2026-03-18T13:58:58Z,Mastodon,movizark@mastodon.world,"'Spider-Man: Brand New Day' Trailer Has Tom Holland Face Punisher, Scorpion & More!! Check It Out!! #JacobBatalon, #JonBernthal, #LizaColonZayas, #MarkRuffalo, #Marvel, #MarvinJonesIII, #MelanieScrofano, #MichaelMando, #SadieSink, #Sony, #SpiderMan4, #SpiderManBrandNewDay, #TomHolland, #TramellTillman, #Zendaya https://movizark.com/2026/03/18/spider-man-brand-new-day-trailer-has-tom-holland-face-punisher-scorpion-more-check-it-out/",0,https://mastodon.world/@movizark/116250531492706392,post,#SpiderManBrandNewDay
2026-03-18T13:44:40Z,Mastodon,filmstories.co.uk@web.brid.gy,Spider-Man: Brand New Day trailer finally emerges https://fed.brid.gy/r/https://filmstories.co.uk/news/spider-man-brand-new-day-trailer-finally-emerges/,0,https://fed.brid.gy/r/https://filmstories.co.uk/news/spider-man-brand-new-day-trailer-finally-emerges/,post,#SpiderManBrandNewDay
2026-03-18T13:41:41Z,Mastodon,TheManyVoices,"🚨 Finally... The official #TRAILER for Spider-Man: Brand New Day is here! Giving us previews of Bruce Banner, The Punisher, mutations, and spider-evolution... Spider-Man will websling across cinema screens on July 31st. #SpiderMan #BrandNewDay #Trailers #MCU #Marvel #SpiderManBrandNewDay #TomHolland #Zendaya #MarkRuffalo #JonBernthal #ThePunisher #ComingSoon https://youtu.be/aBlsrtxuwss?si=w_q233pikBda20kQ",2,https://mastodon.social/@TheManyVoices/116250463510388779,post,#SpiderManBrandNewDay
2026-03-18T13:41:27Z,Mastodon,bobeslaw,oi laukiu laukiu :] https://youtu.be/8TZMtslA3UY?si=m0tyRqnp5yktp1dS #SpiderManBrandNewDay,1,https://mastodon.social/@bobeslaw/116250462609617180,post,#SpiderManBrandNewDay
2026-03-18T13:24:43Z,Mastodon,JustGeek,🎬 Spider-Man 4 : Brand New Day dévoile sa première bande-annonce 👉 https://www.justgeek.fr/spider-man-brand-new-day-bande-annonce-148135/ #SpiderManBrandNewDay #Film #Cinéma #Trailer #BandeAnnonce,1,https://mastodon.social/@JustGeek/116250396812884716,post,#SpiderManBrandNewDay
2026-03-18T13:03:40Z,Mastodon,fumettologica.it@web.brid.gy,"Le ragnatele organiche di Spider-Man nel trailer di “Brand New Day”, spiegate https://fed.brid.gy/r/https://fumettologica.it/2026/03/ragnatele-organiche-spider-man-brand-new-day/",0,https://fed.brid.gy/r/https://fumettologica.it/2026/03/ragnatele-organiche-spider-man-brand-new-day/,post,#SpiderManBrandNewDay
2026-03-18T13:02:03Z,Mastodon,a7production.bsky.social@bsky.brid.gy,🔴 La bande annonce de #SpidermanBrandNewDay Est sortie ! ✅ a7productions.blogsp... Grosse claque visuelle et historique pour Peter Parker ! www.youtube.com/watc... #Linkedin #World #Voyages #Photography #Travel #A7Radio #Podcasts #Bluesky #Threads #France #Pinterest,1,https://fed.brid.gy/r/https://bsky.app/profile/did:plc:7irwu6o7xdljmvq2h4bxvo3f/post/3mhdkbjigtl2t,post,#SpiderManBrandNewDay
2026-03-18T12:44:09Z,Mastodon,johnhood,Spider-Man: Brand New Day official trailer https://www.generationstarwars.com/2026/03/spider-man-brand-new-day-official-trailer.html #SpiderMan #SpiderManBrandNewDay #Blog,2,https://mastodon.social/@johnhood/116250237297980005,post,#SpiderManBrandNewDay
2026-03-18T12:21:18Z,Mastodon,indiegenius,Movie TV Tech Geeks #MovieNews #SpiderManBrandNewDay #TomHolland Tom Holland's Heroic Web-Slinger is Reborn in First 'Spider-Man: Brand New Day' Trailer http://dlvr.it/TRYklq,0,https://mastodon.social/@indiegenius/116250147474817072,post,#SpiderManBrandNewDay
2026-03-18T11:40:09Z,Mastodon,indiewire,‘Spider-Man: Brand New Day’ Trailer: Tom Holland Faces The Punisher in Marvel’s Latest Sequel #IndieWire #News #Trailers #Film #Marvel #SpiderManBrandNewDay #TomHolland https://www.indiewire.com/news/trailers/spider-man-brand-new-day-trailer-1235185069/,2,https://mastodon.social/@indiewire/116249985647936987,post,#SpiderManBrandNewDay
2026-03-18T11:30:24Z,Mastodon,mackansfilm,Spider-Man: Brand New Day (2026) - Official Trailer #1 #SpiderMan #SpiderManBrandNewDay #MarvelStudios #SonyPictures #TomHolland #Zendaya http://youtube.com/watch?v=Tt5F0DQoWJA&feature=youtu.be https://mackansfilm.wordpress.com/2026/03/18/spider-man-brand-new-day-2026-official-trailer-1/?utm_source=mastodon&utm_medium=jetpack_social,0,https://mastodon.social/@mackansfilm/116249947310030982,post,#SpiderManBrandNewDay
2026-03-18T11:29:40Z,Mastodon,A7Production,🔴 La bande annonce de #spidermanbrandnewday Est PUBLIEE ! ✅ https://a7productions.blogspot.com/p/7-radio-100-mix.html Grosse claque visuelle et historique pour Peter Parker ! #Movie #Cinema #News https://www.youtube.com/watch?v=-jadQJRCWqQ #Mastodon #World #Travel #Voyages #France #Photography #Music #Media #Live #Podcast #A7Radio #Radio #Streaming #Webradio #Paris #Mix #Dj #Social #Motivation #pixelfed,1,https://mastodon.social/@A7Production/116249944393738560,post,#SpiderManBrandNewDay
2026-03-18T11:25:14Z,Mastodon,hollywoodreporter,"‘Spider-Man: Brand New Day’ Trailer: Tom Holland’s Peter Parker Teams Up With Bruce Banner, Punisher in ‘Doomsday’ Prequel #MovieNews #Movies #Marvel #Sony #SpiderManBrandNewDay #TomHolland https://www.hollywoodreporter.com/movies/movie-news/spider-man-brand-new-day-trailer-tom-holland-zendaya-1236529290/",0,https://mastodon.social/@hollywoodreporter/116249926977652675,post,#SpiderManBrandNewDay
2026-03-18T11:25:06Z,Mastodon,deadline,"‘Spider-Man: Brand New Day’ First Trailer Shows Zendaya, Jon Bernthal’s Punisher, Mark Ruffalo’s Bruce Banner & More #News #SpiderMan #SpiderManBrandNewDay #TomHolland https://deadline.com/2026/03/spider-man-brand-new-day-first-trailer-tom-holland-zendaya-1236757684/",0,https://mastodon.social/@deadline/116249926440870511,post,#SpiderManBrandNewDay
2026-03-18T11:22:41Z,Mastodon,movizark@mastodon.world,"'Spider-Man: Brand New Day' Trailer Clips Tease Tom Holland's Next MCU Movie!! Check It Out!! #JacobBatalon, #JonBernthal, #LizaColonZayas, #MarkRuffalo, #Marvel, #MarvinJonesIII, #MelanieScrofano, #MichaelMando, #SadieSink, #Sony, #SpiderMan4, #SpiderManBrandNewDay, #TomHolland, #TramellTillman, #Zendaya https://movizark.com/2026/03/18/spider-man-brand-new-day-trailer-clips-tease-tom-hollands-next-mcu-movie-check-it-out/",0,https://mastodon.world/@movizark/116249916904303062,post,#SpiderManBrandNewDay
2026-03-18T11:16:28Z,Mastodon,PhilEdwards,Spider-Man: Brand New Day gets a trailer. Watch it here https://bit.ly/4bvffKX #SpiderMan #SpiderManBrandNewDay #film #comic #TomHolland #JonBernthal #SadieSink #Zendaya #MarkRuffalo #Marvel #NYC,3,https://mastodon.social/@PhilEdwards/116249892518983931,post,#SpiderManBrandNewDay
2026-03-18T11:15:04Z,Mastodon,variety_feed,"‘Spider-Man: Brand New Day’ Trailer: Tom Holland Shoots Organic Webs, Reunites With Bruce Banner and Teams Up With Punisher #Variety #News #SpiderManBrandNewDay #TomHolland https://variety.com/2026/film/news/spider-man-brand-new-day-trailer-tom-holland-punisher-1236580283/",1,https://mastodon.social/@variety_feed/116249886990705493,post,#SpiderManBrandNewDay
2026-03-18T11:12:50Z,Mastodon,fumettologica.it@web.brid.gy,Il primo trailer di “Spider-Man: Brand New Day” https://fed.brid.gy/r/https://fumettologica.it/2026/03/spider-man-brand-new-day-primo-trailer-film-marvel/,0,https://fed.brid.gy/r/https://fumettologica.it/2026/03/spider-man-brand-new-day-primo-trailer-film-marvel/,post,#SpiderManBrandNewDay
2026-03-18T11:10:40Z,Mastodon,variety.com@web.brid.gy,"‘Spider-Man: Brand New Day’ Trailer: Tom Holland Shoots Organic Webs, Reunites With Bruce Banner and Teams Up With Punisher https://fed.brid.gy/r/https://variety.com/2026/film/news/spider-man-brand-new-day-trailer-tom-holland-punisher-1236580283/",0,https://fed.brid.gy/r/https://variety.com/2026/film/news/spider-man-brand-new-day-trailer-tom-holland-punisher-1236580283/,post,#SpiderManBrandNewDay
2026-03-18T10:44:05Z,Mastodon,a7production.bsky.social@bsky.brid.gy,Plus que quelques minutes ?! #SpidermanBrandNewDay ! RE: https://bsky.app/profile/did:plc:fbakiele22dtl4772bngagpb/post/3mhc42xkp5rv2,0,https://fed.brid.gy/r/https://bsky.app/profile/did:plc:7irwu6o7xdljmvq2h4bxvo3f/post/3mhdcksnuic2z,post,#SpiderManBrandNewDay
2026-03-18T10:15:04Z,Mastodon,lesclairvoyants,"Tom Holland on Instagram: ""No one can do it alone, not even Spider-Man. Follow along as the sun rises around the world and our Spider-Man community helps kick off the trailer launch for #SpiderManBrandNewDay! First up, @pol_deportes . @andesfilmspe"" https://www.instagram.com/reel/DV-7Bx-Db5Q",1,https://mastodon.social/@lesclairvoyants/116249651100856821,post,#SpiderManBrandNewDay
2026-03-18T09:03:35Z,Mastodon,galaxyaddicted.it@web.brid.gy,"Daredevil: Born Again 2, Spider-Man resta sullo sfondo: cosa sappiamo davvero del legame con Brand New Day https://fed.brid.gy/r/https://www.galaxyaddicted.it/2026/03/daredevil-born-again-2-spider-man-brand-new-day-legame/",0,https://fed.brid.gy/r/https://www.galaxyaddicted.it/2026/03/daredevil-born-again-2-spider-man-brand-new-day-legame/,post,#SpiderManBrandNewDay
2026-03-18T07:27:07Z,Mastodon,phantastiknews,YouTube Tipp ▶️ #SpiderManBrandNewDay Trailer: #TomHolland Launches First Look in Never before done way #Spiderman https://youtu.be/Huy43DY3V3Y?is=Qc-r0siQ15pyfUxN,0,https://mastodon.social/@phantastiknews/116248990649301769,post,#SpiderManBrandNewDay
2026-03-18T03:20:06Z,Mastodon,deadline,Zendaya Praises Tom Holland & Teases ‘Spider-Man: Brand New Day’: “People Will Not Be Disappointed” #News #SpiderManBrandNewDay #TomHolland #Zendaya https://deadline.com/2026/03/zendaya-praises-tom-holland-teases-spider-man-brand-new-day-1236758795/,0,https://mastodon.social/@deadline/116248019348211360,post,#SpiderManBrandNewDay
2026-03-17T23:15:06Z,Mastodon,A7Production,🔴 Dans quelques heures sort la bande annonce de #spidermanbrandnewday ✅ https://a7productions.blogspot.com/p/7-radio-100-mix.html Qui est Hype ?! #Mastodon #World #Travel #Voyages #France #Photography #Music #Media #Live #Podcast #A7Radio #Radio #Streaming #Webradio #Paris #Mix #Dj #Social #Motivation #pixelfed,0,https://mastodon.social/@A7Production/116247055998441986,post,#SpiderManBrandNewDay
2026-03-17T17:00:22Z,Mastodon,TechNewsAR@mastodon.arabipro.social,عرض Spider-Man الجديد يبدأ بالظهور… ويشعل حماس الجماهير VGA4A - اخبار العاب الفيديو بدأت شركة Marvel Studios حملة ترويج غير تقليدية لفيلم Spider-Man: Brand New Day، حيث يتم الكشف عن التريلر بطريقة تدريجية عبر حسابات معجبين من مختلف أنحاء العالم. وكشف النجم Tom Holland عن الفكرة عبر حسابه على إنستغرام، مؤكدًا أن الفريق “يقوم بشيء لم يحدث من قبل”، مشيرًا إلى أن بعض أكبر المعجبين سيساهمون في نشر … #Games #ألعاب # #SpiderMan4 #SpiderManBrandNewDay https://www.vga4a.com/archives/306436,0,https://mastodon.arabipro.social/@TechNewsAR/116245582459435991,post,#SpiderManBrandNewDay
2026-03-17T15:36:40Z,Mastodon,phantastiknews,YouTube Tipp ▶️ #SpiderManBrandNewDay Trailer #Leak #Breakdown https://youtu.be/Kvop6vy0NU8?is=HQSJrthI4L9u1j7F,0,https://mastodon.social/@phantastiknews/116245253336181119,post,#SpiderManBrandNewDay
2026-03-17T13:05:15Z,Mastodon,variety_feed,‘Spider-Man: Brand New Day’ First Look: Tom Holland’s Web-Slinger Saves a Life as New Movie Promises a ‘Rebirth’ #Variety #News #SpiderManBrandNewDay #TomHolland https://variety.com/2026/film/news/spider-man-brand-new-day-first-look-tom-holland-1236691003/,1,https://mastodon.social/@variety_feed/116244657953936266,post,#SpiderManBrandNewDay
2026-03-17T13:02:18Z,Mastodon,variety.com@web.brid.gy,‘Spider-Man: Brand New Day’ First Look: Tom Holland’s Web-Slinger Saves a Life as New Movie Promises a ‘Rebirth’ https://fed.brid.gy/r/https://variety.com/2026/film/news/spider-man-brand-new-day-first-look-tom-holland-1236691003/,0,https://fed.brid.gy/r/https://variety.com/2026/film/news/spider-man-brand-new-day-first-look-tom-holland-1236691003/,post,#SpiderManBrandNewDay
2026-03-12T22:42:30Z,Mastodon,1@meisskey.one,"""Spider-Man: Brand New Day"" #marvelstudios #spiderman #spidermanbrandnewday",0,https://meisskey.one/notes/719ce4373937fe623627b74f,post,#SpiderManBrandNewDay
2026-03-04T12:29:57Z,Mastodon,galaxyaddicted.it@web.brid.gy,Marvel e DC: fino a otto trailer cinematografici attesi entro la fine del 2026 https://fed.brid.gy/r/https://www.galaxyaddicted.it/2026/03/marvel-dc-trailer-film-2026/,0,https://fed.brid.gy/r/https://www.galaxyaddicted.it/2026/03/marvel-dc-trailer-film-2026/,post,#SpiderManBrandNewDay
2026-02-28T15:32:18Z,Mastodon,movizark@mastodon.world,"'Avengers: Doomsday' Won’t Release In IMAX On Opening Weekend In US Theaters!! #AvengersDoomsday, #DunePartThree, #Dune3, #SpiderManBrandNewDay https://movizark.com/2026/02/28/avengers-doomsday-wont-release-in-imax-on-opening-weekend-in-us-theaters/",0,https://mastodon.world/@movizark/116148976881737306,post,#SpiderManBrandNewDay
2026-02-20T15:20:38Z,Mastodon,movizark@mastodon.world,"'Spider-Man: Brand New Day': First Plot Details for MCU Movie Revealed!! #JacobBatalon, #JonBernthal, #LizaColonZayas, #MarkRuffalo, #Marvel, #MarvinJonesIII, #MelanieScrofano, #MichaelMando, #SadieSink, #Sony, #SpiderMan4, #SpiderManBrandNewDay, #TomHolland, #TramellTillman, #Zendaya https://movizark.com/2026/02/20/spider-man-brand-new-day-first-plot-details-for-mcu-movie-revealed/",0,https://mastodon.world/@movizark/116103632582770067,post,#SpiderManBrandNewDay
2026-02-19T11:22:09Z,Mastodon,fumettologica.it@web.brid.gy,La trama del nuovo film di Spider-Man https://fed.brid.gy/r/https://fumettologica.it/2026/02/spider-man-brand-new-day-trama-film-sinossi/,0,https://fed.brid.gy/r/https://fumettologica.it/2026/02/spider-man-brand-new-day-trama-film-sinossi/,post,#SpiderManBrandNewDay
2026-02-17T16:43:31Z,Mastodon,movizark@mastodon.world,"'Spider-Man: Brand New Day': New Promo Art Reveals Scorpion’s Suit, Hulk & More Villains!! Check It Out!! #JacobBatalon, #JonBernthal, #LizaColonZayas, #MarkRuffalo, #Marvel, #MarvinJonesIII, #MelanieScrofano, #MichaelMando, #SadieSink, #Sony, #SpiderMan4, #SpiderManBrandNewDay, #TomHolland, #TramellTillman, #Zendaya https://movizark.com/2026/02/17/spider-man-brand-new-day-new-promo-art-reveals-scorpions-suit-hulk-more-villains-check-it-out/",0,https://mastodon.world/@movizark/116086971534169884,post,#SpiderManBrandNewDay
2026-02-16T10:39:21Z,Mastodon,fumettologica.it@web.brid.gy,Marvel annuncia una nuova serie a fumetti di Spider-Man ambientata nell’era Brand New Day https://fed.brid.gy/r/https://fumettologica.it/2026/02/marvel-nuova-serie-fumetti-spider-man-brand-new-day/,0,https://fed.brid.gy/r/https://fumettologica.it/2026/02/marvel-nuova-serie-fumetti-spider-man-brand-new-day/,post,#SpiderManBrandNewDay
2026-02-13T16:41:42Z,Mastodon,indiegenius,Movie TV Tech Geeks #TVFeatures #SpiderManBrandNewDay #WonderMan Marvel's 10-Year-Old Forgotten TV Pilot Was the MCU’s Most Ambitious X-Men Setup http://dlvr.it/TQxX32,0,https://mastodon.social/@indiegenius/116064315142879125,post,#SpiderManBrandNewDay
2026-02-13T10:16:36Z,Mastodon,galaxyaddicted.it@web.brid.gy,Spider-Man: Brand New Day riporta Hulk come villain? I rumor scuotono il MCU https://fed.brid.gy/r/https://www.galaxyaddicted.it/2026/02/spider-man-brand-new-day-hulk-villain-rumor/,0,https://fed.brid.gy/r/https://www.galaxyaddicted.it/2026/02/spider-man-brand-new-day-hulk-villain-rumor/,post,#SpiderManBrandNewDay
2026-02-12T09:04:46Z,Mastodon,galaxyaddicted.it@web.brid.gy,"Spider-Man: Brand New Day, una foto promozionale anticipa il ritorno delle ragnatele organiche? https://fed.brid.gy/r/https://www.galaxyaddicted.it/2026/02/spider-man-brand-new-day-ragnatele-organiche/",0,https://fed.brid.gy/r/https://www.galaxyaddicted.it/2026/02/spider-man-brand-new-day-ragnatele-organiche/,post,#SpiderManBrandNewDay
2026-02-11T12:44:50Z,Mastodon,in.mashable.com@web.brid.gy,"Spider-Man: Brand New Day, Jumanji 3, Project Hail Mary & More; Sony Pictures’ Most Ambitious Lineup https://fed.brid.gy/r/https://in.mashable.com/entertainment/105751/spider-man-brand-new-day-jumanji-3-project-hail-mary-more-sony-pictures-most-ambitious-lineup",0,https://fed.brid.gy/r/https://in.mashable.com/entertainment/105751/spider-man-brand-new-day-jumanji-3-project-hail-mary-more-sony-pictures-most-ambitious-lineup,post,#SpiderManBrandNewDay
2026-02-06T23:35:13Z,Mastodon,deadline,‘Daredevil’s Vincent D’Onofrio Explains Why Kingpin Won’t Appear In ‘Spider-Man: Brand New Day’ #News #Daredevil #DaredevilBornAgain #MarvelStudios #MarvelTelevision #MCU #SpiderMan #SpiderManBrandNewDay #WilsonFisk https://deadline.com/2026/02/daredevil-vincent-donofrio-kingpin-wont-appear-spider-man-1236711778/,0,https://mastodon.social/@deadline/116026304993113571,post,#SpiderManBrandNewDay
2026-02-06T07:32:00Z,Mastodon,galaxyaddicted.it@web.brid.gy,"Spider-Man: Brand New Day, i personaggi Disney+ che torneranno nel film MCU del 2026 https://fed.brid.gy/r/https://www.galaxyaddicted.it/2026/02/spider-man-brand-new-day-personaggi-disney-plus/",0,https://fed.brid.gy/r/https://www.galaxyaddicted.it/2026/02/spider-man-brand-new-day-personaggi-disney-plus/,post,#SpiderManBrandNewDay
2026-01-19T00:05:17Z,Mastodon,indiegenius,"Movie TV Tech Geeks #Movie #SpiderMan #SpiderManBrandNewDay All 4 Spider-Man Movies and TV Shows of 2026, Ranked by Hype http://dlvr.it/TQQhQ6",0,https://mastodon.social/@indiegenius/115918839319680372,post,#SpiderManBrandNewDay
2026-01-08T01:25:14Z,Mastodon,hollywoodreporter,"Sadie Sink Saw Fan Theories She’d Be in Next ‘Spider-Man’ Movie, Then “Two Days Later, They Asked Me to Do It” #MovieNews #Movies #Marvel #SadieSink #SpiderMan #SpiderMan4 #SpiderManBrandNewDay https://www.hollywoodreporter.com/movies/movie-news/sadie-sink-saw-spider-man-fan-theories-before-cast-1236467118/",2,https://mastodon.social/@hollywoodreporter/115856868245343005,post,#SpiderManBrandNewDay
2026-01-07T23:50:07Z,Mastodon,deadline,Sadie Sink Found Out About Her ‘Spider-Man’ Casting Via Online Speculation: “There’s Sometimes Some Truth To It” #News #MCU #SadieSink #SpiderManBrandNewDay https://deadline.com/2026/01/sadie-sink-found-out-spider-man-casting-online-speculation-1236675633/,0,https://mastodon.social/@deadline/115856494241444561,post,#SpiderManBrandNewDay
2026-01-07T06:00:00Z,Mastodon,fumettologica.it@web.brid.gy,I film tratti dai fumetti che vedremo nel 2026 https://fed.brid.gy/r/https://fumettologica.it/2026/01/film-fumetti-2026/,0,https://fed.brid.gy/r/https://fumettologica.it/2026/01/film-fumetti-2026/,post,#SpiderManBrandNewDay
2026-01-05T16:35:09Z,Mastodon,variety_feed,"Box Office 2026 Predictions: Will ‘The Odyssey,’ ‘Avengers: Doomsday’ and a New ‘Star Wars’ Finally Propel Grosses Above $9 Billion? #Variety #News #AvengersDoomsday #SpiderManBrandNewDay #TheOdyssey https://variety.com/2026/film/news/box-office-2026-predictions-avengers-doomsday-spiderman-brand-new-day-odyssey-1236615235/",0,https://mastodon.social/@variety_feed/115843459256846113,post,#SpiderManBrandNewDay
2026-01-05T16:30:00Z,Mastodon,variety.com@web.brid.gy,"Box Office 2026 Predictions: Will ‘The Odyssey,’ ‘Avengers: Doomsday’ and a New ‘Star Wars’ Finally Propel Grosses Above $9 Billion? https://fed.brid.gy/r/https://variety.com/2026/film/news/box-office-2026-predictions-avengers-doomsday-spiderman-brand-new-day-odyssey-1236615235/",0,https://fed.brid.gy/r/https://variety.com/2026/film/news/box-office-2026-predictions-avengers-doomsday-spiderman-brand-new-day-odyssey-1236615235/,post,#SpiderManBrandNewDay
2026-01-04T10:05:49Z,Mastodon,galaxyaddicted.it@web.brid.gy,Grey Hulk potrebbe debuttare nel MCU: l’ipotesi per Spider-Man: Brand New Day https://fed.brid.gy/r/https://www.galaxyaddicted.it/2026/01/grey-hulk-debutto-mcu-spider-man-brand-new-day/,0,https://fed.brid.gy/r/https://www.galaxyaddicted.it/2026/01/grey-hulk-debutto-mcu-spider-man-brand-new-day/,post,#SpiderManBrandNewDay
2025-12-31T22:00:09Z,Mastodon,hollywoodreporter,The Most Anticipated Movies of 2026 #MovieFeatures #Movies #AvengersDoomsday #SpiderManBrandNewDay #TheOdyssey https://www.hollywoodreporter.com/lists/2026-new-movie-releases/,0,https://mastodon.social/@hollywoodreporter/115816425712419930,post,#SpiderManBrandNewDay
2025-12-30T08:49:40Z,Mastodon,galaxyaddicted.it@web.brid.gy,Spider-Man 4: una foto dal set riaccende i dubbi sul vero villain del film https://fed.brid.gy/r/https://www.galaxyaddicted.it/2025/12/spider-man-4-villain-misterioso-set/,0,https://fed.brid.gy/r/https://www.galaxyaddicted.it/2025/12/spider-man-4-villain-misterioso-set/,post,#SpiderManBrandNewDay
2025-12-27T10:40:06Z,Mastodon,TechNewsAR@mastodon.arabipro.social,توم هولاند: Spider-Man Brand New Day لا يعتبر الجزء الرابع للسلسة VGA4A - اخبار العاب الفيديو فيلم Spider-Man Brand New Day هو من أهم مشاريع مارفل في الوقت الحالي بعد غياب الرجل العنكبوت عن شاشات السينما منذ 2021، ولأن الفيلم سيرسم وجهة جديدة تمامًا لبيتر باركر الناضج، فلا يمكن على الأرجح اعتباره تكملة صريحة للثلاثية الماضية التي يقودها توم هولاند. في تصريحات من الممثل “توم هولاند”، فقد أعلنها صريحة أن Spider-Man … #Games #ألعاب # #SpiderManBrandNewDay https://www.vga4a.com/archives/299167,0,https://mastodon.arabipro.social/@TechNewsAR/115791102401956545,post,#SpiderManBrandNewDay
2025-12-21T10:36:13Z,Mastodon,TechNewsAR@mastodon.arabipro.social,تسريب إعلان فيلم Spider-Man Brand New Day على الانترنت VGA4A - اخبار العاب الفيديو تداول عدد من الأشخاص على الانترنت عرضًا دعائيًا لفيلم Spider-Man Brand New Day، وهو الفيلم الأبرز لمارفل والقادم خلال صيف 2026، وذلك التسريب يأتينا قبل صدور الإعلان الرسمي من مارفل، وإن كنت لا تريد معرفة تفاصيل عزيزي القارئ من الأفضل عدم المتابعة في قراءة التقرير. بحسب وصف متداول قبل حذف المقطع من المنصات، يبدأ الإعلان … #Games #ألعاب # #SpiderManBrandNewDay https://www.vga4a.com/archives/298821,0,https://mastodon.arabipro.social/@TechNewsAR/115757113255993311,post,#SpiderManBrandNewDay
2025-12-20T22:21:14Z,Mastodon,charlietvgeek@mast.lat,"#RUMOR Hay un nuevo rumor que dice que en la película de #SpiderManBrandNewDay aparte de los personajes de #ThePunisher y ""La Mano"" habría otro personaje más que viene de las series de #TheDefenders (época Netflix) y no, no es #Daredevil.",0,https://mast.lat/@charlietvgeek/115754223156454362,post,#SpiderManBrandNewDay
2025-12-20T02:15:07Z,Mastodon,hollywoodreporter,‘Spider-Man: Brand New Day’ Shooting Wraps #MovieNews #Movies #DestinDanielCretton #Marvel #MCU #Sony #SpiderMan #SpiderMan4 #SpiderManBrandNewDay #TomHolland https://www.hollywoodreporter.com/movies/movie-news/spider-man-brand-new-day-filming-wrap-tom-holland-1236455829/,0,https://mastodon.social/@hollywoodreporter/115749480538459512,post,#SpiderManBrandNewDay
2025-12-20T01:40:10Z,Mastodon,deadline,"‘Spider-Man: Brand New Day’ Wraps Filming, Director Destin Daniel Cretton Calls It His “Most Rewarding Film” #News #DestinDanielCretton #MCU #SpiderManBrandNewDay #TomHolland https://deadline.com/2025/12/spider-man-brand-new-day-wraps-filming-1236654246/",1,https://mastodon.social/@deadline/115749343124568394,post,#SpiderManBrandNewDay
2025-12-19T23:25:12Z,Mastodon,variety_feed,‘Spider-Man: Brand New Day’ Wraps Filming; Director Thanks Tom Holland for ‘Your Generous Leadership’ and ‘Relentless Work Ethic’ #Variety #News #DestinDanielCretton #Spiderman4 #SpiderManBrandNewDay #TomHolland https://variety.com/2025/film/news/spider-man-brand-new-day-wraps-filming-tom-holland-1236613190/,2,https://mastodon.social/@variety_feed/115748812356624937,post,#SpiderManBrandNewDay
2025-12-19T23:22:15Z,Mastodon,variety.com@web.brid.gy,‘Spider-Man: Brand New Day’ Wraps Filming; Director Thanks Tom Holland for ‘Your Generous Leadership’ and ‘Relentless Work Ethic’ https://fed.brid.gy/r/https://variety.com/2025/film/news/spider-man-brand-new-day-wraps-filming-tom-holland-1236613190/,1,https://fed.brid.gy/r/https://variety.com/2025/film/news/spider-man-brand-new-day-wraps-filming-tom-holland-1236613190/,post,#SpiderManBrandNewDay
2025-12-19T01:40:06Z,Mastodon,variety_feed,‘Severance’ Star Tramell Tillman on Being Cast in ‘Spider-Man: Brand New Day’ and His Message to LGBTQ Community Amid Political Attacks: ‘We Will Survive Because We Always Do’ #Variety #Columns #News #JustForVariety #Severance #SpiderManBrandNewDay #TramellTillman https://variety.com/2025/film/columns/severance-tramell-tillman-spider-man-brand-new-day-1236612324/,0,https://mastodon.social/@variety_feed/115743680523509885,post,#SpiderManBrandNewDay
2025-12-19T01:36:37Z,Mastodon,variety.com@web.brid.gy,‘Severance’ Star Tramell Tillman on Being Cast in ‘Spider-Man: Brand New Day’ and His Message to LGBTQ Community Amid Political Attacks: ‘We Will Survive Because We Always Do’ https://fed.brid.gy/r/https://variety.com/2025/film/columns/severance-tramell-tillman-spider-man-brand-new-day-1236612324/,1,https://fed.brid.gy/r/https://variety.com/2025/film/columns/severance-tramell-tillman-spider-man-brand-new-day-1236612324/,post,#SpiderManBrandNewDay
2025-12-17T09:56:55Z,Mastodon,in.mashable.com@web.brid.gy,Spider-Man: Brand New Day Trailer Leaked Online? Here’s Everything You Need To Know https://fed.brid.gy/r/https://in.mashable.com/entertainment/103657/spider-man-brand-new-day-trailer-leaked-online-heres-everything-you-need-to-know,0,https://fed.brid.gy/r/https://in.mashable.com/entertainment/103657/spider-man-brand-new-day-trailer-leaked-online-heres-everything-you-need-to-know,post,#SpiderManBrandNewDay
2025-12-17T06:19:10Z,Mastodon,galaxyaddicted.it@web.brid.gy,"Spider-Man 4, Sony corre ai ripari dopo il leak del trailer: cosa sta succedendo davvero https://fed.brid.gy/r/https://www.galaxyaddicted.it/2025/12/spider-man-4-trailer-leak-sony/",0,https://fed.brid.gy/r/https://www.galaxyaddicted.it/2025/12/spider-man-4-trailer-leak-sony/,post,#SpiderManBrandNewDay
2025-12-09T15:58:20Z,Mastodon,movizark@mastodon.world,"'Spider-Man: Brand New Day' Wraps Filming!! #JacobBatalon, #JonBernthal, #LizaColonZayas, #MarkRuffalo, #Marvel, #MarvinJonesIII, #MelanieScrofano, #MichaelMando, #SadieSink, #Sony, #SpiderMan4, #SpiderManBrandNewDay, #TomHolland, #TramellTillman, #Zendaya https://movizark.com/2025/12/09/spider-man-brand-new-day-wraps-filming/",1,https://mastodon.world/@movizark/115690432118812076,post,#SpiderManBrandNewDay
2025-12-08T16:45:14Z,Mastodon,indiegenius,Movie TV Tech Geeks #MovieNews #SpiderManBrandNewDay ‘Spider-Man: Brand New Day’ Receives Massive Filming Update Ahead of ‘Avengers: Doomsday’ Trailer Release http://dlvr.it/TPj4VF,0,https://mastodon.social/@indiegenius/115684954220254467,post,#SpiderManBrandNewDay
2025-12-07T09:33:37Z,Mastodon,galaxyaddicted.it@web.brid.gy,I film più attesi che potrebbero infrangere il box office 2026 https://fed.brid.gy/r/https://www.galaxyaddicted.it/2025/12/previsioni-per-il-box-office-del-2026-i-film-piu-attesi/,0,https://fed.brid.gy/r/https://www.galaxyaddicted.it/2025/12/previsioni-per-il-box-office-del-2026-i-film-piu-attesi/,post,#SpiderManBrandNewDay
2025-11-26T02:40:09Z,Mastodon,deadline,Sadie Sink On Rumors About Her ‘Spider-Man: Brand New Day’ & ‘Avengers: Secret Wars’ Character: “A Lot Of People Forget That Hair Color Can Change” #News #AvengersSecretWars #SadieSink #SpiderManBrandNewDay https://deadline.com/2025/11/sadie-sink-spider-man-brand-new-day-avengers-secret-wars-character-1236629174/,0,https://mastodon.social/@deadline/115613683519276189,post,#SpiderManBrandNewDay
2025-11-19T15:49:01Z,Mastodon,movizark@mastodon.world,"'Avengers: Secret Wars': Sadie Sink's Mysterious 'Spider-Man: Brand New Day' Character Will Reportedly Return in MCU Event Film!! #SadieSink, #AvengersSecretWars, #SpiderManBrandNewDay https://movizark.com/2025/11/19/avengers-secret-wars-sadie-sinks-mysterious-spider-man-brand-new-day-character-will-reportedly-return-in-mcu-event-film/",0,https://mastodon.world/@movizark/115577149278198755,post,#SpiderManBrandNewDay
2025-11-06T07:39:06Z,Mastodon,galaxyaddicted.it@web.brid.gy,Fantastici Quattro: Gli Inizi chiude ufficialmente la timeline del MCU su Disney+: un nuovo punto di partenza per la Multiverse Saga https://fed.brid.gy/r/https://www.galaxyaddicted.it/2025/11/marvel-timeline-fantastici-quattro-gli-inizi-fase-6/,0,https://fed.brid.gy/r/https://www.galaxyaddicted.it/2025/11/marvel-timeline-fantastici-quattro-gli-inizi-fase-6/,post,#SpiderManBrandNewDay
2025-10-29T21:53:24Z,Mastodon,indiegenius,Movie TV Tech Geeks #Movie #SpiderMan #SpiderManBrandNewDay 15 Comic Book Storylines Perfect for 'Spider-Man 4' http://dlvr.it/TNyNnl,0,https://mastodon.social/@indiegenius/115459673603736587,post,#SpiderManBrandNewDay
2025-10-26T09:42:03Z,Mastodon,galaxyaddicted.it@web.brid.gy,Tutti i film Marvel e DC in arrivo: dal ritorno di Spider-Man a Supergirl e Avengers: Doomsday https://fed.brid.gy/r/https://www.galaxyaddicted.it/2025/10/film-marvel-dc-2026-2027-supergirl-avengers-doomsday/,0,https://fed.brid.gy/r/https://www.galaxyaddicted.it/2025/10/film-marvel-dc-2026-2027-supergirl-avengers-doomsday/,post,#SpiderManBrandNewDay
2025-10-22T16:06:49Z,Mastodon,movizark@mastodon.world,"'Spider-Man: Brand New Day': Charlie Cox Confirms He Won't Be Appearing!! #CharlieCox, #SpiderManBrandNewDay, #Daredevil, #DaredevilBornAgain, #Marvel, #Sony, #SpiderMan https://movizark.com/2025/10/22/spider-man-brand-new-day-charlie-cox-confirms-he-wont-be-appearing/",0,https://mastodon.world/@movizark/115418674574517105,post,#SpiderManBrandNewDay
2025-10-21T15:19:43Z,Mastodon,indiegenius,Movie TV Tech Geeks #MovieNews #SpiderManBrandNewDay Charlie Cox Finally Reveals the Truth on His 'Spider-Man: Brand New Day' Status http://dlvr.it/TNpFfr,0,https://mastodon.social/@indiegenius/115412827085712326,post,#SpiderManBrandNewDay
2025-10-21T13:39:14Z,Mastodon,movizark@mastodon.world,"'Spider-Man: Brand New Day': New BTS Photos Tease Sadie Sink’s Mystery Character!! Check It Out!! #JacobBatalon, #JonBernthal, #LizaColonZayas, #MarkRuffalo, #Marvel, #MarvinJonesIII, #MelanieScrofano, #MichaelMando, #SadieSink, #Sony, #SpiderMan4, #SpiderManBrandNewDay, #TomHolland, #TramellTillman, #Zendaya https://movizark.com/2025/10/21/spider-man-brand-new-day-new-bts-photos-tease-sadie-sinks-mystery-character-check-it-out/",0,https://mastodon.world/@movizark/115412431940755702,post,#SpiderManBrandNewDay
2025-10-21T13:37:12Z,Mastodon,movizark@mastodon.world,"'Spider-Man: Brand New Day': New BTS Image Confirms the Appearance of Bruce Banner!! #JacobBatalon, #JonBernthal, #LizaColonZayas, #MarkRuffalo, #Marvel, #MarvinJonesIII, #MelanieScrofano, #MichaelMando, #SadieSink, #Sony, #SpiderMan4, #SpiderManBrandNewDay, #TomHolland, #TramellTillman, #Zendaya https://movizark.com/2025/10/21/spider-man-brand-new-day-new-bts-image-confirms-the-appearance-of-bruce-banner/",0,https://mastodon.world/@movizark/115412423938245264,post,#SpiderManBrandNewDay
2025-10-20T22:05:06Z,Mastodon,deadline,‘Daredevil’s Charlie Cox Addresses ‘Spider-Man: Brand New Day’ Cameo Rumors #News #CharlieCox #Daredevil #DaredevilBornAgain #Marvel #SpiderManBrandNewDay #TomHolland https://deadline.com/2025/10/daredevil-charlie-cox-spider-man-brand-new-day-cameo-rumors-1236592634/,0,https://mastodon.social/@deadline/115408758819655570,post,#SpiderManBrandNewDay
2025-10-14T05:40:18Z,Mastodon,phantastiknews,YouTube Tipp ▶️ #TomHolland Practices #SPIDERMAN Moves After On-Set Injury #SpiderManBrandNewDay https://youtu.be/2IdhKhCX5aE?si=VwyBHhntiJLf15vN,0,https://mastodon.social/@phantastiknews/115370912577498754,post,#SpiderManBrandNewDay
2025-10-12T17:37:17Z,Mastodon,movizark@mastodon.world,"'Avengers: Doomsday': Andrew Garfield Reaffirms He Won't Appear in MCU Event Film!! #AndrewGarfield, #AvengersDoomsday, #Marvel, #TheAmazingSpiderMan, #SpiderMan, #SpiderManBrandNewDay https://movizark.com/2025/10/12/avengers-doomsday-andrew-garfield-reaffirms-he-wont-appear-in-mcu-event-film/",0,https://mastodon.world/@movizark/115362407199144738,post,#SpiderManBrandNewDay
2025-10-02T17:08:42Z,Mastodon,indiegenius,Movie TV Tech Geeks #TVNews #TulsaKing #SpiderManBrandNewDay 'Tulsa King' Star Gives a Cryptic Answer About His 'Spider-Man: Brand New Day' Return http://dlvr.it/TNR511,0,https://mastodon.social/@indiegenius/115305671697357895,post,#SpiderManBrandNewDay
2025-09-30T15:37:34Z,Mastodon,movizark@mastodon.world,"Donald Trump Announces Massive 100% Tariff on Foreign-Made Movies!! #DonaldTrump, #AvengersDoomsday, #SpiderManBrandNewDay https://movizark.com/2025/09/30/donald-trump-announces-massive-100-tariff-on-foreign-made-movies/",0,https://mastodon.world/@movizark/115293988773984137,post,#SpiderManBrandNewDay
2025-09-27T23:05:03Z,Mastodon,variety_feed,Tom Holland Says He’s ‘On the Mend’ After ‘Spider-Man: Brand New Day’ Set Injury: ‘Feeling Better’ #Variety #News #Marvel #SpiderManBrandNewDay #TomHolland https://variety.com/2025/film/news/tom-holland-spider-man-brand-new-day-injury-feeling-better-1236533190/,1,https://mastodon.social/@variety_feed/115278761393475674,post,#SpiderManBrandNewDay
2025-09-27T23:00:10Z,Mastodon,variety.com@web.brid.gy,Tom Holland Says He’s ‘On the Mend’ After ‘Spider-Man: Brand New Day’ Set Injury: ‘Feeling Better’ https://fed.brid.gy/r/https://variety.com/2025/film/news/tom-holland-spider-man-brand-new-day-injury-feeling-better-1236533190/,1,https://fed.brid.gy/r/https://variety.com/2025/film/news/tom-holland-spider-man-brand-new-day-injury-feeling-better-1236533190/,post,#SpiderManBrandNewDay
2025-09-27T21:45:04Z,Mastodon,deadline,Tom Holland Says He’s “Feeling Better” After ‘Spider-Man’ Set Injury: “On The Mend” #News #Injuries #SpiderManBrandNewDay #TomHolland https://deadline.com/2025/09/tom-holland-feeling-better-spider-man-set-injury-1236558060/,0,https://mastodon.social/@deadline/115278446862480466,post,#SpiderManBrandNewDay
2025-09-25T01:43:46Z,Mastodon,theomenmedia,Tom Holland spills the beans on Spider-Man: Brand New Day! Get the full scoop right here: https://www.theomenmedia.com/post/tom-holland-s-insights-shape-spider-man-brand-new-day-into-a-must-see-movie Support The Omen Media for free by watching our advertiser’s video here: https://bit.ly/SupportTheOmenMedia #SpiderMan #BrandNewDay #MCU #SuperheroMovies #MovieNews #SpiderManBrandNewDay #TomHolland #DestinDanielCretton #SadieSink #Zendaya #JonBernthal #MichaelMando #TramellTillman #MarkRuffalo,0,https://mastodon.social/@theomenmedia/115262398577948414,post,#SpiderManBrandNewDay
2025-09-25T01:08:23Z,Mastodon,theomenmedia,Spider-Man: Brand New Day is back with Tom Holland’s stunt double! Exciting updates ahead. Dive into it right here: https://www.theomenmedia.com/post/spider-man-brand-new-day-resumes-filming-tom-holland-s-stunt-double-steps-up Support The Omen Media for free by watching our advertiser’s video here: https://bit.ly/SupportTheOmenMedia #SpiderMan #BrandNewDay #MCU #TomHolland #SuperheroMovies #MovieNews #SpiderManBrandNewDay #Zendaya #SadieSink #JacobBatalon #DestinDanielCretton #MarkRuffalo #JonBernthal,0,https://mastodon.social/@theomenmedia/115262259396559287,post,#SpiderManBrandNewDay
2025-09-24T20:54:11Z,Mastodon,gustavo_rebollar_angel@tkz.one,"El actor Marvin Jones III será quien interprete a Tombstone en #SpiderManBrandNewDay, y la elección es por demás adecuada :3. https://universo-nintendo.com.mx/2025/09/23/marvin-jones-iii-tombstone-spider-man-brand-new-day/",0,https://tkz.one/@gustavo_rebollar_angel/115261259841772343,post,#SpiderManBrandNewDay
2025-09-24T14:27:23Z,Mastodon,movizark@mastodon.world,"'Spider-Man: Brand New Day': Marvin Jones III Set to Portray Tombstone!! #MarvinJonesIII, #JacobBatalon, #JonBernthal, #LizaColonZayas, #MarkRuffalo, #Marvel, #MelanieScrofano, #MichaelMando, #SadieSink, #Sony, #SpiderMan4, #SpiderManBrandNewDay, #TomHolland, #TramellTillman, #Zendaya https://movizark.com/2025/09/24/spider-man-brand-new-day-marvin-jones-iii-set-to-portray-tombstone/",0,https://mastodon.world/@movizark/115259738944671426,post,#SpiderManBrandNewDay
2025-09-24T06:29:16Z,Mastodon,theomenmedia,"Hulk joins Spider-Man in Brand New Day! But, what role is he exactly going to play in this flick? Our theories may get you thinking! Dive into them right here: https://www.theomenmedia.com/post/spider-man-brand-new-day-unveiled-exploring-mark-ruffalo-s-hulk-role-in-the-marvel-saga Get ready for an epic crossover. Support The Omen Media for free by watching our advertiser’s video here: https://bit.ly/SupportTheOmenMedia #SpiderManBrandNewDay #Marvel #MCU #Hulk #SpiderMan #SuperheroMovies #TomHolland #DestinDanielCretton #MarkRuffalo #JonBernthal #SaideSink #TramellTillman",0,https://mastodon.social/@theomenmedia/115257858872177329,post,#SpiderManBrandNewDay
2025-09-24T02:05:33Z,Mastodon,theomenmedia,Tombstone is coming to Spider-Man Brand New Day with Marvin Jones III! Epic vibes ahead! Get the full scoop right here: https://www.theomenmedia.com/post/spider-man-brand-new-day-marvin-jones-iii-brings-tombstone-to-life-in-tom-holland-s-next-adventure #SpiderManBrandNewDay #Marvel #MCU #Tombstone #SuperheroMovies #TomHolland #DestinDanielCretton #MarvinJonesIII #JonBernthal #MarkRuffalo #CastingNews #ComingSoon #MarvelStudios #BrandNewDay #MrNegative,0,https://mastodon.social/@theomenmedia/115256821917964970,post,#SpiderManBrandNewDay
2025-09-23T18:27:16Z,Mastodon,indiegenius,Movie TV Tech Geeks #MovieNews #SpiderManBrandNewDay #TomHolland #MCU 'Into the Spider-Verse' Villain Sets Live-Action Debut in 'Spider-Man: Brand New Day' http://dlvr.it/TNFXKB,0,https://mastodon.social/@indiegenius/115255019889659855,post,#SpiderManBrandNewDay
2025-09-23T17:40:24Z,Mastodon,deadline,Marvin Jones III To Play Crime Boss Tombstone In ‘Spider-Man: Brand New Day’ #Casting #Marvel #MarvinJonesIII #Sony #SpiderManBrandNewDay https://deadline.com/2025/09/spider-man-brand-new-day-casts-marvin-jones-iii-tombstone-1236553455/,0,https://mastodon.social/@deadline/115254835571336764,post,#SpiderManBrandNewDay
2025-09-23T05:39:14Z,Mastodon,phantastiknews,YouTube Tipp ▶️ #SpiderManBrandNewDay stellt Produktion vollständig ein https://youtu.be/zsulF4hqlXY?si=6uoqj0wKTIk2_wAe,0,https://mastodon.social/@phantastiknews/115251999853375156,post,#SpiderManBrandNewDay
2025-09-22T20:40:17Z,Mastodon,TheManyVoices,"🚨 #BreakingNews #TomHolland was injured while doing stunts on the set of #SpidermanBrandNewDay in #Glasgow #Scotland . Holland suffered a mild concussion and is expected to fully recover, but filming is being shut down for a few days out of an abundance of caution. #InProduction #NowFilming #Marvel #MCU #MarvelMovies #MarvelMovies #SpiderMan #SpidermanMovies #MovieNews #Movies #HollywoodNews #ComingSoon",4,https://mastodon.social/@TheManyVoices/115249880597016594,post,#SpiderManBrandNewDay
2025-09-22T20:33:20Z,Mastodon,movizark@mastodon.world,"'Spider-Man: Brand New Day' Filming Stalled as Tom Holland Suffers Injury!! #JacobBatalon, #JonBernthal, #LizaColonZayas, #MarkRuffalo, #Marvel, #MelanieScrofano, #MichaelMando, #SadieSink, #Sony, #SpiderMan4, #SpiderManBrandNewDay, #TomHolland, #TramellTillman, #Zendaya https://movizark.com/2025/09/23/spider-man-brand-new-day-filming-stalled-as-tom-holland-suffers-injury/",1,https://mastodon.world/@movizark/115249853290088412,post,#SpiderManBrandNewDay
2025-09-22T20:00:19Z,Mastodon,hollywoodreporter,Tom Holland to Return to ‘Spider-Man’ Set Next Week After Injury #MovieNews #Movies #SpiderManBrandNewDay #TomHolland https://www.hollywoodreporter.com/movies/movie-news/tom-holland-returns-to-spider-man-set-injury-1236377369/,0,https://mastodon.social/@hollywoodreporter/115249723411771293,post,#SpiderManBrandNewDay
2025-09-22T20:00:08Z,Mastodon,variety_feed,‘Spider-Man: Brand New Day’ Pausing Production for Week Following Tom Holland’s Concussion #Variety #News #SpiderMan #SpiderManBrandNewDay #TomHolland https://variety.com/2025/film/news/spider-man-brand-new-day-tom-holland-concussion-delays-production-1236526495/,0,https://mastodon.social/@variety_feed/115249722731259208,post,#SpiderManBrandNewDay
2025-09-22T19:58:33Z,Mastodon,variety.com@web.brid.gy,‘Spider-Man: Brand New Day’ Pausing Production for a Week Following Tom Holland’s Concussion https://fed.brid.gy/r/https://variety.com/2025/film/news/spider-man-brand-new-day-tom-holland-concussion-delays-production-1236526495/,0,https://fed.brid.gy/r/https://variety.com/2025/film/news/spider-man-brand-new-day-tom-holland-concussion-delays-production-1236526495/,post,#SpiderManBrandNewDay
2025-09-22T19:45:12Z,Mastodon,deadline,"‘Spider-Man: Brand New Day’ Production Paused For Week Due To Tom Holland Concussion, Filming To Resume Monday #News #SpiderManBrandNewDay #TomHolland https://deadline.com/2025/09/spider-man-brand-new-day-pause-tom-holland-return-1236552600/",0,https://mastodon.social/@deadline/115249663979007568,post,#SpiderManBrandNewDay
2025-09-22T11:13:33Z,Mastodon,actuanews.fr@actuanews.fr,"Tom Holland blessé sur le tournage de Spider-Man: Brand New Day et transporté d’urgence à l’hôpital L’acteur britannique Tom Holland, interprète iconique de l’homme-araignée, a été victime d’une légère commotion cérébrale sur le plateau écossais de Spider-Man: Brand New Day. Le tournage a été temporairement suspendu, mais la star de Marvel devrait reprendre le chemin des caméras d’ici quelques jours. Une blessure qui interrompt momentanément le tournage Un accident survenu lors d’une cascade Vendredi dernier, Tom Holland a été hospitalisé à la suite d’un incident survenu lors d’une scène d’action tournée à Glasgow. Selon plusieurs sources, il s’agirait d’un accident de cascade qui aurait entraîné une commotion légère. Si la production a immédiatement suspendu le tournage, les proches de l’acteur se veulent rassurants : il devrait revenir très prochainement sur le plateau. Une pause par mesure de précaution D’après un communiqué relayé par Deadline, l’arrêt de travail n’est qu’une préca",1,https://actuanews.fr/2025/09/22/tom-holland-blesse-sur-le-tournage-de-spider-man-brand-new-day-et-transporte-durgence-a-lhopital/,post,#SpiderManBrandNewDay
2025-09-22T01:35:37Z,Mastodon,indiegenius,Movie TV Tech Geeks #MovieNews #SpiderManBrandNewDay #TomHolland #MCU Tom Holland Injured as 'Spider-Man: Brand New Day' Filming Hit With Massive Blow http://dlvr.it/TNCc70,0,https://mastodon.social/@indiegenius/115245379564979216,post,#SpiderManBrandNewDay
2025-09-22T01:20:06Z,Mastodon,variety_feed,"Tom Holland Suffers Concussion on ‘Spider-Man: Brand New Day’ Set, Pauses Filming #Variety #News #SpiderManBrandNewDay #TomHolland https://variety.com/2025/film/news/tom-holland-concussion-spider-man-brand-new-day-1236525814/",0,https://mastodon.social/@variety_feed/115245318562007512,post,#SpiderManBrandNewDay
2025-09-22T01:18:40Z,Mastodon,variety.com@web.brid.gy,"Tom Holland Suffers Concussion on ‘Spider-Man: Brand New Day’ Set, Pauses Filming https://fed.brid.gy/r/https://variety.com/2025/film/news/tom-holland-concussion-spider-man-brand-new-day-1236525814/",0,https://fed.brid.gy/r/https://variety.com/2025/film/news/tom-holland-concussion-spider-man-brand-new-day-1236525814/,post,#SpiderManBrandNewDay
2025-09-22T01:10:08Z,Mastodon,hollywoodreporter,"Tom Holland Suffers Concussion on ‘Spider-Man’ Set, Takes Break from Filming #MovieNews #Movies #SpiderManBrandNewDay https://www.hollywoodreporter.com/movies/movie-news/tom-holland-suffers-concussion-spider-man-set-1236377062/",0,https://mastodon.social/@hollywoodreporter/115245279398196951,post,#SpiderManBrandNewDay
2025-09-22T01:05:13Z,Mastodon,deadline,"Tom Holland Suffers Concussion On ‘Spider-Man: Brand New Day’ Set, Will Return To Filming Soon #News #Injuries #MCU #Sony #SpiderManBrandNewDay #TomHolland https://deadline.com/2025/09/tom-holland-hospitalized-spider-man-brand-new-day-1236552019/",0,https://mastodon.social/@deadline/115245260037909389,post,#SpiderManBrandNewDay
2025-09-22T01:00:06Z,Mastodon,deadline,"Tom Holland Suffered Concussion On ‘Spider-Man: Brand New Day’ Set, Will Return To Filming Soon #News #Injuries #MCU #Sony #SpiderManBrandNewDay #TomHolland https://deadline.com/2025/09/tom-holland-hospitalized-spider-man-brand-new-day-stunt-1236552019/",0,https://mastodon.social/@deadline/115245239937880538,post,#SpiderManBrandNewDay
2025-09-21T17:59:33Z,Mastodon,indiegenius,Movie TV Tech Geeks #MovieNews #TomHolland #SpiderManBrandNewDay Tom Holland Reveals How Tobey Maguire and Andrew Garfield Are Involved in ‘Spider-Man: Brand New Day’ http://dlvr.it/TNCPG3,0,https://mastodon.social/@indiegenius/115243586278665416,post,#SpiderManBrandNewDay
2025-09-21T12:01:03Z,Mastodon,teasertrailer,"Spider-Man: Brand New Day https://teaser-trailer.com/movie/spider-man-brand-new-day/ Release date: July 31, 2026 (in theaters) #SpiderManBrandNewDay #SpiderManBrandNewDayMovie #TomHolland",1,https://mastodon.social/@teasertrailer/115242176582197554,post,#SpiderManBrandNewDay
2025-09-13T12:08:12Z,Mastodon,movizark@mastodon.world,"'Spider-Man: Brand New Day': New BTS Photo Reunites Tom Holland, Zendaya and Jacob Batalon!! Check It Out!! #JacobBatalon, #JonBernthal, #LizaColonZayas, #MarkRuffalo, #Marvel, #MelanieScrofano, #MichaelMando, #SadieSink, #Sony, #SpiderMan4, #SpiderManBrandNewDay, #TomHolland, #TramellTillman, #Zendaya https://movizark.com/2025/09/13/spider-man-brand-new-day-new-bts-photo-reunites-tom-holland-zendaya-and-jacob-batalon-check-it-out/",0,https://mastodon.world/@movizark/115196906225749119,post,#SpiderManBrandNewDay
2025-09-12T17:22:48Z,Mastodon,indiegenius,Movie TV Tech Geeks #MovieNews #SpiderManBrandNewDay #Zendaya Two Spider-Man Fan Favorites Reunite With Tom Holland in Latest 'Brand New Day' Set Image http://dlvr.it/TN2h5r,0,https://mastodon.social/@indiegenius/115192480985893672,post,#SpiderManBrandNewDay
2025-09-09T20:55:06Z,Mastodon,variety_feed,Tom Holland Says ‘I Probably Get a New’ Spider-Man Suit ‘Every Two Weeks’ Because ‘It Definitely Does’ Gets Musty in There #Variety #News #SpiderManBrandNewDay #TomHolland https://variety.com/2025/film/news/tom-holland-spider-man-suit-new-every-two-weeks-1236512740/,0,https://mastodon.social/@variety_feed/115176328826146776,post,#SpiderManBrandNewDay
2025-09-09T06:04:46Z,Mastodon,theomenmedia,Tobey Maguire spotted in London! Is he suiting up for Spider-Man: Brand New Day or Avengers: Doomsday? Dive into our breakdown of the clues and probabilities! Dive in right here: https://www.theomenmedia.com/post/tobey-maguire-s-london-sighting-sparks-spider-man-brand-new-day-and-avengers-doomsday-speculation Support The Omen Media for free by watching our advertiser’s video: https://bit.ly/SupportTheOmenMedia #Marvel #SpiderMan #TobeyMaguire #MCUMultiverse #AvengersDoomsday #SpiderManBrandNewDay #MCU #MarvelCinematicUniverse #PeterParker #MultiverseSaga,0,https://mastodon.social/@theomenmedia/115172827891484974,post,#SpiderManBrandNewDay
2025-09-05T18:18:50Z,Mastodon,ArchivosDCU,"#News | Mark Ruffalo dice que está emocionado de interpretar a Hulk con The Punisher de Jon Bernthal en ' #SpiderManBrandNewDay :' Interpreta a ese personaje como nadie. ¡Tengo muchísimas ganas de conocerlo! ¡Nunca lo había conocido! Fuente: @thr (https://www.hollywoodreporter.com/movies/movie-news/mark-ruffalo-spider-man-brand-new-day-jon-bernthal-punisher-1236361976/), @DiscussingFilm (https://x.com/DiscussingFilm/status/1963982765772111964)",0,https://mastodon.social/@ArchivosDCU/115153065088159362,post,#SpiderManBrandNewDay
2025-09-05T18:18:44Z,Mastodon,ArchivosDCU@c.im,"#News | Mark Ruffalo dice que está emocionado de interpretar a Hulk con The Punisher de Jon Bernthal en ' #SpiderManBrandNewDay :' Interpreta a ese personaje como nadie. ¡Tengo muchísimas ganas de conocerlo! ¡Nunca lo había conocido! Fuente: @thr (https://www.hollywoodreporter.com/movies/movie-news/mark-ruffalo-spider-man-brand-new-day-jon-bernthal-punisher-1236361976/), @DiscussingFilm (https://x.com/DiscussingFilm/status/1963982765772111964)",0,https://c.im/@ArchivosDCU/115153064719642280,post,#SpiderManBrandNewDay
2025-09-05T16:44:52Z,Mastodon,variety_feed,Mark Ruffalo Says ‘I’m Still Waiting to Hear’ About Hulk Return in ‘Spider-Man: Brand New Day’: ‘I Don’t Know. I Haven’t Read a Script Yet’ #Variety #News #MarkRuffalo #MarvelStudios #SpiderManBrandNewDay https://variety.com/2025/film/news/mark-ruffalo-hulk-spider-man-brand-new-day-no-script-1236509189/,0,https://mastodon.social/@variety_feed/115152695647263133,post,#SpiderManBrandNewDay
2025-09-05T16:36:14Z,Mastodon,variety.com@web.brid.gy,Mark Ruffalo Says ‘I’m Still Waiting to Hear’ About Hulk Return in ‘Spider-Man: Brand New Day’: ‘I Don’t Know. I Haven’t Read a Script Yet’ https://fed.brid.gy/r/https://variety.com/2025/film/news/mark-ruffalo-hulk-spider-man-brand-new-day-no-script-1236509189/,0,https://fed.brid.gy/r/https://variety.com/2025/film/news/mark-ruffalo-hulk-spider-man-brand-new-day-no-script-1236509189/,post,#SpiderManBrandNewDay
2025-09-05T16:17:32Z,Mastodon,indiegenius,Movie TV Tech Geeks #MovieNews #SpiderManBrandNewDay #MarkRuffalo This ‘Spider-Man: Brand New Day’ Star Has No Idea If He’s Actually in the Movie http://dlvr.it/TMvLwG,0,https://mastodon.social/@indiegenius/115152588130797747,post,#SpiderManBrandNewDay
2025-09-05T15:19:44Z,Mastodon,indiegenius,Movie TV Tech Geeks #MovieNews #SpiderManBrandNewDay #MCU Tom Holland Confirms the Plot of ‘Spider-Man: Brand New Day’ Is Based on Fan Internet Comments http://dlvr.it/TMvHS2,0,https://mastodon.social/@indiegenius/115152360878327111,post,#SpiderManBrandNewDay
2025-09-05T15:10:09Z,Mastodon,hollywoodreporter,Mark Ruffalo Hasn’t Seen a ‘Spider-Man: Brand New Day’ Script Yet but “Can’t Wait to Work With” Jon Bernthal’s Punisher #MovieNews #Movies #JonBernthal #MarkRuffalo #Marvel #MCU #SpiderMan4 #SpiderManBrandNewDay #TomHolland https://www.hollywoodreporter.com/movies/movie-news/mark-ruffalo-spider-man-brand-new-day-jon-bernthal-punisher-1236361976/,0,https://mastodon.social/@hollywoodreporter/115152323201633752,post,#SpiderManBrandNewDay
2025-09-04T22:55:05Z,Mastodon,hollywoodreporter,Tom Holland Scoured the Internet to “Understand” What “Fans Want” in ‘Spider-Man: Brand New Day’ #MovieNews #Movies #SpiderMan #SpiderMan4 #SpiderManBrandNewDay https://www.hollywoodreporter.com/movies/movie-news/tom-holland-spider-man-internet-fan-opinions-brand-new-day-1236361836/,0,https://mastodon.social/@hollywoodreporter/115148489061077565,post,#SpiderManBrandNewDay
2025-09-04T21:20:07Z,Mastodon,variety_feed,Tom Holland Is Using the Internet to ‘Understand What Fans Want’ to See in ‘Spider-Man: Brand New Day’: ‘That’s Been My Driving Force in Pitch Meetings’ #Variety #News #MarvelStudios #SpiderManBrandNewDay #TomHolland https://variety.com/2025/film/news/tom-holland-internet-spider-man-brand-new-day-research-1236508064/,0,https://mastodon.social/@variety_feed/115148115624156995,post,#SpiderManBrandNewDay
2025-09-02T23:30:07Z,Mastodon,variety_feed,Tom Holland Says Christopher Nolan’s ‘The Odyssey’ Is the ‘Best Script I’ve Ever Read’ and Filming Fourth ‘Spider-Man’ Movie Feels ‘Like the First Time’ #Variety #News #ChristopherNolan #SpiderManBrandNewDay #TheOdyssey #TomHolland https://variety.com/2025/film/news/tom-holland-the-odyssey-best-script-christopher-nolan-1236505403/,0,https://mastodon.social/@variety_feed/115137302187825825,post,#SpiderManBrandNewDay
2025-08-28T06:13:27Z,Mastodon,ArchivosDCU,"#News | El actor chino #JackieChan comentó para medio asiatico que su equipo de escenas de acción está trabajando en el set de #SpiderManBrandNewDay. Fuente: @DiscussingFilm (https://x.com/DiscussingFilm/status/1960706196991529383?t=qI-n0voxMII9JlOJPlrG_w&s=19), hk01.com (https://www.hk01.com/%E9%9B%BB%E5%BD%B1/60269658/%E6%8D%95%E9%A2%A8%E8%BF%BD%E5%BD%B1-%E6%88%90%E9%BE%8D%E7%88%86%E4%B8%83%E5%B0%8F%E7%A6%8F%E6%88%90%E5%93%A1%E6%88%B2%E4%BB%BD%E8%A2%AB%E5%85%A8%E5%88%AA-%E5%8F%AB%E5%B0%8E%E6%BC%94%E4%B8%80%E5%AE%9A%E7%95%99%E7%95%AA%E5%85%A9%E5%80%8B%E9%8F%A1%E9%A0%AD)",0,https://mastodon.social/@ArchivosDCU/115104914286296935,post,#SpiderManBrandNewDay
2025-08-28T06:13:19Z,Mastodon,ArchivosDCU@c.im,"#News | El actor chino #JackieChan comentó para medio asiatico que su equipo de escenas de acción está trabajando en el set de #SpiderManBrandNewDay. Fuente: @DiscussingFilm (https://x.com/DiscussingFilm/status/1960706196991529383?t=qI-n0voxMII9JlOJPlrG_w&s=19), hk01.com (https://www.hk01.com/%E9%9B%BB%E5%BD%B1/60269658/%E6%8D%95%E9%A2%A8%E8%BF%BD%E5%BD%B1-%E6%88%90%E9%BE%8D%E7%88%86%E4%B8%83%E5%B0%8F%E7%A6%8F%E6%88%90%E5%93%A1%E6%88%B2%E4%BB%BD%E8%A2%AB%E5%85%A8%E5%88%AA-%E5%8F%AB%E5%B0%8E%E6%BC%94%E4%B8%80%E5%AE%9A%E7%95%99%E7%95%AA%E5%85%A9%E5%80%8B%E9%8F%A1%E9%A0%AD)",0,https://c.im/@ArchivosDCU/115104913768848269,post,#SpiderManBrandNewDay
2025-08-21T21:55:16Z,Mastodon,indiegenius,Movie TV Tech Geeks #MovieFeatures #SpiderManBrandNewDay #Severance 'Spider-Man: Brand New Day' Just Cast the Perfect MCU Green Goblin in a Mysterious Role http://dlvr.it/TMclfQ,0,https://mastodon.social/@indiegenius/115068981485783702,post,#SpiderManBrandNewDay
2025-08-21T16:07:52Z,Mastodon,movizark@mastodon.world,"'Spider-Man: Brand New Day' Adds 'Severance' Star Tramell Tillman!! #TramellTillman, #JacobBatalon, #JonBernthal, #LizaColonZayas, #MarkRuffalo, #Marvel, #MelanieScrofano, #MichaelMando, #SadieSink, #Sony, #SpiderMan4, #SpiderManBrandNewDay, #TomHolland, #Zendaya https://movizark.com/2025/08/21/spider-man-brand-new-day-adds-severance-star-tramell-tillman/",0,https://mastodon.world/@movizark/115067615463794568,post,#SpiderManBrandNewDay
2025-08-21T15:15:52Z,Mastodon,indiegenius,"Movie TV Tech Geeks #MovieFeatures #SpiderManBrandNewDay Sorry, but These Paparazzi Photos Are Ruining Movies With Spoilers http://dlvr.it/TMcQtt",0,https://mastodon.social/@indiegenius/115067411023714423,post,#SpiderManBrandNewDay
2025-08-20T21:12:51Z,Mastodon,indiegenius,Movie TV Tech Geeks #MovieNews #SpiderManBrandNewDay #TomHolland 'Spider-Man: Brand New Day' Recruits Everybody's Favorite 'Severance' Scene-Stealer http://dlvr.it/TMbgJR,0,https://mastodon.social/@indiegenius/115063152377041864,post,#SpiderManBrandNewDay
2025-08-20T21:05:14Z,Mastodon,variety_feed,Tramell Tillman Joins ‘Spider-Man: Brand New Day’ (EXCLUSIVE) #Variety #News #SpiderManBrandNewDay #TramellTillman https://variety.com/2025/film/news/tramell-tillman-spider-man-brand-new-day-1236493296/,0,https://mastodon.social/@variety_feed/115063122429815856,post,#SpiderManBrandNewDay
2025-08-19T14:14:54Z,Mastodon,sarnadas@mastodon.art,This idea for a poster for the new Spider-Man popped in my head last night right before bed. Had to see if I could bring it to life. Does it work? #SpiderManBrandNewDay #spiderman #posterdesign #movieposter #filmposter #keyart #marvel #mcu #digitalart #nunosarnadas #humanartist,1,https://mastodon.art/@sarnadas/115055846660317963,post,#SpiderManBrandNewDay
2025-08-18T22:43:53Z,Mastodon,theomenmedia,"Get the latest scoop on Spider-Man: Brand New Day! Filming is underway with Tom Holland, Jon Bernthal’s Punisher, and new villains like Scorpion. Check out our full breakdown right here! Dive in right here: https://www.theomenmedia.com/post/spider-man-brand-new-day-latest-updates-on-marvel-s-next-blockbuster Support The Omen Media for free by watching our advertiser’s video: https://bit.ly/SupportTheOmenMedia #MCU #MarvelMovies #TomHolland #Punisher #SpiderManBrandNewDay #MarvelStudios #SpiderMan #MCUPhase6 #SuperheroMovies #DestinDanielCretton #JonBernthal #SadieSink #Zendaya",0,https://mastodon.social/@theomenmedia/115052185770277637,post,#SpiderManBrandNewDay
2025-08-17T08:33:31Z,Mastodon,LadyMandona@mas.to,"#Edinburgh2025 day 2.1 aka Glasgow friki: Legoooo!, the wrong colour, Ted Lasso Funko!, Tardis 1, Tartan G, APELESTOOOOR, Photobooth x2, Tardis 2 (buscando las llaves?), no barking, a puntito de llevarme el del capi, mosaico en la estación, wee!, rodaje de #SpidermanBrandNewDay (de palo 🤪), I resisted, el señor del cono en la cabeza, 850 years ago, Tardis 3, Tardis 4, bus desubicao 🤣 https://www.instagram.com/p/DNcxW8Ss-ce/",1,https://mas.to/@LadyMandona/115043179666592334,post,#SpiderManBrandNewDay
2025-08-13T22:36:28Z,Mastodon,sarnadas@mastodon.art,"Here is my concept teaser poster for ""Spider-Man: Brand New Day"". #SpiderManBrandNewDay #spiderman #posterdesign #movieposter #filmposter #keyart #marvel #mcu #digitalart #nunosarnadas #humanartist",0,https://mastodon.art/@sarnadas/115023845031440430,post,#SpiderManBrandNewDay
2025-08-13T10:45:10Z,Mastodon,theomenmedia,Sadie Sink as Gwen Stacy in Spider-Man: Brand New Day? The rumor mill is spinning with excitement! Dive into the multiversal buzz and what it means for Spidey’s next adventure. Dive in right here: https://www.theomenmedia.com/post/sadie-sink-as-gwen-stacy-in-spider-man-brand-new-day-a-web-of-exciting-rumors Support The Omen Media for free by watching our advertiser’s video: https://bit.ly/SupportTheOmenMedia #SpiderManBrandNewDay #SadieSink #GwenStacy #MCU #MarvelMovies #SpiderMan4 #Multiverse #TomHolland #MarvelCinematicUniverse #SpiderGwen,0,https://mastodon.social/@theomenmedia/115021048100382683,post,#SpiderManBrandNewDay
2025-08-12T19:27:08Z,Mastodon,movizark@mastodon.world,"'Spider-Man: Brand New Day' May Probably Introduce Venom to the MCU!! #JacobBatalon, #JonBernthal, #LizaColonZayas, #MarkRuffalo, #Marvel, #MelanieScrofano, #MichaelMando, #SadieSink, #Sony, #SpiderMan4, #SpiderManBrandNewDay, #TomHolland, #Zendaya https://movizark.com/2025/08/12/spider-man-brand-new-day-may-probably-introduce-venom-to-the-mcu/",0,https://mastodon.world/@movizark/115017438260210175,post,#SpiderManBrandNewDay
2025-08-12T07:13:06Z,Mastodon,theomenmedia,Tom Holland swings back into action in the epic Spider-Man: Brand New Day behind-the-scenes video! Check out his wild tank stunt and new suit. Dive in right here: https://www.theomenmedia.com/post/spider-man-brand-new-day-tom-holland-s-first-day-on-set-revealed-in-epic-behind-the-scenes-video Support The Omen Media for free by watching our advertiser’s video: https://bit.ly/SupportTheOmenMedia #SpiderMan4 #TomHolland #MarvelMovies #MCUFilm #BehindTheScenes #SpiderManBrandNewDay #MarvelCinematicUniverse #SuperheroMovies #FilmNews #ActionFilms,0,https://mastodon.social/@theomenmedia/115014551874951152,post,#SpiderManBrandNewDay
2025-08-11T14:35:13Z,Mastodon,movizark@mastodon.world,"'Spider-Man: Brand New Day': New BTS Video Finds Tom Holland Back in Action!! Check It Out!! #JacobBatalon, #JonBernthal, #LizaColonZayas, #MarkRuffalo, #Marvel, #MelanieScrofano, #MichaelMando, #SadieSink, #Sony, #SpiderMan4, #SpiderManBrandNewDay, #TomHolland, #Zendaya https://movizark.com/2025/08/11/spider-man-brand-new-day-new-bts-video-finds-tom-holland-back-in-action-check-it-out/",0,https://mastodon.world/@movizark/115010628070522296,post,#SpiderManBrandNewDay
2025-08-11T14:34:02Z,Mastodon,movizark@mastodon.world,"'Spider-Man: Brand New Day' Adds 'Wynonna Earp' Star Melanie Scrofano!! #MelanieScrofano, #JacobBatalon, #JonBernthal, #LizaColonZayas, #MarkRuffalo, #Marvel, #MichaelMando, #SadieSink, #Sony, #SpiderMan4, #SpiderManBrandNewDay, #TomHolland, #Zendaya https://movizark.com/2025/08/11/spider-man-brand-new-day-adds-wynonna-earp-star-melanie-scrofano/",0,https://mastodon.world/@movizark/115010623387125915,post,#SpiderManBrandNewDay
2025-08-10T16:50:05Z,Mastodon,hollywoodreporter,Tom Holland Recaps First Day Back in Spider-Man Suit for ‘Brand New Day’: “It Feels Different This Time” #MovieNews #Movies #Marvel #MCU #SpiderMan4 #SpiderManBrandNewDay #TomHolland https://www.hollywoodreporter.com/movies/movie-news/tom-holland-recaps-first-day-spider-man-suit-brand-new-day-1236341159/,0,https://mastodon.social/@hollywoodreporter/115005496074637451,post,#SpiderManBrandNewDay
2025-08-10T16:20:14Z,Mastodon,deadline,Tom Holland Begins Filming ‘Spider-Man: Brand New Day’ In Glasgow: “Feels Different This Time” #News #MCU #SpiderMan #SpiderManBrandNewDay #TomHolland https://deadline.com/2025/08/tom-holland-begins-filming-spider-man-brand-new-day-glasgow-1236483129/,0,https://mastodon.social/@deadline/115005378676936356,post,#SpiderManBrandNewDay
2025-08-10T15:40:54Z,Mastodon,variety_feed,"‘Spider-Man: Brand New Day’ Footage Shows Tom Holland Riding a Tank, High-Fiving Fans #Variety #News #SpiderManBrandNewDay #TomHolland https://variety.com/2025/film/news/spider-man-brand-new-day-footage-tom-holland-tank-1236486147/",1,https://mastodon.social/@variety_feed/115005224002313040,post,#SpiderManBrandNewDay
2025-08-07T10:36:14Z,Mastodon,theurbanherald,"Tom Holland's Spider-Man suits up again in Brand New Day! Catch a sneak peek of him swinging through NYC streets, cables and all. Ready for the next epic ride? Spider-Man returns July 31, 2026! #SpiderManBrandNewDay #SpiderMan #BrandNewDay #TomHolland #MCU #Marvel #MarvelStudios",0,https://mastodon.social/@theurbanherald/114987039107905071,post,#SpiderManBrandNewDay
2025-08-06T13:40:07Z,Mastodon,MovieInfos,Der Hulk stößt zu #SpiderManBrandNewDay. #movies #movieinfos https://www.movie-infos.net/cms/News/7777-Der-Hulk-mischt-bei-Spider-Man-Brand-New-Day-mit/,0,https://mastodon.social/@MovieInfos/114982099825368898,post,#SpiderManBrandNewDay
2025-08-06T00:13:30Z,Mastodon,ArchivosDCU,"#News #Rumores | ¿Qué fue lo que vimos en la filtración de @Arach_07? @AlexFromCC y @DanielRPK en referencia a lo de #MrNegative y los #InnerDemons ponen en duda su aparición en #SpiderManBrandNewDay. Fuente: @MCUFilmNews, @DanielRPK, @AlexFromCC (https://x.com/MCUFilmNews/status/1952750080899084323?t=8tyH3gvYee-onRiNyg0-ZQ&s=19)",0,https://mastodon.social/@ArchivosDCU/114978928097063153,post,#SpiderManBrandNewDay
2025-08-06T00:13:27Z,Mastodon,ArchivosDCU@c.im,"#News #Rumores | ¿Qué fue lo que vimos en la filtración de @Arach_07? @AlexFromCC y @DanielRPK en referencia a lo de #MrNegative y los #InnerDemons ponen en duda su aparición en #SpiderManBrandNewDay. Fuente: @MCUFilmNews, @DanielRPK, @AlexFromCC (https://x.com/MCUFilmNews/status/1952750080899084323?t=8tyH3gvYee-onRiNyg0-ZQ&s=19)",0,https://c.im/@ArchivosDCU/114978927888469199,post,#SpiderManBrandNewDay
2025-08-05T20:00:54Z,Mastodon,RollingStoneES,Se confirma el reparto de Spider-Man: Brand New Day | #RollingStoneES https://es.rollingstone.com/se-confirma-el-reparto-de-spider-man-brand-new-day/ #cine #cineytv #marvel #reparto #spidermanbrandnewday #tomholland,0,https://mastodon.social/@RollingStoneES/114977934834854731,post,#SpiderManBrandNewDay
2025-08-04T07:44:05Z,Mastodon,TechTainmentOra,Tom Holland shares something exciting from 'Spider-Man: Brand New Day' https://youtu.be/v1nhwvFTdIU #TomHolland #SpiderManBrandNewDay #SpiderMan #SpiderMan4,0,https://mastodon.social/@TechTainmentOra/114969375217703051,post,#SpiderManBrandNewDay
2025-08-04T01:15:06Z,Mastodon,hollywoodreporter,Tom Holland Teases ‘Spider-Man: Brand New Day’ With Behind the Scenes Set Photos #MovieNews #Movies #MCU #SpiderMan #SpiderMan4 #SpiderManBrandNewDay #TomHolland https://www.hollywoodreporter.com/movies/movie-news/tom-holland-spider-man-brand-new-day-set-photos-1236336567/,0,https://mastodon.social/@hollywoodreporter/114967845676692757,post,#SpiderManBrandNewDay
2025-08-04T00:25:03Z,Mastodon,variety_feed,Tom Holland Shares ‘Spider-Man: Brand New Day’ Set Photos as Production Begins #Variety #News #SpiderManBrandNewDay #TomHolland https://variety.com/2025/film/news/tom-holland-spider-man-brand-new-day-set-photos-1236477549/,2,https://mastodon.social/@variety_feed/114967648892331385,post,#SpiderManBrandNewDay
2025-08-03T23:06:43Z,Mastodon,theahmedraafat.bsky.social@bsky.brid.gy,"Saw this set photo today, had to do my spin (pun intended) on it #Spiderman #SpiderManBrandNewDay",1,https://fed.brid.gy/r/https://bsky.app/profile/did:plc:hirpdyrqw4tlracgxk7z3o63/post/3lvjs7q6bwk2a,post,#SpiderManBrandNewDay
2025-08-03T18:25:21Z,Mastodon,movizark@mastodon.world,"'Spider-Man: Brand New Day' Will See the Return of Michael Mando/Scorpion!! #MichaelMando, #JacobBatalon, #JonBernthal, #LizaColonZayas, #MarkRuffalo, #Marvel, #SadieSink, #Sony, #SpiderMan4, #SpiderManBrandNewDay, #TomHolland, #Zendaya https://movizark.com/2025/08/03/spider-man-brand-new-day-will-see-the-return-of-michael-mando-scorpion/",0,https://mastodon.world/@movizark/114966234519011158,post,#SpiderManBrandNewDay
2025-08-03T18:25:12Z,Mastodon,movizark@mastodon.world,"'Spider-Man: Brand New Day': New Video Reveals the Stunning New Costume!! Check It Out!! #JacobBatalon, #JonBernthal, #LizaColonZayas, #MarkRuffalo, #Marvel, #MichaelMando, #SadieSink, #Sony, #SpiderMan4, #SpiderManBrandNewDay, #TomHolland, #Zendaya https://movizark.com/2025/08/03/spider-man-brand-new-day-new-video-reveals-the-stunning-new-costume-check-it-out/",0,https://mastodon.world/@movizark/114966233899845844,post,#SpiderManBrandNewDay
2025-08-03T18:25:05Z,Mastodon,movizark@mastodon.world,"'Spider-Man: Brand New Day' Will See the Return of Mark Ruffalo/Hulk!! #MarkRuffalo, #JacobBatalon, #JonBernthal, #LizaColonZayas, #Marvel, #SadieSink, #Sony, #SpiderMan4, #SpiderManBrandNewDay, #TomHolland, #Zendaya",0,https://mastodon.world/@movizark/114966233451813418,post,#SpiderManBrandNewDay
2025-08-03T03:38:58Z,Mastodon,TheGeekOficial,Tom Holland deve aparecer hoje no set de filmagens de 'Homem-Aranha: Um Novo Dia' em Glasgow. #SpiderManBrandNewDay,0,https://mastodon.social/@TheGeekOficial/114962749092313228,post,#SpiderManBrandNewDay
2025-08-03T02:15:51Z,Mastodon,FilmBook,SPIDER-MAN: BRAND NEW DAY (2026): Mark Ruffalo Joins Superhero Movie Re-Playing the Hulk Link: https://film-book.com/spider-man-brand-new-day-2026-mark-ruffalo-joins-superhero-movie-re-playing-the-hulk/?fsp_sid=61016 #ComicBook #DestinDanielCretton #JonBernthal #MarkRuffalo #Marvel #MichaelMando #MovieNews #Sony #SpiderManBrandNewDay,2,https://mastodon.social/@FilmBook/114962422272508822,post,#SpiderManBrandNewDay
2025-08-03T01:28:56Z,Mastodon,ArchivosDCU,"#News #MCU | Según Daniel RPK, #Kingpin no aparecerá en #SpiderManBrandNewDay Fuente: @MCUFilmNews, @DanielRPK (https://x.com/MCUFilmNews/status/1951767397968589305)",0,https://mastodon.social/@ArchivosDCU/114962237781930717,post,#SpiderManBrandNewDay
2025-08-03T01:28:52Z,Mastodon,ArchivosDCU@c.im,"#News #MCU | Según Daniel RPK, #Kingpin no aparecerá en #SpiderManBrandNewDay Fuente: @MCUFilmNews, @DanielRPK (https://x.com/MCUFilmNews/status/1951767397968589305)",0,https://c.im/@ArchivosDCU/114962237524781773,post,#SpiderManBrandNewDay
2025-08-03T00:05:00Z,Mastodon,ArchivosDCU,"#News #Rumores #MCU | Según Daniel RPK, los villanos que estarían en el set de #SpiderManBrandNewDay serían: - #Ramrod - #Tombstone - #Tarantula - #Scorpion - #Boomerang. fuente: @MCUFilmNews, @DanielRPK (https://x.com/MCUFilmNews/status/1951762820674265278).",0,https://mastodon.social/@ArchivosDCU/114961907738409214,post,#SpiderManBrandNewDay
2025-08-03T00:04:57Z,Mastodon,ArchivosDCU@c.im,"#News #Rumores #MCU | Según Daniel RPK, los villanos que estarían en el set de #SpiderManBrandNewDay serían: - #Ramrod - #Tombstone - #Tarantula - #Scorpion - #Boomerang. fuente: @MCUFilmNews, @DanielRPK (https://x.com/MCUFilmNews/status/1951762820674265278).",0,https://c.im/@ArchivosDCU/114961907528164637,post,#SpiderManBrandNewDay
2025-08-02T23:26:32Z,Mastodon,TheGeekOficial,"[RUMOR] Além do Escorpião, os vilões Lápide, Tarantula, Boomerang, e Ramrod (Cyborg) estarão em 'Homem-Aranha: Um Novo Dia'. #SpiderManBrandNewDay (Via: DanielRPK)",0,https://mastodon.social/@TheGeekOficial/114961756479228771,post,#SpiderManBrandNewDay
2025-08-02T23:15:37Z,Mastodon,TheGeekOficial,"Confira o novo uniforme do Homem-Aranha de Tom Holland em ""Homem-Aranha: Um Novo Dia"". #SpiderManBrandNewDay estreia em 30 de julho de 2026 nos cinemas.",0,https://mastodon.social/@TheGeekOficial/114961713557006812,post,#SpiderManBrandNewDay
2025-08-02T21:49:00Z,Mastodon,Peachz@masto.ai,#SpiderManBrandNewDay #SpiderMan #BrandNewDay https://youtu.be/QOdF1zK4ZkY?si=WmAod0T0UhGConN3,0,https://masto.ai/@Peachz/114961372989822956,post,#SpiderManBrandNewDay
2025-08-02T20:35:05Z,Mastodon,indiewire,Tom Holland Unveils New Spider-Man Suit for 2026’s ‘Brand New Day’ #IndieWire #GeneralNews #News #Film #JamesBond #SpiderMan #SpiderManBrandNewDay #TomHolland https://www.indiewire.com/news/general-news/tom-holland-spider-man-brand-new-day-suit-1235142598/,0,https://mastodon.social/@indiewire/114961082309810992,post,#SpiderManBrandNewDay
2025-08-02T17:02:41Z,Mastodon,dekazeta@masto.es,El nuevo traje de Spider-Man en Brand New Day: #SpiderManBrandNewDay #Movie #Pelicula #Cine,0,https://masto.es/@dekazeta/114960247102988749,post,#SpiderManBrandNewDay
2025-08-02T16:13:37Z,Mastodon,teleblog,Si preannuncia un capitolo densissimo di personaggi e azione. #spidermanbrandnewday #spiderman #tomholland #jonbernthal #michaelmando https://www.teleblog.it/437396/al-cinema/spider-man-brand-new-day-ecco-tutte-le-guest-star-dalluniverso-mcu-che-compariranno-nel-film.html,0,https://mastodon.social/@teleblog/114960054202871018,post,#SpiderManBrandNewDay
2025-08-02T15:25:04Z,Mastodon,deadline,Tom Holland Reveals Full ‘Spider-Man: Brand New Day’ Costume: “Are You Ready?” #News #SonyPictures #SpiderMan #SpiderManBrandNewDay #TomHolland https://deadline.com/2025/08/tom-holland-full-spider-man-brand-new-day-costume-1236477173/,0,https://mastodon.social/@deadline/114959863313328454,post,#SpiderManBrandNewDay
2025-08-02T14:31:43Z,Mastodon,Kraken17,"Oh https://www.youtube.com/watch?v=QbLjo_dVTks (Me mola, parece un combo de los trajes de sus predecesores) #SpiderManBrandNewDay",0,https://mastodon.social/@Kraken17/114959653486067714,post,#SpiderManBrandNewDay
2025-08-02T14:21:31Z,Mastodon,silverkey.social@bsky.brid.gy,노 웨이 홈에서 근본인 홈메이드 수트로 돌아갔으니 브랜드 뉴 데이에서 이리저리 구르면서 슈트가 망가지고 찢어지는걸 볼 수 있겠군 🥹🥹 #Spider-ManBrandNewDay,1,https://fed.brid.gy/r/https://bsky.app/profile/did:plc:cbt4hxk53fhh3e6zjeq7m46l/post/3lvgefoicgs27,post,#SpiderManBrandNewDay
2025-08-02T14:15:03Z,Mastodon,variety_feed,Tom Holland Reveals His ‘Spider-Man: Brand New Day’ Costume: ‘We Ready?’ #Variety #News #SpiderManBrandNewDay #TomHolland https://variety.com/2025/film/news/spider-man-brand-new-day-tom-holland-costume-1236476920/,0,https://mastodon.social/@variety_feed/114959587953794200,post,#SpiderManBrandNewDay
2025-08-02T13:23:29Z,Mastodon,ArchivosDCU@c.im,#News | Primer vistazo a Tom Holland con el traje de Spider-man en '#SpiderManBrandNewDay !!! Super bomba!!!!,0,https://c.im/@ArchivosDCU/114959385227387096,post,#SpiderManBrandNewDay
2025-08-02T13:22:56Z,Mastodon,ArchivosDCU,#News | Primer vistazo a Tom Holland con el traje de Spider-man en '#SpiderManBrandNewDay !!! Super bomba!!!!,0,https://mastodon.social/@ArchivosDCU/114959383058462411,post,#SpiderManBrandNewDay
2025-08-02T13:07:14Z,Mastodon,movizark@mastodon.world,"'Spider-Man: Brand New Day': New Video Teases Tom Holland's New Suit as Filming Begins!! Check It Out!! #JacobBatalon, #JonBernthal, #LizaColonZayas, #Marvel, #SadieSink, #Sony, #SpiderMan4, #SpiderManBrandNewDay, #TomHolland, #Zendaya https://movizark.com/2025/08/02/spider-man-brand-new-day-new-video-teases-tom-hollands-new-suit-as-filming-begins-check-it-out/",0,https://mastodon.world/@movizark/114959321323441755,post,#SpiderManBrandNewDay
2025-08-02T01:21:03Z,Mastodon,ArchivosDCU@c.im,#News | Video filtrado del set de #SpiderManbrandNewDay.,0,https://c.im/@ArchivosDCU/114956544466771309,post,#SpiderManBrandNewDay
2025-08-02T01:20:46Z,Mastodon,ArchivosDCU,#News | Video filtrado del set de #SpiderManbrandNewDay.,0,https://mastodon.social/@ArchivosDCU/114956543387302062,post,#SpiderManBrandNewDay
2025-08-02T01:20:07Z,Mastodon,ArchivosDCU@c.im,"#News | Comienza el rodaje de #SpiderManBRandNewDay: - Filtran video e imagen de un vehículo con un emblema ""Inner Demons"" relacionado directamente al Sr. Negativo. - Confirman oficialmente a #Punisher #scorpion y a #Hulk en la película por parte de #TheHollywoodreporter. Fuente: @MCUFilmNews, @Arach_07 (https://x.com/MCUFilmNews/status/1951252969124450664?t=ON749TRKxUsqHoVXVSg9SQ&s=19) @thr (https://www.hollywoodreporter.com/movies/movie-news/spider-man-brand-new-day-mark-ruffalo-1236232140/)",0,https://c.im/@ArchivosDCU/114956540813382361,post,#SpiderManBrandNewDay
2025-08-02T01:20:05Z,Mastodon,ArchivosDCU,"#News | Comienza el rodaje de #SpiderManBRandNewDay: - Filtran video e imagen de un vehículo con un emblema ""Inner Demons"" relacionado directamente al Sr. Negativo. - Confirman oficialmente a #Punisher #scorpion y a #Hulk en la película por parte de #TheHollywoodreporter. Fuente: @MCUFilmNews, @Arach_07 (https://x.com/MCUFilmNews/status/1951252969124450664?t=ON749TRKxUsqHoVXVSg9SQ&s=19) @thr (https://www.hollywoodreporter.com/movies/movie-news/spider-man-brand-new-day-mark-ruffalo-1236232140/)",0,https://mastodon.social/@ArchivosDCU/114956540700007692,post,#SpiderManBrandNewDay
2025-08-02T00:48:53Z,Mastodon,gustavo_rebollar_angel@tkz.one,No solo #Punisher estará presente en la película #SpiderManBrandNewDay sino también al increíble #Hulk y el villano #Scorpion. Entérate de todos los detalles :3. https://universo-nintendo.com.mx/2025/08/01/spider-man-brand-new-day-hulk-scorpion/,1,https://tkz.one/@gustavo_rebollar_angel/114956418009482844,post,#SpiderManBrandNewDay
2025-08-01T23:45:03Z,Mastodon,deadline,Mark Ruffalo In Talks For To Join ‘Spider-Man: Brand New Day’ Reprising Incredible Hulk Role #Casting #MarkRuffalo #SpiderManBrandNewDay #TheIncredibleHulk https://deadline.com/2025/08/mark-ruffalo-spider-man-brand-new-day-incredible-hulk-1236476885/,0,https://mastodon.social/@deadline/114956167012197578,post,#SpiderManBrandNewDay
2025-08-01T23:34:06Z,Mastodon,TheGeekOficial,Homem-Aranha terá confrontos com Hulk e Justiceiro no próximo filme #SpiderManBrandNewDay https://oficialthegeek.wordpress.com/2025/08/01/homem-aranha-tera-confrontos-com-hulk-e-justiceiro-no-proximo-filme/,0,https://mastodon.social/@TheGeekOficial/114956123902827273,post,#SpiderManBrandNewDay
2025-08-01T22:55:11Z,Mastodon,variety_feed,Mark Ruffalo Circling Hulk Return in ‘Spider-Man: Brand New Day’ #Variety #News #MarkRuffalo #Spiderman4 #SpiderManBrandNewDay https://variety.com/2025/film/news/mark-ruffalo-hulk-spider-man-brand-new-day-1236477030/,0,https://mastodon.social/@variety_feed/114955970926730412,post,#SpiderManBrandNewDay
2025-08-01T22:54:21Z,Mastodon,variety.com@web.brid.gy,Mark Ruffalo Circling Hulk Return in ‘Spider-Man: Brand New Day’ https://fed.brid.gy/r/https://variety.com/2025/film/news/mark-ruffalo-hulk-spider-man-brand-new-day-1236477030/,0,https://fed.brid.gy/r/https://variety.com/2025/film/news/mark-ruffalo-hulk-spider-man-brand-new-day-1236477030/,post,#SpiderManBrandNewDay
2025-08-01T22:49:16Z,Mastodon,theomenmedia,Get a sneak peek at Tom Holland’s bold new Spider-Man suit in the Brand New Day teaser! This classic-inspired design has us hyped for 2026. Get a glimpse of it right here: https://www.theomenmedia.com/post/spider-man-brand-new-day-s-suit-reveal-clip-teases-a-bold-new-look-for-tom-holland Support The Omen Media for free by watching our advertiser’s video: https://bit.ly/SupportTheOmenMedia #SpiderManBrandNewDay #TomHolland #MCUNews #SpiderMan4 #MarvelMovies #SpiderMan #NewSuitReveal #MarvelCinematicUniverse #PeterParker #SuperheroFilms,0,https://mastodon.social/@theomenmedia/114955947645732098,post,#SpiderManBrandNewDay
2025-08-01T20:55:11Z,Mastodon,hollywoodreporter,Mark Ruffalo Returning as the Hulk for ‘Spider-Man 4’ #MovieNews #Movies #MarkRuffalo #SpiderManBrandNewDay https://www.hollywoodreporter.com/movies/movie-news/spider-man-brand-new-day-mark-ruffalo-1236232140/,2,https://mastodon.social/@hollywoodreporter/114955499030449430,post,#SpiderManBrandNewDay
2025-08-01T19:20:07Z,Mastodon,variety_feed,"Tom Holland Says Bond Is the ‘Pinnacle’ for ‘Every British Actor’ Amid 007 Rumors, Calls Acting Breaks Important: ‘I’ll Probably Take a Bit More Time Off in 2027’ #Variety #News #JamesBond #SpiderManBrandNewDay #TheOdyssey #TomHolland https://variety.com/2025/film/news/tom-holland-james-bond-acting-breaks-1236476447/",0,https://mastodon.social/@variety_feed/114955125196082517,post,#SpiderManBrandNewDay
2025-08-01T16:25:11Z,Mastodon,deadline,Tom Holland’s ‘Spider-Man: Brand New Day’ Costume Gets Teaser: “Something Brand New Is Coming” #News #Marvel #MarvelEntertainment #SonyPicturesEntertainment #SpiderMan #SpiderManBrandNewDay #TomHolland https://deadline.com/2025/08/tom-holland-spider-man-brand-new-day-costume-teaser-1236476496/,0,https://mastodon.social/@deadline/114954437356731997,post,#SpiderManBrandNewDay
2025-08-01T14:49:19Z,Mastodon,phantastiknews,YouTube Tipp ▶️ #SpiderMan Brand New Day #NEWSUIT OFFICIALLY Revealed #spiderman4 #spidermanbrandnewday https://youtu.be/EQ32ZrAjfa0?si=04VFpN7KkmmaflMH,0,https://mastodon.social/@phantastiknews/114954060404719068,post,#SpiderManBrandNewDay
2025-08-01T13:15:11Z,Mastodon,variety_feed,‘Spider-Man: Brand New Day’ Teases Tom Holland’s New Costume: ‘Something Brand New Is Coming’ #Variety #News #SpiderManBrandNewDay #TomHolland https://variety.com/2025/film/news/spider-man-brand-new-day-tom-holland-costume-spider-man-4-1236476073/,0,https://mastodon.social/@variety_feed/114953690276057134,post,#SpiderManBrandNewDay
2025-07-21T17:09:43Z,Mastodon,movizark@mastodon.world,"'Spider-Man: Brand New Day': Kevin Feige Teases Story & Punisher’s Role in the Sequel!! #JacobBatalon, #JonBernthal, #LizaColonZayas, #Marvel, #SadieSink, #Sony, #SpiderMan4, #SpiderManBrandNewDay, #TomHolland, #Zendaya https://movizark.com/2025/07/21/spider-man-brand-new-day-kevin-feige-teases-story-punishers-role-in-the-sequel/",0,https://mastodon.world/@movizark/114892327031270043,post,#SpiderManBrandNewDay
2025-07-15T01:35:04Z,Mastodon,deadline,Tom Holland Teases ‘Spider-Man: Brand New Day’ Will Be A “Breath Of Fresh Air” As It Will Lean Into “Old-School” Moviemaking #News #KevinFeige #MarvelStudios #MCU #SpiderMan #SpiderManBrandNewDay #TomHolland https://deadline.com/2025/07/tom-holland-spider-man-brand-new-day-old-school-1236457362/,0,https://mastodon.social/@deadline/114854677991142847,post,#SpiderManBrandNewDay
2025-07-14T17:40:07Z,Mastodon,variety_feed,Tom Holland Says ‘Spider-Man: Brand New Day’ Will Go Back to ‘Old School Filmmaking and Shoot in Real Locations’ After COVID Restricted ‘No Way Home’ to Soundstages #Variety #News #MarvelStudios #SpiderManBrandNewDay #TomHolland https://variety.com/2025/film/news/tom-holland-spider-man-brand-new-day-filming-real-locations-1236459474/,0,https://mastodon.social/@variety_feed/114852810447997006,post,#SpiderManBrandNewDay
2025-07-04T04:03:54Z,Mastodon,theomenmedia,"Unpack Spider-Man: Brand New Day’s official synopsis with our breakdown! New villains, allies, and Peter Parker’s next adventure await. Dive in right here: https://www.theomenmedia.com/post/spider-man-brand-new-day-official-synopsis-breakdown-analysis-peter-parker-s-next-adventure Support The Omen Media for free by watching our advertiser’s video: https://bit.ly/SupportTheOmenMedia #SpiderManBrandNewDay #MCU #TomHolland #MarvelPhase6 #SpiderMan4 #SpiderMan #MarvelComics #PeterParker #Zendaya #DestinCretton #NoWayHome #SecretWars #MisterNegative #Punisher #BrandNewDay",0,https://mastodon.social/@theomenmedia/114792977800799492,post,#SpiderManBrandNewDay
